customer_id,name,age,state,signup_date,email,phone_number,subscribe,customer_tenture_days,gender_Male,transaction_count,total_spent,avg_transaction_value,total_quantity,avg_discount,unique_products,last_transaction_date
CUST0001,Gandi,26,Sulawesi Utara,2025-05-05,gandi_96@example.com,8422757160,0,141,True,1,144000,144000.0,1,0.0,1,2025-06-07
CUST0002,Cecep,49,Aceh,2025-06-02,cecep467@example.com,88171122035,0,113,True,7,24371000,3481571.43,71,25.71,7,2025-08-10
CUST0003,Artawan,26,Jambi,2025-02-11,wahyuninovi@example.net,8692932468,1,224,True,9,73517000,8168555.56,242,23.89,9,2025-08-21
CUST0004,Mulya,61,Nusa Tenggara Timur,2025-02-19,nnapitupulu@example.com,8515735210,1,216,True,10,76439000,7643900.0,243,22.1,10,2025-09-02
CUST0005,Taufik,43,Kepulauan Riau,2025-08-04,taufik_87@example.com,81034538051,1,50,True,13,112482000,8652461.54,340,21.31,13,2025-09-23
CUST0006,Genta,20,Kalimantan Timur,2025-06-04,puyainah@example.com,818757946920,1,111,False,10,83302000,8330200.0,258,23.2,10,2025-08-24
CUST0007,Dimas,18,Sumatera Barat,2024-11-14,224dimas@example.com,8189638436,0,313,True,7,20200000,2885714.29,96,29.57,7,2025-04-06
CUST0008,Nilam,26,Jawa Timur,2025-05-22,tariandriani@example.org,8649564474,1,124,False,5,36092000,7218400.0,117,10.6,5,2025-07-20
CUST0009,Emas,29,Nusa Tenggara Timur,2023-11-30,emas288@example.com,8712019987,1,663,True,3,11224000,3741333.33,44,32.0,3,2025-01-25
CUST0010,Kani,64,Kalimantan Utara,2025-03-05,asmiantosimbolon@example.org,8691418746,1,202,False,8,57993000,7249125.0,213,19.12,8,2025-07-26
CUST0011,Putri,62,Kepulauan Riau,2025-01-15,jailanidarsirah@example.org,811765466,1,251,False,9,64782000,7198000.0,209,19.78,9,2025-08-31
CUST0012,Raditya,45,Jawa Timur,2024-03-14,raditya_90@example.com,82220924900,1,558,True,13,115506000,8885076.92,340,19.46,13,2025-09-12
CUST0013,Olivia,21,DKI Jakarta,2025-04-29,olivia35@example.com,88842000527,1,147,False,12,62845000,5237083.33,218,19.5,12,2025-09-16
CUST0014,Asmianto,35,Sulawesi Tengah,2024-08-24,raharja94@example.net,830056278,1,395,True,9,50320000,5591111.11,208,29.67,9,2025-05-02
CUST0015,Karya,45,Kalimantan Tengah,2024-05-16,prasastafebi@example.net,883184813718,1,495,True,10,67850000,6785000.0,243,25.9,10,2025-08-22
CUST0016,Enteng,18,Kalimantan Tengah,2025-05-26,enteng782@example.com,819222439412,1,120,True,12,89583000,7465250.0,329,24.92,12,2025-09-23
CUST0017,Belinda,27,Sulawesi Utara,2024-12-15,belinda_94@example.com,87789167795,1,282,False,12,126496000,10541333.33,301,22.08,12,2025-09-09
CUST0018,Kania,54,Jawa Tengah,2023-12-20,rusman50@example.org,82570741299,1,643,False,3,16998000,5666000.0,86,34.33,3,2025-02-24
CUST0019,Wirda,50,Kalimantan Timur,2024-12-15,wirda_21@example.com,8167366035,1,282,False,2,25130000,12565000.0,59,32.5,2,2025-01-17
CUST0020,Ajimin,42,Bengkulu,2024-10-09,ajimin354@example.com,857252618973,1,349,True,10,127309000,12730900.0,284,17.5,10,2025-07-20
CUST0514,Adinata,60,Aceh,2023-12-11,bgunawan@example.net,8287301073,1,652,True,15,102640000,6842666.67,388,24.47,15,2025-03-13
CUST0021,Irfan,59,Jawa Timur,2025-09-23,irfan560@example.com,89030985121,1,0,True,9,74176000,8241777.78,243,15.67,9,2025-09-24
CUST0022,Laras,25,Gorontalo,2025-07-04,laras202@example.com,876149291,0,81,False,5,7172000,1434400.0,59,21.2,5,2025-09-22
CUST0023,Drajat,63,Bengkulu,2023-11-08,586drajat@example.com,869239705010,1,685,True,14,91080000,6505714.29,369,28.14,14,2025-03-12
CUST0024,Halima,49,Sumatera Selatan,2024-05-28,vfirmansyah@example.com,8428991937,1,483,False,7,44203000,6314714.29,185,18.57,7,2024-12-15
CUST0025,Gina,25,Sulawesi Tenggara,2024-12-29,kayla05@example.com,875066923,1,268,False,3,18567000,6189000.0,59,33.0,3,2025-03-03
CUST0026,Teddy,23,Bengkulu,2024-12-07,hsihotang@example.net,801317419,1,290,True,1,11440000,11440000.0,40,13.0,1,2025-01-17
CUST0027,Elisa,21,Sumatera Barat,2024-06-04,933elisa@example.com,888243008034,1,476,False,2,7987000,3993500.0,30,19.5,2,2025-03-17
CUST0028,Septi,43,Bali,2024-11-14,septi362@example.com,856469458258,0,313,False,3,6021200,2007066.67,23,11.33,3,2025-09-11
CUST0029,Kiandra,52,Jawa Barat,2024-02-28,hutapeadaryani@example.org,84150799109,1,573,False,10,74736000,7473600.0,261,21.2,10,2025-09-07
CUST0030,Hamima,61,Kalimantan Barat,2024-09-16,ibrahimhartati@example.org,89959402600,1,372,False,4,48713000,12178250.0,122,34.0,4,2024-12-29
CUST0031,Salimah,60,Kalimantan Barat,2025-04-10,rafid56@example.org,8186096425,0,166,False,15,38893000,2592866.67,158,23.4,15,2025-09-21
CUST0032,Iriana,40,Riau,2025-02-10,cagakkusumo@example.org,826260451,1,225,False,14,118078000,8434142.86,346,28.29,14,2025-07-14
CUST0033,Raden,47,Kalimantan Selatan,2023-11-16,raden_6@example.com,8448856016,1,677,True,9,65537000,7281888.89,285,20.89,9,2025-03-24
CUST0034,Ani,39,Kalimantan Barat,2025-08-08,ani_50@example.com,839710740771,0,46,False,3,6883500,2294500.0,38,15.67,3,2025-09-22
CUST0035,Yessi,21,Gorontalo,2024-04-25,cawuk46@example.net,81027769908,0,516,False,9,26362000,2929111.11,124,24.11,9,2025-04-20
CUST0036,Amelia,28,Sulawesi Tenggara,2025-06-13,phutapea@example.net,851504518,1,102,False,8,62905000,7863125.0,224,14.62,8,2025-09-14
CUST0037,Dewi,60,Kepulauan Riau,2024-01-15,578dewi@example.com,803009617084,1,617,False,3,33880000,11293333.33,100,19.67,3,2025-06-29
CUST0038,Ganep,27,unknown,2024-04-02,uwaishimawan@example.org,800743640,1,539,True,1,4075000,4075000.0,25,30.0,1,2024-11-15
CUST0039,Kawaya,22,Sumatera Barat,2025-05-07,kawaya429@example.com,89967696232,1,139,True,13,94213000,7247153.85,351,22.31,13,2025-09-05
CUST0040,Bahuwarna,56,Kalimantan Timur,2024-05-20,wriyanti@example.com,883953990,0,491,True,2,8198000,4099000.0,23,20.5,2,2024-11-23
CUST0041,Zulfa,49,Kepulauan Riau,2025-04-28,kemba06@example.org,895039630,1,148,False,8,58253000,7281625.0,176,22.62,8,2025-09-06
CUST0042,Daryani,39,Sulawesi Utara,2024-12-15,pudjiastutiprayoga@example.org,88017553925,0,282,True,7,28433000,4061857.14,120,14.14,7,2025-09-10
CUST0043,Azalea,21,Bengkulu,2024-12-18,azalea436@example.com,8017750425,1,279,False,10,96032000,9603200.0,266,25.0,10,2025-08-31
CUST0044,Yunita,54,Aceh,2024-02-08,siregarbella@example.com,8561409632,0,593,False,8,24058000,3007250.0,103,17.38,8,2025-06-05
CUST0045,Harto,60,Nusa Tenggara Barat,2023-11-19,harto401@example.com,815095803,0,674,True,4,15988000,3997000.0,48,15.5,4,2025-04-13
CUST0046,Mila,21,Lampung,2024-01-30,jefri95@example.org,830530604317,1,602,False,2,20464000,10232000.0,53,20.0,2,2025-03-05
CUST0047,Clara,18,Sumatera Utara,2023-10-05,338clara@example.com,8728218646,1,719,False,7,64674000,9239142.86,194,22.0,7,2025-04-04
CUST0048,Kawaya,22,Kalimantan Utara,2024-10-10,rahayugarang@example.org,83240371591,0,348,True,3,11067000,3689000.0,26,15.0,3,2025-02-10
CUST0049,Zelaya,50,Bali,2024-05-18,zelaya_91@example.com,8868171210,0,493,False,13,44830000,3448461.54,193,18.77,13,2025-09-02
CUST0050,Azalea,21,Sumatera Barat,2024-04-10,nardipermata@example.com,815333503759,1,531,False,4,56366000,14091500.0,119,30.25,4,2025-05-13
CUST0051,Laras,55,Jawa Timur,2024-07-03,silvia38@example.net,8158732552,0,447,False,11,23989700,2180881.82,121,22.27,11,2025-09-16
CUST0052,Baktiono,62,Lampung,2025-05-10,12baktiono@example.com,828457211,0,136,True,13,45036000,3464307.69,178,12.85,13,2025-09-24
CUST0053,Gading,19,Kalimantan Utara,2025-08-31,gading626@example.com,8337068115,0,23,True,7,21385000,3055000.0,63,23.86,7,2025-09-23
CUST0054,Shania,65,Kepulauan Bangka Belitung,2024-06-27,xhartati@example.net,876368513,1,453,False,7,56801000,8114428.57,189,19.57,7,2025-05-05
CUST0055,Ajeng,47,Papua Barat,2024-02-23,lilisusanti@example.org,824638791959,0,578,False,7,20645000,2949285.71,95,29.57,7,2025-03-14
CUST0056,Emong,39,Bali,2025-06-28,emong132@example.com,8896929596,1,87,True,6,32172000,5362000.0,139,19.17,6,2025-08-11
CUST0057,Panca,42,Sumatera Utara,2024-05-23,panca67@example.com,855347885,1,488,True,8,91031000,11378875.0,209,22.75,8,2025-05-28
CUST0058,Yunita,65,Sulawesi Barat,2024-01-29,yunita_84@example.com,82173919096,1,603,False,13,106402000,8184769.23,285,26.54,13,2025-09-16
CUST0059,Eko,42,Sulawesi Selatan,2025-07-07,teddy33@example.net,82140921512,1,78,True,7,70175000,10025000.0,211,16.29,7,2025-09-15
CUST0060,Devi,63,Kepulauan Bangka Belitung,2024-05-29,wakiman15@example.org,816841884897,0,482,False,7,43121000,6160142.86,111,20.43,7,2025-07-04
CUST0061,Siska,29,Sumatera Utara,2025-04-28,siska_1@example.com,861273194,0,148,False,1,3552000,3552000.0,8,29.0,1,2025-08-30
CUST0062,Siti,53,Banten,2025-02-07,206siti@example.com,809986352,1,228,False,15,118795000,7919666.67,375,19.27,15,2025-07-26
CUST0063,Muni,23,Jawa Timur,2025-04-25,eprabowo@example.org,8136636469,1,151,True,10,92758000,9275800.0,257,20.2,10,2025-09-19
CUST0064,Diah,36,Nusa Tenggara Barat,2024-09-15,592diah@example.com,8743750197,1,373,False,9,95486000,10609555.56,227,21.0,9,2025-08-09
CUST0065,Perkasa,26,Kalimantan Timur,2025-01-03,estionoprasetya@example.org,8243403277,0,263,True,13,35908000,2762153.85,168,29.54,13,2025-09-04
CUST0066,Victoria,30,Banten,2025-06-07,saragihdacin@example.org,83711225862,1,108,False,1,4240000,4240000.0,20,6.0,1,2025-06-17
CUST0067,Anita,49,DKI Jakarta,2024-10-07,anita787@example.com,88953352346,0,351,False,12,37572000,3131000.0,135,29.75,12,2025-04-15
CUST0068,Ade,28,Papua,2024-04-01,maryatisuci@example.org,870339210,1,540,True,5,51460000,10292000.0,139,22.0,5,2025-09-12
CUST0069,Ratna,40,Papua Barat,2024-03-13,447ratna@example.com,81610611457,1,559,False,6,31478000,5246333.33,161,25.17,6,2025-02-02
CUST0070,Tari,20,Kalimantan Tengah,2024-10-16,tari_19@example.com,866257998,1,342,False,5,18820000,3764000.0,98,22.8,5,2025-03-26
CUST0071,Faizah,60,unknown,2024-12-09,hwidiastuti@example.com,898502533,1,288,False,15,132633000,8842200.0,445,19.87,15,2025-09-23
CUST0679,Jayadi,46,Kepulauan Bangka Belitung,2025-09-20,998jayadi@example.com,84642406422,0,3,True,21,70762000,3369619.05,307,22.38,21,2025-09-24
CUST0072,Bagus,59,Papua Barat,2024-08-29,dmahendra@example.com,810909634929,0,390,True,15,52490000,3499333.33,183,31.67,15,2025-09-16
CUST0073,Ajeng,58,Sumatera Barat,2024-10-31,uandriani@example.com,812382618,1,327,False,15,116547000,7769800.0,383,24.87,15,2025-09-02
CUST0074,Gawati,28,Banten,2025-08-07,gawati485@example.com,83172254204,1,47,False,11,89195000,8108636.36,303,24.09,11,2025-09-16
CUST0075,Salman,45,Papua Barat,2024-11-17,salman705@example.com,896248430344,0,310,True,10,45410000,4541000.0,130,29.7,10,2025-07-11
CUST0076,Novi,41,unknown,2024-06-21,eka06@example.com,825670214,1,459,False,9,57672000,6408000.0,233,16.0,9,2025-07-28
CUST0077,Najib,42,Maluku Utara,2025-04-29,najib_62@example.com,839771409193,0,147,True,1,3630000,3630000.0,10,24.0,1,2025-05-27
CUST0078,Jail,62,Kalimantan Timur,2025-02-06,jail373@example.com,868806727,1,229,True,3,17384000,5794666.67,78,33.33,3,2025-04-08
CUST0079,Salman,56,Papua,2024-11-14,nardiprastuti@example.org,889263587182,1,313,True,10,61324000,6132400.0,307,18.9,10,2025-09-08
CUST0080,Zelaya,61,Jawa Barat,2025-04-16,pmulyani@example.com,879430310,0,160,False,11,49240000,4476363.64,157,21.73,11,2025-09-18
CUST0081,Kiandra,18,Kalimantan Utara,2024-04-23,kiandra323@example.com,892051889,1,518,False,5,47022000,9404400.0,130,26.0,5,2025-05-30
CUST0082,Pangeran,47,Sulawesi Tengah,2024-04-27,uwaistina@example.com,854442638,1,514,True,1,13932000,13932000.0,36,16.0,1,2025-02-24
CUST0083,Waluyo,22,Sumatera Selatan,2024-04-21,423waluyo@example.com,8163175135,1,520,True,7,34695000,4956428.57,146,25.43,7,2025-01-31
CUST0084,Cemeti,43,unknown,2024-06-10,cemani42@example.org,82769374044,1,470,True,10,86997000,8699700.0,273,20.1,10,2025-07-18
CUST0085,Diana,23,unknown,2025-01-23,diana214@example.com,8261158450,1,243,False,9,48276000,5364000.0,197,19.44,9,2025-06-16
CUST0086,Lintang,21,Riau,2025-04-20,gsuryatmi@example.com,87875175545,1,156,False,14,116073000,8290928.57,368,24.64,14,2025-09-17
CUST0087,Ophelia,29,Sumatera Barat,2025-09-01,nyoman41@example.org,87576535147,0,22,False,11,22670000,2060909.09,142,21.64,11,2025-09-23
CUST0088,Sabar,60,Papua,2023-10-23,jaisfarida@example.com,87828228770,0,701,True,3,13610000,4536666.67,37,30.67,3,2025-03-08
CUST0089,Lintang,45,Jawa Tengah,2023-09-28,cwijayanti@example.org,88304909643,0,726,False,4,11455000,2863750.0,55,19.75,4,2025-08-08
CUST0090,Ade,22,Sumatera Selatan,2025-03-07,paimanthamrin@example.com,8645712253,0,200,False,3,12661000,4220333.33,33,20.33,3,2025-04-30
CUST0091,Gadang,48,unknown,2024-01-02,gadang_44@example.com,83406335553,0,630,True,3,6772000,2257333.33,37,36.33,3,2025-03-24
CUST0092,Uli,39,Sulawesi Utara,2025-02-21,ilsauwais@example.com,85301687145,1,214,False,14,159719000,11408500.0,339,25.71,14,2025-09-16
CUST0093,Syahrini,34,unknown,2024-07-14,hariputra@example.com,87412241378,1,436,False,14,131607000,9400500.0,395,20.36,14,2025-06-11
CUST0094,Respati,26,Kalimantan Utara,2023-10-06,aryanimartani@example.net,8432024958,0,718,True,9,24115000,2679444.44,84,25.56,9,2025-05-17
CUST0095,Kayun,36,Kalimantan Timur,2024-08-18,whastuti@example.org,869104458,1,401,True,4,34648000,8662000.0,122,18.25,4,2025-04-05
CUST0096,Kamila,42,Nusa Tenggara Barat,2024-08-09,kamila440@example.com,8886490325,0,410,False,10,44725500,4472550.0,167,22.4,10,2025-03-22
CUST0097,Hasna,57,Kalimantan Barat,2024-04-13,hasna_36@example.com,8523325335,0,528,False,15,49285000,3285666.67,166,31.93,15,2025-09-16
CUST0098,Darmana,20,Lampung,2024-07-13,janewibowo@example.net,87578356078,1,437,True,1,2040000,2040000.0,20,32.0,1,2024-10-05
CUST0099,Nardi,46,Papua Barat,2024-05-09,564nardi@example.com,842270801734,1,502,True,1,5239000,5239000.0,31,1.0,1,2025-04-22
CUST0100,Gangsar,33,Maluku Utara,2024-10-18,mahendraviman@example.org,83883350165,1,340,True,7,55845000,7977857.14,164,29.14,7,2025-02-24
CUST0101,Unjani,44,Bengkulu,2024-08-25,pangestu31@example.com,858832347094,0,394,False,8,23204000,2900500.0,99,18.75,8,2025-08-27
CUST0102,Darmana,34,Sumatera Utara,2024-10-06,keneskurniawan@example.com,8731410728,1,352,True,2,16976000,8488000.0,63,5.5,2,2024-12-26
CUST0522,Lurhur,34,Papua,2024-08-14,andrianidimas@example.org,8739118659,1,405,True,17,120301000,7076529.41,389,17.94,17,2025-03-22
CUST0103,Eva,33,Riau,2024-08-12,106eva@example.com,841163644257,0,407,False,5,15903000,3180600.0,84,18.8,5,2025-06-14
CUST0104,Cinta,29,Sulawesi Selatan,2025-09-19,labuh06@example.net,80353584528,1,4,False,14,94374000,6741000.0,349,15.79,14,2025-09-24
CUST0105,Nabila,39,Sulawesi Utara,2025-06-05,agus50@example.org,836201825,1,110,False,10,100800000,10080000.0,239,22.3,10,2025-09-23
CUST0412,Tira,65,Riau,2024-12-22,tira_61@example.com,840843370,0,275,False,23,66764000,2902782.61,266,20.35,23,2025-09-17
CUST0106,Febi,52,Sumatera Utara,2025-08-10,febi307@example.com,85506901946,0,44,False,2,4352000,2176000.0,27,35.5,2,2025-09-02
CUST0107,Xanana,35,Sulawesi Selatan,2024-04-27,xanana906@example.com,8836361564,1,514,True,6,34111000,5685166.67,145,25.17,6,2025-01-16
CUST0108,Laila,23,Papua Barat,2025-01-15,laila_12@example.com,870295902,1,251,False,6,61282000,10213666.67,185,22.33,6,2025-03-17
CUST0109,Elisa,20,Riau,2025-08-18,emaskuswandari@example.com,826103819,0,36,False,8,36763000,4595375.0,121,18.25,8,2025-09-20
CUST0110,Amelia,22,Jambi,2025-01-26,vanesamaulana@example.org,877164551,1,240,False,1,3280000,3280000.0,16,27.0,1,2025-05-28
CUST0111,Zaenab,21,Kalimantan Barat,2024-05-22,dongoranelvina@example.com,847282814730,1,489,False,15,90937000,6062466.67,340,22.13,15,2025-04-20
CUST0112,Hana,26,Kepulauan Bangka Belitung,2024-05-27,hana71@example.com,830340547,0,484,False,8,30220000,3777500.0,115,25.0,8,2025-08-23
CUST0113,Luis,44,Jawa Timur,2025-02-02,luis_78@example.com,807226070,1,233,True,5,30949000,6189800.0,148,27.0,5,2025-09-11
CUST0114,Bakijan,46,Kalimantan Selatan,2025-03-19,bakijan716@example.com,811045815,1,188,True,8,49518000,6189750.0,183,29.5,8,2025-09-12
CUST0115,Febi,60,unknown,2023-12-18,853febi@example.com,834936269296,1,645,False,3,25601000,8533666.67,68,25.67,3,2025-02-05
CUST0116,Safina,37,Kalimantan Barat,2023-12-19,eli60@example.net,836530994,1,644,False,3,20796000,6932000.0,91,25.67,3,2025-02-21
CUST0117,Heru,46,Nusa Tenggara Timur,2025-03-01,heru_59@example.com,8442400531,0,206,True,8,48529000,6066125.0,138,25.25,8,2025-05-08
CUST0137,Faizah,58,Sulawesi Tenggara,2025-02-15,faizah137@example.com,824030244596,1,220,False,17,150870000,8874705.88,469,24.41,17,2025-07-31
CUST0118,Wisnu,39,Papua,2025-08-30,susantiokto@example.org,888016519033,1,24,True,5,41547000,8309400.0,138,26.4,5,2025-09-24
CUST0119,Usyi,29,Sulawesi Selatan,2024-06-03,winarnoharsaya@example.com,82820682864,0,477,False,15,60757000,4050466.67,229,20.47,15,2025-03-28
CUST0120,Indah,46,Nusa Tenggara Timur,2025-04-05,pangestumaida@example.org,86760383725,1,171,False,15,154038000,10269200.0,435,25.4,15,2025-09-20
CUST0121,Rachel,43,Sulawesi Utara,2024-08-13,fkuswoyo@example.com,85694551033,1,406,False,13,94786000,7291230.77,340,22.85,13,2025-06-10
CUST0122,Putri,21,Kalimantan Barat,2024-09-10,mustofakamal@example.com,877723734,1,378,False,15,101464000,6764266.67,381,28.07,15,2025-07-08
CUST0123,Budi,25,Kalimantan Timur,2024-07-30,daniswarafujiati@example.org,80867052945,0,420,True,13,39623000,3047923.08,194,23.31,13,2025-09-15
CUST0124,Hana,46,Kalimantan Selatan,2024-02-25,wibisonokayun@example.org,812329994722,1,576,False,1,3780000,3780000.0,27,39.0,1,2025-01-16
CUST0125,Dian,51,Lampung,2023-11-25,855dian@example.com,83875282295,1,668,False,6,62999000,10499833.33,167,27.67,6,2025-04-05
CUST0126,Lili,36,Sulawesi Tenggara,2024-11-30,71lili@example.com,8056814408,1,297,False,12,122087000,10173916.67,297,16.5,12,2025-05-27
CUST0127,Pandu,33,Jawa Tengah,2025-06-24,edi47@example.net,8077055295,1,91,True,14,116061000,8290071.43,410,20.79,14,2025-09-18
CUST0128,Restu,42,Sulawesi Selatan,2023-12-19,uwaisjail@example.net,84987516839,1,644,False,15,126511000,8434066.67,410,23.73,15,2025-05-25
CUST0129,Nardi,24,Kepulauan Riau,2025-03-23,salahudinupik@example.net,87254525827,1,184,True,7,44822000,6403142.86,187,22.43,7,2025-09-15
CUST0130,Paulin,21,unknown,2024-10-22,osimanjuntak@example.com,87062587103,1,336,False,10,129103000,12910300.0,297,20.5,10,2025-05-21
CUST0131,Warsa,28,Jawa Barat,2024-03-14,warsa_48@example.com,868764954,0,558,True,1,2550000,2550000.0,15,18.0,1,2024-11-14
CUST0132,Fitria,37,Sumatera Selatan,2024-03-01,endra63@example.org,873119408752,0,571,False,3,7086000,2362000.0,47,18.67,3,2025-06-29
CUST0133,Kayla,27,Kalimantan Barat,2024-03-28,winarsihkarimah@example.net,85520127461,1,544,False,5,38469000,7693800.0,129,44.2,5,2025-07-13
CUST0134,Hasna,35,Maluku Utara,2024-03-01,pangestumahmud@example.com,89859502185,1,571,False,8,62217000,7777125.0,217,28.75,8,2025-03-01
CUST0135,Eluh,33,Jawa Timur,2025-07-10,faizahgunawan@example.com,8445380044,0,75,True,14,56282200,4020157.14,217,26.14,14,2025-09-20
CUST0136,Anggabaya,42,Gorontalo,2025-03-21,ekopuspasari@example.net,814729402780,1,186,True,8,57544000,7193000.0,207,29.62,8,2025-09-03
CUST0138,Wulan,45,unknown,2025-07-16,wulan_37@example.com,81397393326,0,69,False,3,6014000,2004666.67,29,16.67,3,2025-08-18
CUST0139,Ilyas,47,Kepulauan Bangka Belitung,2024-11-05,namagaanastasia@example.net,8489315431,1,322,True,6,47033000,7838833.33,136,22.0,6,2025-07-21
CUST0140,Bambang,63,Sumatera Utara,2025-03-30,rahmi71@example.org,806004381324,0,177,True,13,32496000,2499692.31,138,24.15,13,2025-09-05
CUST0141,Hasna,35,Jambi,2024-07-12,hasna_96@example.com,808350211395,1,438,False,6,52552000,8758666.67,162,34.83,6,2025-04-03
CUST0142,Ami,42,unknown,2023-12-12,ytamba@example.net,84571050970,1,651,False,5,41288000,8257600.0,132,39.0,5,2025-05-14
CUST0143,Rini,18,Gorontalo,2025-01-29,319rini@example.com,859832791,1,237,False,9,68963000,7662555.56,212,28.89,9,2025-04-26
CUST0144,Olga,49,Aceh,2024-04-04,586olga@example.com,824500893,1,537,True,8,62551000,7818875.0,206,17.88,8,2025-04-19
CUST0145,Kamila,49,Kepulauan Riau,2024-12-09,kamila301@example.com,874823735747,0,288,False,5,10857000,2171400.0,53,25.2,5,2025-07-24
CUST0146,Jatmiko,58,Papua,2023-12-29,jagahakim@example.net,85532539518,1,634,True,4,39195000,9798750.0,96,33.5,4,2025-01-13
CUST0147,Puput,44,Sulawesi Tengah,2023-11-20,indrayuliarti@example.net,888963677419,1,673,False,4,38268000,9567000.0,101,29.25,4,2024-11-05
CUST0148,Candrakanta,34,Aceh,2025-09-22,ian38@example.org,8454479725,1,1,True,7,63701000,9100142.86,217,31.86,7,2025-09-24
CUST0149,Puti,45,Sulawesi Selatan,2025-01-14,790puti@example.com,844664817759,1,252,False,9,48743000,5415888.89,258,22.89,9,2025-08-19
CUST0150,Ganep,62,Papua Barat,2025-07-01,drajatdamanik@example.net,810709870971,0,84,True,5,9078000,1815600.0,65,22.6,5,2025-09-01
CUST0151,Baktiadi,50,Lampung,2024-06-02,sakti91@example.org,83052760224,1,478,True,3,41134000,13711333.33,107,5.67,3,2025-09-04
CUST0152,Sadina,40,Kalimantan Utara,2024-07-16,873sadina@example.com,8246809152,1,434,False,12,61582000,5131833.33,263,20.17,12,2025-09-18
CUST0153,Lembah,61,Banten,2025-09-17,gsuartini@example.org,870743819862,1,6,True,12,93092000,7757666.67,300,25.42,12,2025-09-23
CUST0154,Cahyanto,26,Sumatera Selatan,2025-09-04,cahyanto_97@example.com,8681560169,1,19,True,5,49763000,9952600.0,149,11.6,5,2025-09-22
CUST0155,Cindy,27,Jawa Timur,2025-02-11,cindy_34@example.com,845121421,0,224,False,11,34030000,3093636.36,136,27.82,11,2025-09-01
CUST0156,Jamalia,27,Jawa Tengah,2024-03-19,pudjiastutidariati@example.org,815685193,1,553,False,9,69292000,7699111.11,241,26.78,9,2025-03-11
CUST0157,Tasnim,29,Kalimantan Barat,2023-12-05,jamil78@example.com,806558834,1,658,True,12,92432000,7702666.67,297,18.75,12,2025-06-10
CUST0158,Sadina,26,Lampung,2025-04-19,sadina_36@example.com,878596750158,1,157,False,13,110632000,8510153.85,345,26.46,13,2025-09-17
CUST0159,Padmi,32,Gorontalo,2024-11-21,bakiman29@example.com,867591798,1,306,False,1,15120000,15120000.0,35,36.0,1,2025-03-24
CUST0160,Lasmanto,38,Maluku,2024-02-06,lasmanto_15@example.com,83173161135,0,595,True,9,28179000,3131000.0,128,28.22,9,2025-08-08
CUST0161,Narji,23,Jambi,2025-08-14,safitriqueen@example.net,804466686537,1,40,True,1,5106000,5106000.0,23,43.0,1,2025-08-28
CUST0162,Natalia,56,Jawa Barat,2024-01-01,budimaulana@example.org,893722470,1,631,False,3,24450000,8150000.0,90,27.67,3,2025-02-15
CUST0163,Jelita,31,Bali,2025-01-28,jelita241@example.com,88972804026,1,238,False,11,76385000,6944090.91,259,22.64,11,2025-08-24
CUST0164,Rini,61,Sulawesi Tengah,2023-12-14,eoktaviani@example.com,815359220,1,649,False,8,85912000,10739000.0,251,21.88,8,2025-07-14
CUST0165,Pangeran,58,Kepulauan Bangka Belitung,2025-09-20,ranggamaulana@example.net,8556607041,1,3,True,12,90884000,7573666.67,314,23.08,12,2025-09-24
CUST0166,Nadia,61,Kalimantan Selatan,2025-01-21,600nadia@example.com,832707742619,0,245,False,13,37082000,2852461.54,141,21.23,13,2025-08-15
CUST0167,Kajen,52,Kalimantan Selatan,2025-02-09,unggulwijayanti@example.com,813304169,1,226,True,13,142544000,10964923.08,361,26.54,13,2025-08-22
CUST0168,Laila,38,Jawa Barat,2025-05-27,laryani@example.org,83741637430,1,119,False,6,50270000,8378333.33,167,13.17,6,2025-09-05
CUST0169,Unggul,50,Kalimantan Timur,2024-02-04,stamba@example.com,828121504,1,597,True,7,32921000,4703000.0,175,14.29,7,2025-08-03
CUST0170,Citra,51,Sumatera Utara,2025-02-09,citra535@example.com,800197278,1,226,False,1,9338000,9338000.0,23,50.0,1,2025-05-26
CUST0171,Cahyono,18,Kalimantan Tengah,2024-02-20,oktavianiian@example.net,88904104083,0,581,True,7,17550000,2507142.86,87,21.0,7,2025-02-24
CUST0172,Martani,39,Jawa Barat,2023-11-19,jhutasoit@example.org,834167614748,1,674,True,8,47594000,5949250.0,207,31.62,8,2025-03-24
CUST0173,Edi,46,unknown,2024-04-15,balijan55@example.org,812844433,1,526,True,5,39373000,7874600.0,153,34.2,5,2025-09-09
CUST0174,Rahayu,43,Sulawesi Tenggara,2025-03-16,upangestu@example.com,806899922,1,191,False,4,31866000,7966500.0,117,24.0,4,2025-07-05
CUST0175,Dartono,52,unknown,2025-02-15,harsanto83@example.com,889953743153,1,220,True,3,28768000,9589333.33,103,13.33,3,2025-02-17
CUST0176,Rika,42,Kalimantan Barat,2025-04-01,gunartomanah@example.com,8532955115,1,175,False,2,12209000,6104500.0,67,29.5,2,2025-09-04
CUST0177,Tiara,45,DKI Jakarta,2024-07-22,dongoransabar@example.org,876048071,1,428,False,3,57172000,19057333.33,114,22.67,3,2024-12-31
CUST0178,Salwa,26,Kalimantan Timur,2025-03-04,331salwa@example.com,806277560,1,203,False,10,58200000,5820000.0,211,18.3,10,2025-06-26
CUST0179,Yahya,22,Riau,2024-06-18,warsita32@example.org,8908826171,1,462,True,6,48963000,8160500.0,145,22.33,6,2025-02-25
CUST0180,Raditya,46,Kepulauan Riau,2023-09-30,raditya_30@example.com,813773020,1,724,True,3,21434000,7144666.67,90,26.33,3,2025-07-13
CUST0181,Balapati,41,Sulawesi Tengah,2024-12-28,aoktaviani@example.org,801579901601,0,269,True,13,51479000,3959923.08,176,14.46,13,2025-06-07
CUST0182,Adinata,55,Jambi,2025-07-17,zuwais@example.com,826889627918,1,68,True,6,33801000,5633500.0,142,28.0,6,2025-09-24
CUST0183,Dian,36,Gorontalo,2024-09-13,dian_86@example.com,870256529127,0,375,False,14,34035000,2431071.43,176,25.43,14,2025-06-29
CUST0184,Cemplunk,56,Kepulauan Bangka Belitung,2024-01-15,usyifujiati@example.com,874704487,1,617,True,4,21412000,5353000.0,101,22.25,4,2025-02-09
CUST0185,Silvia,52,Nusa Tenggara Barat,2024-07-21,fpradipta@example.com,834680358,1,429,False,9,77498000,8610888.89,192,26.33,9,2025-08-01
CUST0186,Karsana,46,Jawa Barat,2025-02-26,karsana52@example.com,81598028596,1,209,True,4,38581000,9645250.0,127,35.5,4,2025-08-13
CUST0187,Maimunah,59,Papua,2024-07-28,pwidiastuti@example.com,851838173923,0,422,False,10,19096000,1909600.0,88,28.4,10,2025-09-13
CUST0188,Irfan,55,Maluku,2025-08-28,irfan_43@example.com,84072435632,0,26,True,10,25260000,2526000.0,135,16.7,10,2025-09-24
CUST0189,Prabowo,59,Kepulauan Riau,2024-02-05,rajasayulia@example.org,8876946141,0,596,True,14,53856000,3846857.14,164,22.5,14,2025-09-24
CUST0190,Candrakanta,52,Bengkulu,2025-04-01,martakasiregar@example.net,8518769180,1,175,True,13,97466000,7497384.62,344,24.62,13,2025-09-23
CUST0191,Luluh,27,DI Yogyakarta,2025-07-15,gandasetiawan@example.com,86559461299,1,70,True,7,53065000,7580714.29,204,22.43,7,2025-09-22
CUST0192,Maimunah,19,Riau,2024-01-22,maimunah_70@example.com,82098841066,1,610,False,4,29692000,7423000.0,105,17.5,4,2024-12-31
CUST0193,Kasiyah,45,Sulawesi Barat,2025-04-28,537kasiyah@example.com,8096683515,0,148,False,10,27418000,2741800.0,98,28.2,10,2025-09-23
CUST0194,Victoria,24,Sulawesi Tenggara,2024-11-05,111victoria@example.com,891433074528,1,322,False,13,66134000,5087230.77,271,27.08,13,2025-08-12
CUST0195,Genta,42,Jawa Tengah,2024-03-04,404genta@example.com,8302727589,0,568,False,11,34527000,3138818.18,136,20.91,11,2025-03-11
CUST0196,Kenes,59,Kepulauan Riau,2025-09-11,kenes456@example.com,845887386,0,12,True,14,43868000,3133428.57,159,22.0,14,2025-09-24
CUST0197,Dono,61,Sumatera Barat,2024-05-25,sudiatihadi@example.org,8843428145,1,486,True,6,43899000,7316500.0,150,31.0,6,2025-09-08
CUST0198,Kasiran,36,Lampung,2025-08-01,astutidaliman@example.net,844521615678,1,53,True,11,85143000,7740272.73,257,26.64,11,2025-09-21
CUST0199,Daliono,45,unknown,2024-08-18,widiastutiyulia@example.net,89234334959,1,401,True,6,23841000,3973500.0,99,22.17,6,2025-07-12
CUST0200,Ade,21,Bali,2024-09-04,adinata37@example.net,8011442065,0,384,True,3,4633000,1544333.33,37,11.33,3,2025-01-24
CUST0201,Genta,64,Sumatera Utara,2024-02-07,manah38@example.com,833189960,0,594,False,6,10928000,1821333.33,84,11.0,6,2025-05-03
CUST0202,Kayla,51,Jawa Timur,2024-01-01,785kayla@example.com,896148976,0,631,False,13,28845000,2218846.15,195,20.15,13,2025-07-20
CUST0203,Diah,51,Jawa Timur,2024-07-24,426diah@example.com,878555975188,1,426,False,7,63519000,9074142.86,174,21.14,7,2025-09-17
CUST0204,Estiawan,18,Nusa Tenggara Timur,2025-07-26,estiawan903@example.com,842441390,1,59,True,2,28827000,14413500.0,63,36.5,2,2025-08-06
CUST0205,Gamani,56,Jambi,2024-05-22,kuswoyobudi@example.com,839448321,1,489,True,12,99123000,8260250.0,336,18.17,12,2025-03-20
CUST0206,Ulya,48,Jawa Barat,2024-12-11,ulya858@example.com,82253308575,1,286,False,13,94339000,7256846.15,323,23.08,13,2025-07-07
CUST0207,Vero,63,Kalimantan Timur,2025-09-17,caket74@example.com,8920532840,0,6,True,10,30041000,3004100.0,109,15.7,10,2025-09-24
CUST0208,Restu,32,Sumatera Selatan,2024-11-17,ihsansuartini@example.com,875783321,1,310,False,15,138933000,9262200.0,409,23.93,15,2025-09-07
CUST0209,Hafshah,58,Sumatera Barat,2025-09-23,hafshah522@example.com,8514025745,0,0,False,10,25847000,2584700.0,110,25.3,10,2025-09-24
CUST0210,Gamanto,63,Jawa Tengah,2023-10-12,gamanto891@example.com,80338818657,1,712,True,13,184352000,14180923.08,379,28.77,13,2025-07-20
CUST0211,Nadia,23,Sumatera Barat,2024-08-07,bnajmudin@example.com,805548983599,1,412,False,4,28938000,7234500.0,74,32.5,4,2025-02-18
CUST0212,Pia,25,Jawa Barat,2025-01-10,situmorangliman@example.com,8764053867,0,256,False,11,25085000,2280454.55,104,31.18,11,2025-05-13
CUST0213,Cornelia,38,unknown,2025-01-31,setiawanpadmi@example.org,82199034845,1,235,False,15,99046000,6603066.67,408,23.13,15,2025-03-23
CUST0214,Kasusra,52,Jawa Tengah,2024-04-24,siregarmichelle@example.com,829560949,1,517,True,9,106181000,11797888.89,265,18.0,9,2025-06-17
CUST0215,Tari,39,Kalimantan Timur,2024-04-16,kardihalim@example.com,899279768,1,525,False,11,118967000,10815181.82,300,15.64,11,2025-03-03
CUST0216,Pranawa,34,Maluku Utara,2024-07-18,cengkiruyainah@example.net,83421440455,0,432,True,10,24416000,2441600.0,112,27.1,10,2025-03-22
CUST0217,Vivi,25,Sumatera Utara,2025-03-19,qoriwijayanti@example.com,822939648,1,188,False,1,1482000,1482000.0,26,10.0,1,2025-05-10
CUST0218,Reksa,18,Kalimantan Tengah,2024-10-17,eutami@example.net,8010982253,1,341,True,10,104307000,10430700.0,310,31.1,10,2025-03-23
CUST0219,Ratna,23,Sumatera Selatan,2025-02-14,ratna_61@example.com,8592886328,0,221,False,10,34850000,3485000.0,141,24.4,10,2025-05-25
CUST0220,Eman,38,Maluku Utara,2024-08-13,musamah@example.net,8351954443,1,406,True,15,131115000,8741000.0,369,22.93,15,2025-06-04
CUST0221,Mila,28,Sumatera Selatan,2025-04-03,puspitamakuta@example.com,89536839897,1,173,False,13,109833000,8448692.31,298,22.46,13,2025-09-12
CUST0222,Nrima,37,Sulawesi Tenggara,2025-09-06,nrima_15@example.com,820303505924,0,17,True,5,18740000,3748000.0,85,24.4,5,2025-09-22
CUST0223,Artanto,42,Aceh,2023-11-12,gunartomaida@example.org,8579114663,1,681,True,4,17589000,4397250.0,80,23.0,4,2025-02-12
CUST0224,Cengkal,19,Sulawesi Tengah,2024-10-09,safinafirgantoro@example.com,803372425148,1,349,True,11,91415000,8310454.55,265,19.91,11,2025-09-19
CUST0225,Cahya,37,Jawa Tengah,2024-11-16,cahya_1@example.com,848801281,0,311,True,10,38698000,3869800.0,140,29.4,10,2025-07-26
CUST0226,Kasiran,47,Lampung,2025-01-14,kajenharyanti@example.org,8017283733,1,252,True,2,12315000,6157500.0,33,27.5,2,2025-04-20
CUST0227,Gamblang,46,Kalimantan Timur,2023-12-04,timbuldamanik@example.com,83336257772,1,659,True,9,60161000,6684555.56,201,22.33,9,2025-03-01
CUST0228,Elisa,60,Papua Barat,2024-05-06,963elisa@example.com,8028841172,1,505,False,15,114986000,7665733.33,406,30.87,15,2025-07-27
CUST0229,Vivi,63,Aceh,2024-08-29,vivi_72@example.com,8951128138,0,390,False,10,30128000,3012800.0,119,17.0,10,2025-06-27
CUST0230,Vicky,42,DI Yogyakarta,2025-07-07,vsuryono@example.org,8449897435,1,78,False,12,106374000,8864500.0,329,18.75,12,2025-09-17
CUST0231,Margana,47,Sumatera Utara,2023-10-31,margana_57@example.com,80091857428,1,693,True,10,88214000,8821400.0,258,31.2,10,2025-07-26
CUST0232,Jamil,60,unknown,2024-12-21,harihutapea@example.net,826116797,1,276,True,8,63779000,7972375.0,204,18.75,8,2025-07-21
CUST0233,Jamalia,20,DI Yogyakarta,2025-07-19,damanikdarijan@example.net,8762462237,1,66,False,4,44564000,11141000.0,117,11.75,4,2025-09-20
CUST0234,Zamira,56,Nusa Tenggara Timur,2024-06-18,zamira_12@example.com,845518329,1,462,False,10,88744000,8874400.0,290,29.8,10,2025-03-14
CUST0235,Jefri,43,Aceh,2024-03-18,jatmikorajasa@example.org,8443780824,1,554,True,12,109263000,9105250.0,306,22.42,12,2025-09-03
CUST0236,Leo,42,Sumatera Selatan,2025-08-19,jagaragasaputra@example.net,816809421,1,35,True,8,73164000,9145500.0,215,27.25,8,2025-09-24
CUST0237,Jarwa,40,DKI Jakarta,2024-12-27,jarwa_96@example.com,85570492473,1,270,True,5,45491000,9098200.0,157,36.2,5,2025-07-31
CUST0238,Darijan,54,Sumatera Barat,2024-05-23,uprakasa@example.org,8425816385,1,488,True,14,106421000,7601500.0,332,18.71,14,2025-05-16
CUST0239,Galuh,36,Sumatera Barat,2024-08-19,mulyaniida@example.com,879467312863,1,400,True,3,32895000,10965000.0,85,22.0,3,2025-03-07
CUST0240,Carla,46,Sulawesi Utara,2024-06-21,danang48@example.net,81857955969,1,459,False,4,96314000,24078500.0,122,11.25,4,2025-03-11
CUST0241,Candra,35,Kalimantan Barat,2024-09-07,candra_63@example.com,869455115,0,381,True,15,44616000,2974400.0,184,24.47,15,2025-03-26
CUST0242,Mala,55,Sulawesi Tenggara,2023-12-19,mala73@example.com,833847702,0,644,False,9,30572000,3396888.89,106,29.11,9,2025-03-06
CUST0243,Calista,51,unknown,2025-04-01,calista602@example.com,871806674460,0,175,False,4,1316000,329000.0,22,8.0,4,2025-09-02
CUST0244,Bala,39,Sumatera Selatan,2025-02-15,ldongoran@example.com,83028298440,1,220,True,5,38707000,7741400.0,137,29.2,5,2025-05-08
CUST0245,Cahyanto,22,Sulawesi Utara,2025-05-03,cahyanto_84@example.com,81900280197,1,143,True,15,110319000,7354600.0,400,23.2,15,2025-09-22
CUST0246,Caket,65,Sulawesi Tengah,2025-03-09,caket_32@example.com,8224646257,0,198,True,1,200000,200000.0,1,26.0,1,2025-01-11
CUST0247,Mala,54,Sumatera Selatan,2024-04-24,esiregar@example.org,80063702516,1,517,False,4,25196000,6299000.0,104,19.75,4,2025-03-20
CUST0248,Nadine,20,Kepulauan Bangka Belitung,2024-01-17,nadine_31@example.com,81799475516,0,615,False,10,38109000,3810900.0,140,25.5,10,2025-03-04
CUST0249,Ridwan,52,Lampung,2025-05-16,ellishidayat@example.com,825198650407,1,130,True,1,7359000,7359000.0,33,32.0,1,2025-09-10
CUST0250,Halim,33,Bengkulu,2025-09-13,omarbun@example.com,858732327,0,10,True,14,45249700,3232121.43,179,24.0,14,2025-09-24
CUST0251,Prima,42,Sulawesi Selatan,2024-09-02,putu16@example.net,869004782947,0,386,True,1,768000,768000.0,2,20.0,1,2025-02-26
CUST0252,Anastasia,62,Gorontalo,2025-01-20,dabukkeeluh@example.net,83372152995,0,246,False,7,25726000,3675142.86,97,20.29,7,2025-06-17
CUST0253,Yono,19,Kalimantan Selatan,2024-01-12,jailsinaga@example.org,8673305470,1,620,True,14,102027000,7287642.86,342,24.14,14,2025-03-12
CUST0254,Uchita,42,Kalimantan Utara,2024-10-21,kartika75@example.net,868108247332,1,337,False,6,59412000,9902000.0,157,18.83,6,2025-03-05
CUST0255,Kurnia,51,Maluku,2024-12-18,kurnia477@example.com,8116801400,0,279,True,9,15996000,1777333.33,83,13.22,9,2025-07-07
CUST0256,Baktiono,35,DKI Jakarta,2024-11-17,ksinaga@example.net,830308525498,0,310,True,14,20810000,1486428.57,193,23.5,14,2025-09-22
CUST0257,Hendri,32,Sulawesi Tenggara,2023-10-05,opan96@example.com,873653335,1,719,True,6,48437000,8072833.33,173,25.5,6,2025-07-01
CUST0258,Banara,62,Maluku,2025-04-29,mangunsongcakrabuana@example.com,8273368835,1,147,True,13,119161000,9166230.77,371,23.54,13,2025-09-13
CUST0259,Jindra,27,Jawa Timur,2024-02-08,jindra_70@example.com,803517580038,1,593,True,6,56874000,9479000.0,177,34.67,6,2025-09-24
CUST0260,Prima,48,DKI Jakarta,2024-01-24,prima_12@example.com,800328569612,1,608,True,5,36818000,7363600.0,119,21.2,5,2025-05-25
CUST0261,Zahra,59,Sumatera Utara,2025-04-07,zahra57@example.com,8886360522,1,169,False,5,50062000,10012400.0,129,31.4,5,2025-09-04
CUST0262,Luis,44,unknown,2024-11-21,tasnimhalimah@example.net,818973258242,1,306,True,7,48804000,6972000.0,145,26.71,7,2025-07-24
CUST0263,Kemal,30,Lampung,2024-10-11,kemal_42@example.com,8805015029,1,347,True,4,40014000,10003500.0,106,23.5,4,2025-07-17
CUST0264,Sarah,42,DKI Jakarta,2025-01-12,sarah_50@example.com,859373944,1,254,False,12,114095000,9507916.67,340,27.17,12,2025-07-29
CUST0265,Ghaliyati,62,Aceh,2023-12-29,ghaliyati459@example.com,852749808460,0,634,False,12,39174900,3264575.0,153,24.83,12,2025-07-15
CUST0266,Bahuraksa,23,unknown,2024-05-22,kacungkuswoyo@example.net,84553407556,0,489,True,3,11154000,3718000.0,31,22.33,3,2025-01-26
CUST0267,Silvia,38,Jawa Timur,2023-09-30,silvia_18@example.com,8903422604,1,724,False,13,115503000,8884846.15,371,24.69,13,2025-08-13
CUST0268,Hani,23,Papua Barat,2025-02-27,tprakasa@example.net,81743287757,1,208,False,10,76886000,7688600.0,252,20.8,10,2025-07-09
CUST0269,Sadina,44,Jawa Timur,2024-10-12,margana53@example.net,8268669512,1,346,False,12,84317000,7026416.67,293,28.83,12,2025-07-21
CUST0661,Puji,32,DI Yogyakarta,2025-09-05,puji_62@example.com,82263520270,1,18,False,21,159059000,7574238.1,589,17.33,21,2025-09-24
CUST0270,Leo,25,Maluku Utara,2025-08-03,galih47@example.net,820281741512,1,51,True,10,80290000,8029000.0,288,25.9,10,2025-09-18
CUST0271,Gawati,51,Banten,2024-07-11,gawati_73@example.com,8541771848,1,439,False,1,7521000,7521000.0,23,12.0,1,2025-02-11
CUST0272,Asirwanda,41,Aceh,2025-08-14,gandi95@example.net,8227568258,1,40,True,1,2295000,2295000.0,15,40.0,1,2025-09-08
CUST0273,Eva,61,DI Yogyakarta,2025-06-08,455eva@example.com,8944474510,1,107,False,15,161527000,10768466.67,387,28.73,15,2025-09-24
CUST0274,Ismail,29,Papua Barat,2023-10-15,uwaisbudi@example.org,8949460278,0,709,True,1,4491000,4491000.0,9,27.0,1,2023-11-27
CUST0275,Gilda,37,Jawa Tengah,2025-01-07,nrajasa@example.com,8238397602,1,259,False,7,74871000,10695857.14,217,32.71,7,2025-07-06
CUST0276,Rafi,28,DI Yogyakarta,2024-08-02,rafi_21@example.com,84672970984,1,417,True,1,9272000,9272000.0,19,8.0,1,2024-12-04
CUST0277,Cornelia,25,Sulawesi Utara,2023-10-10,cornelia_87@example.com,819167285,0,714,False,9,33220000,3691111.11,134,19.11,9,2025-04-07
CUST0278,Betania,47,Lampung,2024-06-24,wkusumo@example.net,8143069505,1,456,False,11,73065000,6642272.73,317,21.27,11,2025-03-18
CUST0279,Timbul,46,Kepulauan Bangka Belitung,2024-04-29,timbul354@example.com,803956658952,0,512,True,14,43018000,3072714.29,177,18.07,14,2025-05-12
CUST0280,Diah,22,Nusa Tenggara Barat,2023-11-14,diah_65@example.com,8054289074,1,679,False,10,95714000,9571400.0,234,26.0,10,2025-08-05
CUST0281,Latika,42,Kepulauan Riau,2025-02-26,bakidin99@example.com,8873633240,0,209,False,6,15609000,2601500.0,60,17.67,6,2025-09-07
CUST0282,Usyi,40,Sulawesi Utara,2025-09-10,bpratama@example.com,886432118636,1,13,False,6,56047000,9341166.67,163,24.17,6,2025-09-21
CUST0283,Rahmi,60,Jambi,2025-05-23,yuliantirachel@example.org,86602528020,1,123,False,5,33961000,6792200.0,116,32.0,5,2025-08-26
CUST0284,Hafshah,20,Papua,2025-08-18,tasnim45@example.com,806882584073,0,36,False,6,30882000,5147000.0,90,10.0,6,2025-09-16
CUST0285,Yahya,58,Nusa Tenggara Barat,2024-12-15,jaswadi78@example.org,832317633905,1,282,True,5,55727000,11145400.0,139,21.8,5,2025-03-28
CUST0286,Yuni,56,Riau,2023-09-27,handayanirafi@example.net,872532302,1,727,False,7,79398000,11342571.43,205,24.0,7,2025-07-07
CUST0287,Cemplunk,57,Maluku Utara,2025-05-26,wulandariajeng@example.org,8276655433,0,120,True,15,57471600,3831440.0,223,21.47,15,2025-09-24
CUST0288,Labuh,58,Kalimantan Utara,2024-09-27,julia04@example.net,896147647021,0,361,True,7,35149000,5021285.71,109,15.86,7,2025-03-07
CUST0289,Anita,21,unknown,2024-06-30,ayusalahudin@example.net,839364471,0,450,False,2,669000,334500.0,2,31.0,2,2025-03-01
CUST0290,Darijan,49,Maluku,2024-09-10,darijan_53@example.com,8426706436,0,378,True,11,36513000,3319363.64,132,20.18,11,2025-05-19
CUST0291,Diah,55,Banten,2025-04-03,maryadicinthia@example.net,854348815388,1,173,False,14,115508000,8250571.43,365,25.43,14,2025-09-15
CUST0292,Usyi,58,Aceh,2025-07-16,usyi645@example.com,80359275009,1,69,False,12,79618000,6634833.33,324,21.58,12,2025-09-09
CUST0293,Abyasa,50,Aceh,2025-04-12,wibisonocaraka@example.com,8436160362,1,164,True,15,112504000,7500266.67,396,27.73,15,2025-09-24
CUST0294,Padma,49,Kalimantan Selatan,2025-06-22,ppuspasari@example.org,86895487942,1,93,False,7,46052000,6578857.14,169,23.71,7,2025-09-17
CUST0295,Garan,58,Gorontalo,2025-08-24,cindyfarida@example.net,844385758895,1,30,True,2,17784000,8892000.0,54,23.0,2,2025-09-12
CUST0296,Pangeran,42,Aceh,2024-06-11,aminashiruddin@example.net,83882910039,1,469,True,1,9360000,9360000.0,36,23.0,1,2025-05-25
CUST0297,Cornelia,60,Nusa Tenggara Timur,2023-12-07,cornelia794@example.com,89769605649,1,656,False,9,78682000,8742444.44,267,21.56,9,2025-02-18
CUST0298,Samsul,19,Maluku Utara,2024-11-30,801samsul@example.com,8709768172,0,297,True,7,9260000,1322857.14,84,24.43,7,2025-03-27
CUST0299,Hartana,55,Nusa Tenggara Barat,2025-03-04,utamigara@example.com,862127314,1,203,True,15,122223000,8148200.0,422,21.93,15,2025-07-05
CUST0300,Kala,46,Papua,2023-11-30,zmahendra@example.com,885486479,1,663,True,10,75748000,7574800.0,290,22.9,10,2025-03-26
CUST0301,Dalima,41,Papua,2025-05-13,jaswadi17@example.net,8674199780,1,133,False,6,54647000,9107833.33,152,24.0,6,2025-09-16
CUST0302,Emin,21,Papua,2023-11-14,estiono40@example.net,8792863212,1,679,True,2,15492000,7746000.0,48,12.0,2,2024-12-23
CUST0303,Mulyono,47,Sulawesi Tengah,2024-04-16,usamahjaya@example.org,80420695941,1,525,True,6,60009000,10001500.0,150,35.83,6,2025-02-27
CUST0304,Ellis,22,Bali,2024-06-29,ellis_94@example.com,869204824992,0,451,False,5,10794000,2158800.0,61,28.6,5,2025-01-28
CUST0305,Rahayu,36,Papua,2025-06-18,982rahayu@example.com,83919474704,1,97,False,11,74874000,6806727.27,291,28.91,11,2025-09-23
CUST0306,Carub,57,Sulawesi Utara,2023-12-17,daliminlatupono@example.org,87875516558,1,646,True,7,68898000,9842571.43,179,18.43,7,2025-02-17
CUST0307,Taswir,38,Sulawesi Selatan,2025-05-20,luis81@example.net,80196730898,1,126,True,9,63690000,7076666.67,251,32.0,9,2025-09-16
CUST0308,Argono,36,Bali,2025-04-30,argono_43@example.com,83237744701,1,146,True,4,34309000,8577250.0,117,18.25,4,2025-09-20
CUST0309,Yunita,57,Banten,2025-07-16,511yunita@example.com,8186526753,0,69,False,12,54421000,4535083.33,174,26.0,12,2025-09-12
CUST0310,Ophelia,25,Kalimantan Timur,2024-08-12,ophelia_45@example.com,80192242777,0,407,False,5,5856000,1171200.0,55,21.8,5,2025-03-15
CUST0311,Melinda,18,Papua Barat,2024-07-04,696melinda@example.com,803883987,1,446,False,7,53844000,7692000.0,174,20.57,7,2025-08-02
CUST0312,Ami,39,Lampung,2024-12-29,310ami@example.com,84197924773,0,268,False,10,37205000,3720500.0,152,29.0,10,2025-03-31
CUST0313,Paiman,55,Kepulauan Bangka Belitung,2024-01-03,paiman_5@example.com,884555318,0,629,True,12,33829000,2819083.33,145,24.33,12,2025-08-17
CUST0314,Aisyah,30,Jawa Tengah,2025-04-14,windasafitri@example.com,822987951505,1,162,False,12,101571000,8464250.0,322,27.92,12,2025-09-24
CUST0315,Ihsan,50,Sumatera Utara,2024-10-18,ihsan_30@example.com,888204300,1,340,True,12,110391000,9199250.0,362,23.08,12,2025-09-24
CUST0316,Widya,56,Jawa Barat,2024-02-13,sakurafirmansyah@example.net,824035485,0,588,False,11,39606800,3600618.18,137,26.0,11,2025-07-26
CUST0317,Kartika,55,Sumatera Selatan,2024-05-25,kartika_58@example.com,875733077,0,486,False,10,30176000,3017600.0,148,25.5,10,2025-08-19
CUST0318,Tina,40,unknown,2024-02-05,ykuswandari@example.org,84458373349,0,596,False,15,68588000,4572533.33,218,24.33,15,2025-03-02
CUST0319,Maria,64,Banten,2023-10-26,maria754@example.com,824253918851,1,698,False,7,110535000,15790714.29,205,23.29,7,2025-07-11
CUST0320,Jail,32,Sumatera Utara,2024-02-26,wasis15@example.net,88492890760,0,575,True,14,55237000,3945500.0,228,21.57,14,2025-06-22
CUST0321,Cindy,65,Sumatera Barat,2024-06-05,agustinanardi@example.net,890892127948,1,475,False,3,15168000,5056000.0,89,31.33,3,2025-02-04
CUST0322,Arsipatra,28,Sumatera Utara,2025-02-06,449arsipatra@example.com,822957621,0,229,True,15,63404000,4226933.33,204,24.73,15,2025-08-31
CUST0323,Jayadi,52,Kepulauan Riau,2025-04-06,616jayadi@example.com,82247322877,1,170,True,12,102545000,8545416.67,290,29.25,12,2025-09-24
CUST0324,Tania,42,Papua Barat,2024-11-19,kayunmansur@example.org,826931207,1,308,False,1,5625000,5625000.0,25,23.0,1,2025-03-21
CUST0325,Warta,42,Gorontalo,2025-06-02,dadihardiansyah@example.org,8868214335,1,113,True,8,67709000,8463625.0,202,25.38,8,2025-08-28
CUST0326,Sakura,28,Kepulauan Bangka Belitung,2024-06-19,pujihakim@example.net,871976418237,1,461,False,12,61776000,5148000.0,296,25.75,12,2025-07-03
CUST0327,Unjani,38,Sumatera Utara,2024-01-07,uchita20@example.com,875477401,1,625,False,13,153869000,11836076.92,343,26.31,13,2025-03-21
CUST0328,Laras,56,Maluku Utara,2024-11-13,zpertiwi@example.org,873791139,0,314,False,9,34527000,3836333.33,154,14.0,9,2025-08-06
CUST0329,Lili,42,Bengkulu,2023-11-29,edi88@example.com,829276468,0,664,False,11,41419000,3765363.64,160,19.91,11,2025-05-20
CUST0330,Tomi,50,Jambi,2024-09-11,tomi314@example.com,841803114525,1,377,True,6,54873000,9145500.0,188,11.67,6,2025-05-31
CUST0331,Bagya,18,Lampung,2023-10-22,bagya229@example.com,813015612910,1,702,True,9,78756000,8750666.67,270,18.89,9,2025-02-26
CUST0332,Xanana,44,Jawa Barat,2025-07-04,jaya54@example.net,883137677,1,81,True,9,69339000,7704333.33,240,16.78,9,2025-09-17
CUST0333,Uchita,57,Lampung,2023-11-23,dodo12@example.com,808549593,1,670,False,4,41443000,10360750.0,120,23.75,4,2025-03-12
CUST0334,Koko,38,DKI Jakarta,2024-10-10,750koko@example.com,89348119288,0,348,True,15,51444000,3429600.0,186,20.73,15,2025-08-29
CUST0335,Jumari,35,Sumatera Selatan,2024-04-21,jumari_60@example.com,883418312,1,520,True,1,8448000,8448000.0,24,24.0,1,2025-01-29
CUST0336,Natalia,58,Kepulauan Riau,2024-09-18,wastutitaswir@example.net,896676718,1,370,False,14,90993000,6499500.0,357,21.64,14,2025-09-12
CUST0337,Tri,57,Jambi,2023-11-25,vnugroho@example.com,882781095,1,668,True,1,8942000,8942000.0,34,7.0,1,2025-03-27
CUST0338,Jamalia,27,Riau,2025-01-14,uwulandari@example.org,808836427,1,252,False,7,61416000,8773714.29,217,18.86,7,2025-02-18
CUST0339,Jaiman,40,Jambi,2024-03-31,jaiman_35@example.com,8270725240,1,541,True,1,10426000,10426000.0,26,19.0,1,2025-03-18
CUST0340,Karen,32,Kalimantan Tengah,2025-04-21,marbunnovi@example.net,88228248338,1,155,False,8,67148000,8393500.0,186,12.75,8,2025-08-16
CUST0341,Sabrina,55,Bengkulu,2024-07-22,wulandariulva@example.com,84628383807,1,428,False,5,22327000,4465400.0,92,29.0,5,2025-04-17
CUST0342,Maman,47,Kalimantan Utara,2025-06-02,buyainah@example.net,821419857,1,113,True,13,176111000,13547000.0,347,21.77,13,2025-08-30
CUST0343,Pardi,57,Jawa Tengah,2025-06-16,pardi986@example.com,8225052536,1,99,True,7,38739000,5534142.86,157,36.29,7,2025-09-24
CUST0344,Lasmanto,53,Bengkulu,2024-07-12,lasmanto_70@example.com,8015419797,0,438,True,3,8420000,2806666.67,44,3.33,3,2025-02-17
CUST0345,Adinata,42,DKI Jakarta,2025-01-23,daliminuyainah@example.com,8555432892,1,243,True,7,44169000,6309857.14,162,25.43,7,2025-06-30
CUST0346,Zahra,41,Aceh,2023-09-28,rafihutagalung@example.net,858491715809,1,726,False,3,26897000,8965666.67,79,19.33,3,2025-02-19
CUST0347,Janet,62,Maluku,2023-12-11,mardhiyahirnanto@example.com,8340744623,1,652,False,12,99242000,8270166.67,257,23.67,12,2025-03-20
CUST0348,Ellis,39,unknown,2025-04-21,nainggolanasirwanda@example.org,818027703691,0,155,False,7,36604000,5229142.86,122,8.0,7,2025-09-17
CUST0349,Ivan,44,Banten,2024-04-05,luhungmardhiyah@example.com,858623637,1,536,True,2,17536000,8768000.0,49,33.5,2,2025-03-26
CUST0350,Warji,59,Papua,2024-07-09,isitorus@example.com,8018883758,1,441,True,2,9906000,4953000.0,36,13.0,2,2025-01-14
CUST0351,Zamira,58,Sumatera Barat,2025-09-20,sihombingjamalia@example.com,86661921950,0,3,False,12,31251000,2604250.0,122,29.0,12,2025-09-24
CUST0352,Jaswadi,33,Kalimantan Tengah,2024-08-23,ibrahim30@example.com,89876235674,0,396,True,2,12480000,6240000.0,30,25.5,2,2025-03-07
CUST0353,Bella,42,Bengkulu,2025-07-10,xrahmawati@example.org,86663721052,1,75,False,13,123192000,9476307.69,379,30.08,13,2025-09-20
CUST0354,Raina,26,Jawa Timur,2024-10-10,raina_36@example.com,8441662802,0,348,False,4,12292000,3073000.0,71,18.5,4,2025-01-28
CUST0355,Dalimin,38,Jawa Timur,2025-04-15,150dalimin@example.com,85415237037,1,161,True,4,27239000,6809750.0,103,21.75,4,2025-09-16
CUST0356,Rizki,23,Nusa Tenggara Timur,2023-10-12,twastuti@example.org,88583014075,1,712,True,8,55915000,6989375.0,197,33.0,8,2025-03-21
CUST0357,Rahmi,21,Gorontalo,2024-12-20,capa64@example.com,844956765,1,277,False,13,112675000,8667307.69,326,17.08,13,2025-08-18
CUST0358,Catur,25,Kalimantan Timur,2024-08-06,qwibowo@example.net,82723594603,1,413,True,7,75604000,10800571.43,211,20.86,7,2025-05-13
CUST0359,Banawi,20,Sumatera Selatan,2025-08-12,banawi300@example.com,882805418150,1,42,True,10,73600000,7360000.0,285,22.7,10,2025-09-23
CUST0360,Manah,52,unknown,2025-05-19,irfan84@example.net,85538675090,1,127,True,14,126628000,9044857.14,398,24.36,14,2025-09-20
CUST0361,Dewi,47,Jambi,2024-07-25,vsantoso@example.com,8778517554,0,425,False,5,15191000,3038200.0,64,26.8,5,2025-01-30
CUST0362,Martana,46,Jawa Timur,2025-05-12,848martana@example.com,807247320637,0,134,True,14,34695000,2478214.29,174,17.86,14,2025-09-24
CUST0363,Jumadi,57,Nusa Tenggara Barat,2024-10-23,gamandongoran@example.net,81012563679,0,335,True,4,18805000,4701250.0,54,33.75,4,2025-03-16
CUST0364,Bagiya,42,Jawa Barat,2025-04-08,540bagiya@example.com,8439662556,1,168,True,9,82888000,9209777.78,240,25.56,9,2025-08-10
CUST0365,Prakosa,63,Kepulauan Riau,2025-09-12,lailaprastuti@example.net,838916194,1,11,True,10,72064000,7206400.0,266,27.9,10,2025-09-21
CUST0366,Sakura,47,Jawa Timur,2023-10-01,sakura_94@example.com,867477592414,1,723,False,9,66866000,7429555.56,228,18.22,9,2025-08-06
CUST0367,Pandu,18,Banten,2025-05-27,pandu_87@example.com,8704706620,1,119,True,3,33576000,11192000.0,89,18.0,3,2025-09-20
CUST0368,Karsa,36,Nusa Tenggara Barat,2024-02-02,kuswoyoenteng@example.net,840115569,1,599,True,15,131821000,8788066.67,414,24.2,15,2025-05-25
CUST0369,Qori,47,Kalimantan Tengah,2023-12-29,plailasari@example.com,8272716410,1,634,False,10,57655000,5765500.0,254,26.6,10,2025-03-22
CUST0370,Kiandra,55,unknown,2025-02-07,572kiandra@example.com,8772086268,0,228,False,5,21621000,4324200.0,68,23.0,5,2025-08-19
CUST0371,Kenes,32,Kepulauan Riau,2025-01-26,kenes_38@example.com,842550471,0,240,True,15,35673000,2378200.0,164,26.07,15,2025-03-28
CUST0372,Balamantri,50,DKI Jakarta,2024-12-15,baktiono13@example.net,8247970031,0,282,True,12,38235000,3186250.0,165,26.75,12,2025-08-18
CUST0373,Calista,40,Sulawesi Tengah,2024-05-14,ega48@example.org,8910335843,1,497,False,10,73192000,7319200.0,238,20.0,10,2025-02-20
CUST0374,Taswir,41,Gorontalo,2024-10-10,safitrijaya@example.org,8101525763,1,348,True,1,5244000,5244000.0,23,49.0,1,2024-12-14
CUST0375,Edi,37,Sulawesi Tengah,2025-03-18,edi398@example.com,8182229699,1,189,True,5,32646000,6529200.0,122,40.2,5,2025-08-13
CUST0376,Anastasia,62,Nusa Tenggara Timur,2024-04-30,anastasia_98@example.com,807994537869,0,511,False,11,43520000,3956363.64,164,15.64,11,2025-05-02
CUST0377,Muni,41,Kalimantan Selatan,2025-03-31,sakura57@example.com,81080728416,1,176,True,4,50509000,12627250.0,134,22.5,4,2025-07-13
CUST0378,Parman,29,Jawa Timur,2024-05-28,wardayaramadan@example.net,894888190974,0,483,True,7,33543000,4791857.14,116,27.29,7,2025-06-10
CUST0379,Jabal,27,Sulawesi Utara,2024-03-24,476jabal@example.com,885644962967,1,548,True,11,85619000,7783545.45,361,25.18,11,2025-07-02
CUST0380,Hesti,39,Riau,2023-09-25,koko53@example.org,864944620,1,729,False,9,63921000,7102333.33,210,27.0,9,2025-05-15
CUST0381,Titi,36,Banten,2024-01-11,313titi@example.com,898468598,1,621,False,15,190986000,12732400.0,396,24.93,15,2025-08-15
CUST0382,Maria,60,Sulawesi Selatan,2025-01-15,maria_95@example.com,8188700177,0,251,False,14,28428000,2030571.43,149,25.71,14,2025-09-04
CUST0383,Halima,26,Riau,2025-03-26,halima551@example.com,8914751794,1,181,False,15,102446000,6829733.33,380,29.73,15,2025-09-12
CUST0384,Kasiran,25,Jawa Timur,2023-11-27,kasiran824@example.com,8489119371,1,666,True,6,53670000,8945000.0,172,36.17,6,2025-05-09
CUST0385,Zamira,28,Kalimantan Tengah,2025-09-01,zamira3@example.com,8329181730,0,22,False,9,41482000,4609111.11,130,19.67,9,2025-09-23
CUST0386,Tri,59,DKI Jakarta,2023-12-04,uwaisfebi@example.net,84721917847,1,659,True,6,45521000,7586833.33,135,31.5,6,2025-07-16
CUST0387,Fitria,41,Kalimantan Utara,2024-09-12,kenari30@example.org,827944885024,0,376,False,15,51205000,3413666.67,212,23.27,15,2025-06-04
CUST0388,Eluh,65,Kalimantan Utara,2024-11-03,eluh_24@example.com,899130581314,1,324,True,14,112658000,8047000.0,357,15.14,14,2025-08-25
CUST0389,Dinda,18,Aceh,2024-06-16,yancesimbolon@example.net,80087622043,1,464,False,3,25802000,8600666.67,82,34.0,3,2024-12-17
CUST0390,Usyi,46,Lampung,2025-01-20,hasta34@example.com,876192329989,0,246,False,12,44847400,3737283.33,153,22.25,12,2025-09-07
CUST0391,Alika,50,Sumatera Barat,2024-05-02,alika_83@example.com,824755916,1,509,False,13,120690000,9283846.15,376,25.92,13,2025-09-24
CUST0392,Garang,42,Sumatera Selatan,2025-05-31,jmaryati@example.com,878467427,1,115,True,4,63551000,15887750.0,112,23.25,4,2025-09-12
CUST0393,Unjani,62,Kepulauan Bangka Belitung,2024-08-24,xutami@example.org,896559483637,1,395,False,7,57161000,8165857.14,185,19.43,7,2025-05-20
CUST0394,Suci,56,Kalimantan Utara,2025-02-28,suci803@example.com,89121742745,0,207,False,13,40123000,3086384.62,200,29.62,13,2025-08-20
CUST0395,Pandu,18,DI Yogyakarta,2024-11-27,cecep55@example.org,82531773818,0,300,True,11,33057000,3005181.82,133,23.0,11,2025-05-09
CUST0396,Cawisadi,53,Kepulauan Riau,2024-12-13,cawisadi484@example.com,870654293735,0,284,True,4,17992000,4498000.0,79,20.5,4,2025-02-15
CUST0397,Cici,43,Bali,2024-02-24,astutilili@example.org,827887968,1,577,False,12,61339000,5111583.33,253,20.92,12,2025-08-08
CUST0398,Ulva,48,Sumatera Barat,2024-09-19,995ulva@example.com,808906905,1,369,False,3,22408000,7469333.33,79,15.67,3,2025-06-23
CUST0399,Darmana,31,Jawa Tengah,2025-05-23,darmana_74@example.com,898580786,1,123,True,15,106209000,7080600.0,416,23.53,15,2025-09-13
CUST0400,Warta,24,Kalimantan Selatan,2024-09-09,safitriparman@example.org,84003957231,1,379,True,4,37107000,9276750.0,102,26.0,4,2025-05-27
CUST0401,Jamalia,32,Kalimantan Utara,2025-03-25,gmelani@example.net,8159579167,0,182,False,7,13412000,1916000.0,66,23.86,7,2025-06-01
CUST0402,Fitria,48,Sumatera Utara,2023-12-10,fitria_64@example.com,8946083224,1,653,False,6,59405000,9900833.33,166,21.67,6,2025-03-02
CUST0403,Tira,28,DKI Jakarta,2024-06-30,842tira@example.com,80933026281,0,450,False,4,6904000,1726000.0,50,35.5,4,2025-07-01
CUST0404,Gasti,20,Kepulauan Riau,2024-02-24,usyisusanti@example.net,80017775596,1,577,False,10,82395000,8239500.0,295,25.2,10,2025-02-15
CUST0405,Saka,44,Nusa Tenggara Barat,2024-10-27,yuniarlalita@example.net,831573672,1,331,True,9,72175000,8019444.44,271,23.44,9,2025-09-14
CUST0406,Jelita,50,Maluku Utara,2024-10-27,ikarajata@example.com,87089135965,0,331,False,12,34411000,2867583.33,175,33.42,12,2025-08-16
CUST0407,Fathonah,23,Maluku Utara,2024-06-20,setya02@example.org,842859973888,1,460,False,14,105137000,7509785.71,343,26.86,14,2025-09-12
CUST0408,Tania,33,unknown,2023-12-19,tania_31@example.com,853252996437,0,644,False,8,27877000,3484625.0,100,25.38,8,2025-03-02
CUST0409,Prasetyo,34,Bali,2025-08-07,819prasetyo@example.com,831149234,1,47,True,14,88705000,6336071.43,409,27.5,14,2025-09-24
CUST0410,Daryani,24,Bengkulu,2024-08-10,purnawatilasmono@example.net,83249485826,1,409,True,7,44952000,6421714.29,180,25.43,7,2025-06-05
CUST0411,Yosef,61,DKI Jakarta,2025-03-16,coktaviani@example.net,8550812083,1,191,True,4,19387000,4846750.0,84,33.0,4,2025-01-16
CUST0413,Dirja,50,Jawa Timur,2024-08-12,974dirja@example.com,816007193859,1,407,True,5,48953000,9790600.0,125,24.4,5,2025-04-30
CUST0414,Prabu,50,Jawa Tengah,2025-05-18,prabu_45@example.com,82292574055,1,128,True,12,103911000,8659250.0,359,25.33,12,2025-09-05
CUST0415,Chelsea,33,Sumatera Barat,2024-01-13,rini70@example.net,87573679956,1,619,False,8,55187000,6898375.0,189,26.88,8,2025-04-11
CUST0416,Jono,25,Gorontalo,2025-09-12,jono_21@example.com,81568944512,1,11,True,15,131021000,8734733.33,354,23.2,15,2025-09-24
CUST0417,Intan,36,Kalimantan Barat,2025-02-09,intan420@example.com,832345147,1,226,False,11,84902000,7718363.64,269,19.55,11,2025-07-01
CUST0418,Zizi,44,Papua Barat,2024-09-01,zizi591@example.com,86753162907,1,387,False,1,10266000,10266000.0,29,7.0,1,2025-01-16
CUST0419,Salimah,63,Riau,2024-10-12,320salimah@example.com,871298647,1,346,False,10,94092000,9409200.0,270,19.6,10,2025-09-01
CUST0420,Eko,35,Kalimantan Utara,2023-12-11,gnarpati@example.org,866899360823,0,652,True,2,6500000,3250000.0,35,7.5,2,2024-11-22
CUST0421,Maryanto,65,Papua Barat,2025-02-12,988maryanto@example.com,840495399781,1,223,True,14,106249000,7589214.29,344,22.71,14,2025-09-21
CUST0422,Vicky,60,Jambi,2024-05-01,murti19@example.net,884002556812,1,510,False,4,33144000,8286000.0,87,32.0,4,2025-04-13
CUST0423,Kani,20,DI Yogyakarta,2025-04-17,kani139@example.com,875033185,1,159,False,9,66720000,7413333.33,246,25.78,9,2025-08-24
CUST0424,Adhiarja,57,Sulawesi Utara,2025-07-26,kamal15@example.org,8404842294,1,59,True,15,140868000,9391200.0,416,23.07,15,2025-09-21
CUST0425,Eluh,42,DI Yogyakarta,2023-12-25,jpalastri@example.com,8586798739,1,638,True,13,112763000,8674076.92,329,22.69,13,2025-03-20
CUST0426,Hafshah,30,Nusa Tenggara Timur,2024-02-03,jaisjailani@example.org,840677400,1,598,False,3,24176000,8058666.67,72,27.0,3,2025-07-12
CUST0427,Ian,21,Bali,2024-11-04,bancar95@example.net,8666828128,1,323,True,4,23045000,5761250.0,86,24.25,4,2025-01-19
CUST0428,Himawan,42,Maluku Utara,2024-03-15,cprakasa@example.com,81296339629,1,557,True,15,146656000,9777066.67,408,18.8,15,2025-08-17
CUST0429,Hendri,42,DI Yogyakarta,2024-08-15,margana84@example.net,8303439050,1,404,True,13,80442000,6187846.15,293,16.85,13,2025-05-31
CUST0430,Queen,19,Papua,2024-06-20,nmustofa@example.net,855282492043,0,460,False,15,53909000,3593933.33,226,22.67,15,2025-08-28
CUST0431,Natalia,26,Sulawesi Tenggara,2025-02-05,natalia653@example.com,82545729955,1,230,False,8,75141000,9392625.0,223,28.12,8,2025-09-23
CUST0432,Zelda,49,Sulawesi Barat,2025-07-21,zelda771@example.com,845558985,1,64,False,12,104354000,8696166.67,350,24.42,12,2025-09-19
CUST0433,Jabal,52,Gorontalo,2023-12-03,haryantodipa@example.org,806512185,1,660,True,14,117806000,8414714.29,362,21.21,14,2025-09-17
CUST0434,Patricia,30,Bali,2023-09-26,gadangputra@example.com,8947300872,1,728,False,15,167622000,11174800.0,426,22.07,15,2025-07-08
CUST0738,Tugiman,25,Banten,2025-02-08,tugiman_3@example.com,8928576444,1,227,True,19,190232000,10012210.53,471,22.79,19,2025-06-03
CUST0435,Wakiman,48,unknown,2025-08-27,wakiman_43@example.com,83570133405,1,27,True,7,63833000,9119000.0,183,27.43,7,2025-09-07
CUST0436,Nabila,64,Kalimantan Barat,2023-10-28,nabila_21@example.com,85261226114,1,696,False,1,7600000,7600000.0,16,38.0,1,2024-11-12
CUST0437,Almira,32,Kepulauan Riau,2025-06-22,narpatidaru@example.net,8146612707,1,93,False,9,76120000,8457777.78,217,29.22,9,2025-09-15
CUST0438,Rendy,62,Sulawesi Barat,2023-11-08,873rendy@example.com,805689874,1,685,True,5,45156000,9031200.0,130,20.2,5,2025-01-25
CUST0439,Lidya,61,Gorontalo,2023-11-29,dhidayanto@example.org,8150867620,1,664,False,2,21302000,10651000.0,67,13.5,2,2025-03-23
CUST0440,Bakiman,19,Bali,2024-05-24,maman39@example.org,882410899977,1,487,True,11,129325000,11756818.18,289,22.45,11,2025-03-18
CUST0441,Ghani,41,Papua,2025-05-21,212ghani@example.com,8015760516,0,125,True,9,34813000,3868111.11,129,24.56,9,2025-09-14
CUST0442,Paramita,65,Banten,2025-03-05,paramita_72@example.com,850547114,1,202,False,14,103364000,7383142.86,345,30.21,14,2025-08-03
CUST0443,Suci,37,Nusa Tenggara Barat,2023-12-27,onugroho@example.net,86363525835,0,636,False,5,6498000,1299600.0,27,29.6,5,2025-07-10
CUST0444,Gangsa,44,Sumatera Selatan,2023-12-18,darmanto25@example.com,80939361062,0,645,True,4,8676000,2169000.0,21,20.25,4,2024-12-16
CUST0445,Mulyono,23,DI Yogyakarta,2023-12-30,artantowibisono@example.org,86688214131,1,633,True,6,36447000,6074500.0,137,18.33,6,2025-03-26
CUST0446,Gabriella,36,Kalimantan Barat,2024-03-21,gabriella_57@example.com,8742520472,1,551,False,2,11809000,5904500.0,43,33.0,2,2024-10-18
CUST0447,Nilam,58,Banten,2024-11-29,habibiteguh@example.com,8275136523,1,298,False,10,68362000,6836200.0,223,25.1,10,2025-09-24
CUST0448,Zelaya,49,Sulawesi Tengah,2023-12-18,zelaya_55@example.com,84761872069,1,645,False,4,35253000,8813250.0,130,10.75,4,2025-03-28
CUST0449,Edward,25,Gorontalo,2024-12-01,rachelprasasta@example.com,872759627397,1,296,True,9,65515000,7279444.44,238,28.11,9,2025-09-05
CUST0450,Taufik,29,unknown,2025-05-18,hanayuniar@example.org,808810614,1,128,True,10,96020000,9602000.0,279,29.3,10,2025-09-14
CUST0451,Johan,28,Sulawesi Tenggara,2025-08-16,lantar69@example.net,818754179603,0,38,True,15,63358700,4223913.33,235,32.67,15,2025-09-24
CUST0452,Kadir,43,unknown,2024-12-31,kadir_23@example.com,877702556434,0,266,True,11,21779500,1979954.55,159,22.27,11,2025-08-27
CUST0453,Restu,54,Papua,2024-12-25,xpradana@example.com,863919779926,1,272,False,12,110121000,9176750.0,326,15.92,12,2025-07-25
CUST0454,Praba,25,Kepulauan Bangka Belitung,2025-03-18,usyi85@example.com,876176290,1,189,True,10,73329000,7332900.0,262,24.0,10,2025-08-11
CUST0455,Siti,63,Gorontalo,2025-05-07,siti_68@example.com,89015008917,0,139,False,4,4955000,1238750.0,31,36.25,4,2025-09-17
CUST0456,Yuni,28,Sulawesi Tenggara,2024-09-05,pardipurnawati@example.org,819385771,1,383,False,14,117696000,8406857.14,414,31.57,14,2025-07-12
CUST0457,Nurul,21,Kalimantan Utara,2025-02-25,nurul999@example.com,83808406626,1,210,False,14,98728000,7052000.0,362,29.57,14,2025-06-20
CUST0458,Eka,52,Sulawesi Tenggara,2024-01-15,eka784@example.com,853610018,1,617,False,15,97049000,6469933.33,386,26.2,15,2025-01-11
CUST0459,Farah,41,Banten,2025-05-04,hassanahestiono@example.org,83777898479,0,142,False,2,11264000,5632000.0,44,35.5,2,2025-05-28
CUST0460,Caket,37,Papua,2025-04-10,caket_49@example.com,8042559901,0,166,True,3,18357000,6119000.0,50,19.33,3,2025-07-21
CUST0461,Wawan,46,Banten,2024-09-21,mardhiyahwirda@example.com,8885034480,1,367,True,5,63175000,12635000.0,129,28.4,5,2025-07-22
CUST0462,Anita,47,unknown,2025-06-23,anita_19@example.com,818292192,0,92,False,12,28401800,2366816.67,160,29.0,12,2025-09-22
CUST0463,Jelita,43,Maluku,2025-03-10,dwihardiansyah@example.org,8260519603,1,197,False,10,84350000,8435000.0,260,21.4,10,2025-08-30
CUST0464,Jaga,32,Sulawesi Tenggara,2023-11-15,jaga_20@example.com,894333945,1,678,True,10,79226000,7922600.0,257,25.4,10,2025-03-16
CUST0465,Ana,40,Jawa Tengah,2024-11-09,hastamaryati@example.org,81935191800,0,318,False,8,31123000,3890375.0,125,26.0,8,2025-05-23
CUST0466,Puji,40,Kepulauan Riau,2024-01-05,pratiwidodo@example.net,87531723688,1,627,False,14,109572000,7826571.43,358,19.71,14,2025-04-28
CUST0467,Calista,62,Banten,2024-04-23,calista_63@example.com,859340774,1,518,False,12,93674000,7806166.67,314,28.0,12,2025-06-01
CUST0468,Dipa,60,Bali,2024-05-01,gabriella55@example.com,8016619551,1,510,True,3,20706000,6902000.0,60,10.33,3,2025-09-08
CUST0469,Galih,41,Sulawesi Barat,2024-07-24,hsantoso@example.com,8170289161,1,426,True,10,75884000,7588400.0,237,30.6,10,2025-04-18
CUST0470,Gamani,62,Jambi,2024-12-14,kairav71@example.org,899529360455,0,283,True,2,5503000,2751500.0,31,23.0,2,2025-02-09
CUST0471,Indra,26,Aceh,2024-01-20,indra470@example.com,8995785381,1,612,True,1,4641000,4641000.0,39,16.0,1,2025-02-19
CUST0472,Widya,63,Papua,2024-12-12,ajanuar@example.net,8013014584,1,285,False,1,12528000,12528000.0,27,2.0,1,2024-10-20
CUST0473,Tasnim,42,Banten,2024-06-23,tasnim_1@example.com,8906479961,1,457,True,14,101167000,7226214.29,405,22.21,14,2025-06-19
CUST0474,Ida,51,Jawa Timur,2025-08-19,jnatsir@example.org,89394921829,1,35,False,11,84881000,7716454.55,296,24.55,11,2025-09-24
CUST0475,Jane,52,Nusa Tenggara Barat,2024-10-05,jane_87@example.com,821680221,1,353,False,10,70741000,7074100.0,245,23.3,10,2025-08-15
CUST0476,Gandi,40,Bali,2025-06-15,salwa32@example.com,8831632714,1,100,True,7,60186000,8598000.0,176,18.86,7,2025-09-15
CUST0477,Ana,24,Kalimantan Tengah,2025-08-27,yzulaika@example.org,886572469,1,27,False,11,77118000,7010727.27,314,20.45,11,2025-09-19
CUST0478,Harjo,20,Sulawesi Tenggara,2025-09-11,harjo994@example.com,848331249,1,12,True,3,14267000,4755666.67,47,34.0,3,2025-09-24
CUST0479,Vera,50,Kalimantan Tengah,2024-11-20,vera594@example.com,862016410634,1,307,False,8,69987000,8748375.0,218,26.12,8,2025-03-28
CUST0480,Kasiyah,63,Kalimantan Tengah,2024-11-24,xhardiansyah@example.net,8499160675,0,303,False,1,1079000,1079000.0,13,43.0,1,2025-02-12
CUST0481,Among,58,Banten,2023-10-18,udaharyanti@example.com,8708656749,1,706,True,5,31261000,6252200.0,129,19.8,5,2025-08-28
CUST0482,Nadine,18,Jawa Timur,2024-06-10,mustofa70@example.com,8534366486,0,470,False,7,14958000,2136857.14,50,20.57,7,2025-03-25
CUST0483,Eluh,63,Maluku Utara,2025-06-01,471eluh@example.com,898106586830,1,114,True,3,25071000,8357000.0,75,12.67,3,2025-08-31
CUST0484,Lalita,46,Sulawesi Tenggara,2025-03-20,damanikajiman@example.com,848294560564,0,187,False,7,14380000,2054285.71,58,20.0,7,2025-03-06
CUST0485,Nyoman,60,Papua,2025-04-01,nyoman624@example.com,8121445073,0,175,True,10,27739000,2773900.0,99,28.1,10,2025-09-12
CUST0486,Lukita,44,Riau,2025-05-22,raihansitorus@example.net,8928343770,1,124,True,4,21030000,5257500.0,96,11.25,4,2025-08-08
CUST0487,Dadi,23,Maluku Utara,2024-06-04,220dadi@example.com,829658156,0,476,True,2,18734000,9367000.0,47,19.0,2,2024-12-04
CUST0488,Ella,35,Banten,2023-11-12,915ella@example.com,8552300799,1,681,False,14,91578000,6541285.71,336,24.79,14,2025-07-13
CUST0489,Janet,19,Nusa Tenggara Timur,2025-05-03,janet_97@example.com,8896988511,1,143,False,5,35645000,7129000.0,115,16.6,5,2025-07-10
CUST0490,Shakila,63,Sumatera Utara,2024-09-16,shutapea@example.net,8809258230,1,372,False,7,88554000,12650571.43,173,10.0,7,2025-03-20
CUST0491,Okto,42,Sulawesi Selatan,2024-05-21,miswahyudi@example.org,822430125835,1,490,True,3,14498000,4832666.67,70,18.0,3,2025-03-03
CUST0492,Karman,54,Papua,2023-12-09,rhalim@example.org,820039965575,0,654,True,1,1292000,1292000.0,19,39.0,1,2025-03-04
CUST0493,Cemplunk,28,Papua,2024-03-30,labuhmelani@example.net,890846104,1,542,True,12,77479000,6456583.33,309,10.83,12,2025-08-19
CUST0494,Cawuk,25,DI Yogyakarta,2024-06-14,107cawuk@example.com,893158019,1,466,True,4,22644000,5661000.0,111,41.0,4,2025-03-24
CUST0495,Restu,62,Nusa Tenggara Barat,2023-12-03,putama@example.net,86073006237,0,660,False,6,18479000,3079833.33,78,17.83,6,2025-02-02
CUST0496,Gambira,51,Kalimantan Timur,2024-04-13,malikusamah@example.org,85183880978,1,528,True,9,56353000,6261444.44,271,20.44,9,2025-08-23
CUST0497,Olga,20,Nusa Tenggara Barat,2025-09-03,nrimapalastri@example.com,8139665356,1,20,True,2,11504000,5752000.0,40,18.0,2,2025-09-17
CUST0498,Prayogo,41,Nusa Tenggara Barat,2025-09-04,cakrabirawautama@example.net,87553646101,1,19,True,13,139921000,10763153.85,333,23.62,13,2025-09-24
CUST0499,Febi,64,Sumatera Utara,2025-09-10,312febi@example.com,824585846,1,13,False,3,21845000,7281666.67,92,42.67,3,2025-09-23
CUST0500,Nurul,63,Sulawesi Tenggara,2024-06-26,khidayanto@example.org,840216274223,0,454,False,3,23028000,7676000.0,57,10.67,3,2025-03-23
CUST0501,Rizki,33,Kalimantan Tengah,2024-11-23,cinthiaadriansyah@example.org,816417363,1,304,True,7,74892000,10698857.14,165,21.43,7,2025-02-04
CUST0502,Yance,33,Sulawesi Barat,2023-11-10,gentamanullang@example.com,83387179800,1,683,False,15,89537000,5969133.33,392,22.27,15,2025-03-25
CUST0503,Sari,44,Jawa Tengah,2023-10-21,yusada@example.net,84520931012,1,703,False,12,79014000,6584500.0,316,23.83,12,2025-02-21
CUST0504,Harja,55,Nusa Tenggara Barat,2024-04-19,380harja@example.com,8173763431,1,522,True,6,38970000,6495000.0,129,22.33,6,2024-12-19
CUST0505,Farhunnisa,43,unknown,2024-11-30,melaniputu@example.org,83122555896,1,297,False,8,56245000,7030625.0,183,16.25,8,2025-05-14
CUST0506,Maida,23,Sulawesi Selatan,2023-11-05,maida_35@example.com,821489320060,1,688,False,5,65703000,13140600.0,174,37.4,5,2025-03-13
CUST0507,Tiara,50,Kalimantan Barat,2024-03-14,umiardianto@example.com,802694522559,1,558,False,8,104901000,13112625.0,247,31.75,8,2025-03-26
CUST0508,Cindy,31,Aceh,2024-08-26,cindy_92@example.com,8157123413,1,393,False,11,109348000,9940727.27,300,26.55,11,2025-06-12
CUST0509,Zahra,59,Sulawesi Tenggara,2024-12-13,hutasoitgasti@example.com,8281249016,1,284,False,14,112035000,8002500.0,348,21.64,14,2025-09-20
CUST0510,Kasusra,22,Maluku,2024-09-26,kasusra_32@example.com,8875416832,0,362,True,2,2687000,1343500.0,23,37.5,2,2025-03-03
CUST0511,Daryani,30,Jawa Timur,2024-05-14,nbudiman@example.com,882293065457,0,497,True,12,26686000,2223833.33,135,31.25,12,2025-06-08
CUST0512,Suci,31,Maluku Utara,2025-05-07,646suci@example.com,8180447176,1,139,False,9,68971000,7663444.44,217,22.78,9,2025-09-18
CUST0513,Edward,45,Riau,2024-12-19,edward_74@example.com,895085151,1,278,True,6,52936000,8822666.67,167,21.0,6,2025-07-19
CUST0515,Zaenab,30,DKI Jakarta,2025-06-25,veraagustina@example.com,810515180833,0,90,False,14,40376000,2884000.0,219,27.93,14,2025-09-18
CUST0516,Tantri,24,Sumatera Selatan,2024-03-14,narpatinarji@example.com,80440073102,1,558,False,15,100675000,6711666.67,333,23.07,15,2025-09-06
CUST0517,Atma,58,Maluku Utara,2024-11-16,atma_32@example.com,84202092217,1,311,True,8,60313000,7539125.0,191,28.75,8,2025-08-06
CUST0518,Puspa,44,Lampung,2023-11-15,puspa_77@example.com,8732972729,0,678,False,9,35737000,3970777.78,132,15.78,9,2025-02-22
CUST0519,Hasna,47,DI Yogyakarta,2024-04-04,vramadan@example.com,804637235565,0,537,False,11,28893800,2626709.09,149,22.73,11,2025-09-23
CUST0520,Mursinin,38,Jawa Barat,2024-04-07,941mursinin@example.com,861790239909,1,534,True,8,65054000,8131750.0,228,31.75,8,2025-07-01
CUST0521,Gadang,26,Maluku Utara,2023-10-04,pprayoga@example.net,82337500837,0,720,True,13,41556000,3196615.38,150,26.54,13,2025-07-22
CUST0523,Satya,42,Kepulauan Riau,2025-09-03,185satya@example.com,864794405,1,20,True,14,119175000,8512500.0,379,21.86,14,2025-09-23
CUST0524,Fitriani,20,Riau,2024-01-31,55fitriani@example.com,87690778521,1,601,False,7,56471000,8067285.71,183,19.57,7,2025-05-01
CUST0525,Lukman,54,Maluku,2025-03-26,lukman961@example.com,858150160538,1,181,True,4,28201000,7050250.0,115,35.25,4,2025-04-20
CUST0526,Sabrina,33,Sulawesi Tenggara,2024-02-26,sabrina_76@example.com,865156246,1,575,False,1,8372000,8372000.0,26,11.0,1,2025-09-01
CUST0527,Talia,33,Kalimantan Timur,2024-01-28,talia701@example.com,810869442987,0,604,False,12,32139000,2678250.0,144,22.83,12,2025-01-27
CUST0528,Eluh,39,Sumatera Barat,2024-05-16,karta98@example.net,863506234,1,495,True,14,67317000,4808357.14,289,30.43,14,2025-03-24
CUST0529,Unggul,45,Sulawesi Utara,2025-07-07,508unggul@example.com,843088550187,1,78,True,6,62326000,10387666.67,163,23.17,6,2025-09-01
CUST0530,Bahuwirya,57,Kalimantan Selatan,2025-01-02,opertiwi@example.com,899274423,1,264,True,1,48790000,48790000.0,35,42.0,1,2025-04-21
CUST0531,Vanesa,18,Sulawesi Selatan,2025-05-27,295vanesa@example.com,8205618831,0,119,False,2,7367000,3683500.0,30,37.5,2,2025-09-14
CUST0532,Nasrullah,38,Kalimantan Timur,2024-02-29,intanyulianti@example.org,8637059451,1,572,True,9,80334000,8926000.0,210,18.67,9,2025-07-02
CUST0533,Gilang,58,Sulawesi Utara,2025-01-26,998gilang@example.com,80416865056,0,240,True,5,14048000,2809600.0,64,11.6,5,2025-02-28
CUST0534,Arsipatra,52,Nusa Tenggara Barat,2023-09-28,danuwacana@example.net,89158103851,1,726,True,9,116335000,12926111.11,223,22.22,9,2025-03-21
CUST0535,Padmi,42,Kepulauan Bangka Belitung,2024-05-16,551padmi@example.com,835329272,1,495,False,9,74327000,8258555.56,227,23.33,9,2025-03-24
CUST0536,Jamal,57,Aceh,2023-11-25,lutfanmaryati@example.net,831353680,1,668,True,5,36650000,7330000.0,155,12.2,5,2025-01-29
CUST0537,Wardaya,58,Kalimantan Timur,2024-02-15,wardaya_49@example.com,828349372342,0,586,True,13,36299600,2792276.92,164,21.92,13,2025-08-28
CUST0538,Humaira,60,Sumatera Utara,2024-10-24,empluk17@example.org,889213175,1,334,False,2,8562000,4281000.0,38,38.5,2,2025-01-01
CUST0539,Gamanto,64,Nusa Tenggara Timur,2024-07-24,mkusmawati@example.com,8013881015,1,426,True,7,58684000,8383428.57,201,22.14,7,2025-03-14
CUST0540,Usman,54,Sumatera Barat,2024-01-27,adriansyahupik@example.net,8186080087,1,605,True,14,96042000,6860142.86,363,23.29,14,2025-03-14
CUST0541,Nadine,40,unknown,2025-04-02,910nadine@example.com,89144806208,1,174,False,13,110932000,8533230.77,358,28.85,13,2025-09-18
CUST0542,Johan,18,Kalimantan Utara,2024-10-05,johan_22@example.com,80747150531,1,353,True,8,93480000,11685000.0,247,33.25,8,2025-08-02
CUST0543,Edi,51,Jawa Barat,2025-03-08,yolandapandu@example.org,893771273,0,199,True,14,34313800,2450985.71,144,21.5,14,2025-09-15
CUST0544,Rika,65,Sulawesi Barat,2024-08-29,okto01@example.net,8681896170,1,390,False,4,31523000,7880750.0,112,20.75,4,2025-01-24
CUST0545,Cahyanto,33,unknown,2024-03-14,damanikhari@example.com,8229338944,1,558,True,12,141911000,11825916.67,338,20.33,12,2025-03-25
CUST0546,Jinawi,53,Nusa Tenggara Barat,2025-07-30,baktiantomaryadi@example.net,802528649861,1,55,True,13,101653000,7819461.54,325,27.0,13,2025-09-22
CUST0547,Jaka,65,Banten,2024-05-13,khandayani@example.net,81692526382,1,498,True,5,56189000,11237800.0,174,12.2,5,2025-07-07
CUST0548,Respati,52,Sumatera Utara,2024-04-01,respati_80@example.com,86801676795,1,540,True,12,86469000,7205750.0,303,21.25,12,2025-03-16
CUST0549,Opan,53,Nusa Tenggara Timur,2024-04-03,jefrisimbolon@example.com,822387264763,1,538,True,1,7361000,7361000.0,17,36.0,1,2024-09-29
CUST0550,Lanjar,45,DI Yogyakarta,2023-12-12,lanjar34@example.com,89453698962,0,651,True,12,43735000,3644583.33,188,27.25,12,2025-09-16
CUST0551,Sabrina,46,Sulawesi Utara,2024-09-13,sabrina_19@example.com,821436524,1,375,False,14,106251000,7589357.14,400,29.29,14,2025-08-04
CUST0552,Rachel,18,Sulawesi Utara,2023-10-29,huwais@example.com,828346782,0,695,False,12,48829000,4069083.33,178,28.33,12,2025-03-08
CUST0553,Ilsa,37,Nusa Tenggara Barat,2024-05-04,muni83@example.com,806927372902,1,507,False,15,145513000,9700866.67,413,22.6,15,2025-05-31
CUST0554,Jabal,57,Kalimantan Utara,2024-11-09,lutami@example.org,8876760687,1,318,True,10,51441000,5144100.0,221,20.1,10,2025-07-21
CUST0555,Dina,46,Sulawesi Utara,2024-09-02,xsaptono@example.com,8766791515,0,386,False,6,8387100,1397850.0,56,21.0,6,2025-05-07
CUST0556,Uchita,32,Kepulauan Riau,2024-11-11,uchita_41@example.com,880585988,0,316,False,15,48791000,3252733.33,249,21.0,15,2025-09-17
CUST0557,Vivi,60,DKI Jakarta,2024-11-20,vivi_70@example.com,87508446274,1,307,False,6,42015000,7002500.0,156,19.83,6,2025-03-28
CUST0558,Umi,36,Papua,2025-09-21,umi_87@example.com,86349948799,0,2,False,9,23474000,2608222.22,130,34.56,9,2025-09-24
CUST0559,Chandra,32,Riau,2025-06-15,445chandra@example.com,841150898,1,100,True,13,111984000,8614153.85,304,25.31,13,2025-09-17
CUST0560,Ika,18,Banten,2025-04-21,gilangriyanti@example.net,87945676325,1,155,False,5,47978000,9595600.0,121,18.8,5,2025-09-06
CUST0561,Irwan,28,Sumatera Utara,2024-07-09,nurdiyantipuspa@example.com,82427280509,0,441,True,12,33000000,2750000.0,147,17.0,12,2025-07-31
CUST0562,Ellis,61,Jawa Tengah,2025-04-06,ellis827@example.com,8403810339,1,170,False,9,62698000,6966444.44,245,21.56,9,2025-09-16
CUST0563,Nyoman,65,Maluku,2024-06-16,479nyoman@example.com,8938539413,1,464,True,9,47908000,5323111.11,221,23.89,9,2025-03-09
CUST0564,Yulia,44,Aceh,2023-10-13,qfujiati@example.net,879965708691,0,711,False,6,21612000,3602000.0,59,24.67,6,2025-04-26
CUST0565,Dalima,47,DKI Jakarta,2025-04-20,lwaskita@example.com,804599441,1,156,False,2,13920000,6960000.0,40,5.0,2,2025-06-10
CUST0566,Kurnia,39,Bengkulu,2024-10-20,kurnia_82@example.com,822629330832,1,338,True,3,15873000,5291000.0,79,16.67,3,2025-01-03
CUST0567,Cagak,42,Nusa Tenggara Barat,2023-09-28,gantar77@example.com,881592087,1,726,True,9,72995000,8110555.56,259,31.33,9,2025-07-28
CUST0568,Lidya,64,Kepulauan Riau,2024-04-03,starihoran@example.com,83914376087,1,538,False,13,74205000,5708076.92,296,26.69,13,2025-02-27
CUST0569,Padmi,42,Kalimantan Barat,2025-05-04,padmi889@example.com,8574252962,1,142,False,8,70411000,8801375.0,213,25.5,8,2025-09-24
CUST0570,Jaeman,54,Kepulauan Bangka Belitung,2025-01-18,langgengwasita@example.net,8214898882,1,248,True,2,14717000,7358500.0,43,0.0,2,2025-01-21
CUST0571,Rahmi,18,Papua Barat,2024-07-17,laksmiwaticahyanto@example.com,823484885,1,433,False,14,135011000,9643642.86,343,28.93,14,2025-04-27
CUST0572,Ibun,44,Sulawesi Utara,2024-11-22,puput41@example.com,847310206,0,305,True,3,2986000,995333.33,59,26.67,3,2025-07-08
CUST0573,Putri,21,Kepulauan Bangka Belitung,2024-05-06,hkuswandari@example.org,843082793,0,505,False,12,40441000,3370083.33,183,18.5,12,2025-03-14
CUST0574,Estiawan,65,Kalimantan Tengah,2024-05-16,estiawan_78@example.com,856479103,1,495,True,2,7408000,3704000.0,27,5.5,2,2025-08-11
CUST0575,Silvia,46,Kepulauan Bangka Belitung,2024-11-06,fputra@example.net,85058599965,1,321,False,8,43491000,5436375.0,220,25.5,8,2025-08-08
CUST0576,Paulin,45,Kalimantan Timur,2023-11-11,mulyaniendra@example.net,8258644049,1,682,False,9,104750000,11638888.89,273,30.33,9,2025-03-25
CUST0577,Mursinin,37,Kalimantan Tengah,2024-05-22,waniwastuti@example.org,81117014417,1,489,True,2,13755000,6877500.0,51,14.5,2,2025-02-05
CUST0578,Oni,35,Sulawesi Selatan,2025-06-18,oni_60@example.com,863946874510,0,97,False,11,51115000,4646818.18,180,18.0,11,2025-09-14
CUST0579,Prayogo,54,Kalimantan Utara,2024-09-18,rahman53@example.com,860657726952,1,370,True,14,96093000,6863785.71,320,26.43,14,2025-09-09
CUST0580,Lala,42,DKI Jakarta,2024-04-05,jmayasari@example.org,809443000765,0,536,False,4,10124000,2531000.0,54,25.5,4,2025-01-08
CUST0581,Agnes,42,Jawa Barat,2024-03-30,309agnes@example.com,8727289764,1,542,False,5,31573000,6314600.0,128,19.6,5,2025-08-29
CUST0582,Tina,59,Maluku Utara,2024-06-01,oliviamaheswara@example.net,8196787938,1,479,False,10,123897000,12389700.0,278,20.9,10,2025-08-22
CUST0583,Gilda,53,Aceh,2023-12-05,jumarisafitri@example.org,890959121549,1,658,False,12,75183000,6265250.0,273,22.08,12,2025-03-22
CUST0584,Tedi,34,Papua,2025-02-01,waluyoulya@example.org,885511722670,1,234,True,6,46565000,7760833.33,134,31.67,6,2025-07-21
CUST0585,Lutfan,58,Maluku,2024-12-05,ulipertiwi@example.com,86379130538,0,292,True,11,44890000,4080909.09,171,22.09,11,2025-06-08
CUST0586,Ihsan,35,Papua,2024-06-10,wirda13@example.net,825591487828,0,470,True,8,15810000,1976250.0,70,28.75,8,2025-07-25
CUST0587,Ani,48,Kepulauan Riau,2025-04-21,ksiregar@example.org,82452288245,1,155,False,7,50142000,7163142.86,168,18.57,7,2025-09-09
CUST0588,Elisa,62,Jawa Timur,2023-10-12,sidiqmaryadi@example.org,856045232203,0,712,False,7,26621000,3803000.0,72,23.0,7,2025-03-28
CUST0589,Prayoga,44,Lampung,2025-06-15,winarsihgadang@example.org,89712784295,1,100,True,6,51571000,8595166.67,155,29.67,6,2025-08-29
CUST0590,Kasiran,47,Kalimantan Timur,2024-12-04,hardi57@example.com,8519926904,1,293,True,13,102980000,7921538.46,319,24.85,13,2025-08-28
CUST0591,Mitra,62,Sulawesi Selatan,2024-11-21,mitra_96@example.com,80074153153,1,306,True,2,12335000,6167500.0,69,6.5,2,2025-06-09
CUST0592,Arta,35,Maluku Utara,2024-11-03,202arta@example.com,858833371,1,324,True,2,20808000,10404000.0,60,10.5,2,2025-04-10
CUST0593,Faizah,53,Jawa Tengah,2025-01-22,570faizah@example.com,834638969,1,244,False,6,47658000,7943000.0,149,25.0,6,2025-08-01
CUST0594,Gina,42,Gorontalo,2023-12-25,shanialailasari@example.net,818590978872,0,638,False,2,3424000,1712000.0,14,28.0,2,2025-03-24
CUST0595,Siti,45,Sulawesi Selatan,2024-10-16,hadi28@example.net,811047236,1,342,False,9,90769000,10085444.44,246,21.67,9,2025-09-17
CUST0596,Lega,59,Sulawesi Utara,2025-03-21,877lega@example.com,863039556,1,186,True,9,84325000,9369444.44,244,24.67,9,2025-08-24
CUST0597,Paulin,56,Nusa Tenggara Barat,2025-04-17,lprasetyo@example.net,8705514829,1,159,False,4,46988000,11747000.0,124,27.75,4,2025-09-16
CUST0598,Jindra,39,Aceh,2025-06-04,jindra13@example.com,877080305,1,111,True,7,67443000,9634714.29,178,31.43,7,2025-09-08
CUST0599,Jaeman,60,Kalimantan Tengah,2024-10-30,jaeman_80@example.com,819937348329,1,328,True,9,110082000,12231333.33,249,20.11,9,2025-07-21
CUST0600,Lukman,22,Sumatera Barat,2024-06-27,lukman_28@example.com,8244948694,0,453,True,1,6840000,6840000.0,19,46.0,1,2025-03-28
CUST0601,Asirwanda,21,unknown,2024-03-04,asirwanda_21@example.com,8431403682,1,568,True,8,72824000,9103000.0,221,23.62,8,2025-01-27
CUST0602,Kani,22,Bali,2025-08-06,kani_93@example.com,843755267,0,48,False,15,58923800,3928253.33,212,27.27,15,2025-09-24
CUST0603,Ganjaran,26,DI Yogyakarta,2025-07-09,gharyanti@example.com,892960549777,1,76,True,2,10765000,5382500.0,47,22.5,2,2025-09-04
CUST0604,Laswi,50,Jawa Tengah,2024-10-23,faizahirawan@example.org,84033451513,1,335,True,13,84090000,6468461.54,370,25.54,13,2025-09-13
CUST0605,Titin,61,Maluku Utara,2024-08-16,ppurwanti@example.net,871369497965,1,403,False,11,132712000,12064727.27,289,30.45,11,2025-03-22
CUST0606,Zulfa,63,Lampung,2024-09-18,zulfa_40@example.com,8997409873,1,370,False,10,87005000,8700500.0,246,17.6,10,2025-08-12
CUST0607,Bala,65,Sulawesi Tenggara,2024-06-05,prabuwasita@example.net,862223646800,0,475,True,11,48038000,4367090.91,163,24.09,11,2025-03-16
CUST0608,Nova,33,Kalimantan Selatan,2025-06-13,hasanahdarijan@example.net,879131319,1,102,False,3,27317000,9105666.67,79,21.0,3,2025-08-22
CUST0860,Winda,38,unknown,2025-08-09,549winda@example.com,873339264,1,45,False,27,250201000,9266703.7,753,24.04,27,2025-09-22
CUST0609,Karsana,41,Aceh,2024-06-01,672karsana@example.com,84372668323,0,479,True,7,23863000,3409000.0,100,30.29,7,2025-02-20
CUST0610,Salsabila,29,Sulawesi Tenggara,2024-03-17,salsabila_71@example.com,822887770616,1,555,False,12,104224000,8685333.33,335,23.5,12,2025-03-29
CUST0611,Gilda,42,Maluku Utara,2025-05-02,620gilda@example.com,813990681066,1,144,False,5,33799000,6759800.0,112,22.8,5,2025-09-19
CUST0612,Jane,56,Jawa Barat,2025-01-04,bakiono12@example.com,814511115358,1,262,False,7,59933000,8561857.14,184,23.57,7,2025-02-28
CUST0613,Tira,41,DI Yogyakarta,2023-10-25,paris03@example.com,8821442514,1,699,False,1,16796000,16796000.0,38,14.0,1,2023-12-16
CUST0614,Ibun,38,Bengkulu,2024-04-04,hari52@example.com,805834605547,1,537,True,10,82491000,8249100.0,274,26.4,10,2025-07-16
CUST0615,Aurora,42,Bali,2024-02-20,439aurora@example.com,808862476,1,581,False,5,34084000,6816800.0,148,27.4,5,2025-05-05
CUST0616,Yessi,27,Aceh,2024-07-27,921yessi@example.com,8121074803,1,423,False,9,135025000,15002777.78,227,24.33,9,2025-05-13
CUST0617,Vanya,18,Sulawesi Tengah,2025-01-24,yusamah@example.org,83616720096,1,242,False,3,11691000,3897000.0,53,16.0,3,2025-04-12
CUST0618,Irsad,42,Kalimantan Timur,2025-03-07,karimah84@example.com,8612884980,1,200,True,12,83542000,6961833.33,313,21.5,12,2025-07-01
CUST0619,Tirta,60,Sulawesi Tenggara,2024-09-20,legawawacana@example.net,884902099,1,368,True,14,95581000,6827214.29,343,23.79,14,2025-03-17
CUST0620,Mustika,61,Lampung,2024-10-08,nainggolanwakiman@example.com,88513080865,0,350,True,3,13053000,4351000.0,56,20.67,3,2025-03-05
CUST0621,Najam,50,Jawa Tengah,2024-02-20,najam_35@example.com,897219775372,1,581,True,14,188095000,13435357.14,357,20.64,14,2025-06-04
CUST0622,Limar,46,Kalimantan Utara,2024-10-14,permadidewi@example.net,886603515,0,344,True,2,6300000,3150000.0,21,16.0,2,2025-05-04
CUST0623,Yuliana,50,Banten,2024-07-20,dewimegantara@example.net,8627817507,1,430,False,10,104993000,10499300.0,316,25.6,10,2025-02-10
CUST0624,Saiful,58,Kepulauan Bangka Belitung,2024-04-10,xpradana@example.org,81432596102,1,531,True,14,173060000,12361428.57,392,21.29,14,2025-03-07
CUST0625,Rahayu,27,DI Yogyakarta,2024-12-11,941rahayu@example.com,8660743548,0,286,False,4,5782000,1445500.0,38,19.5,4,2025-03-09
CUST0626,Ida,21,Kalimantan Selatan,2024-08-21,usadamila@example.org,89782150978,1,398,False,15,124036000,8269066.67,434,18.13,15,2025-05-15
CUST0627,Jelita,22,Riau,2023-11-30,jelita_54@example.com,8407248064,1,663,False,18,96880000,5382222.22,408,17.61,18,2025-09-03
CUST0628,Hani,48,Gorontalo,2023-12-08,842hani@example.com,852846720,1,655,False,15,98842000,6589466.67,370,29.93,15,2025-09-08
CUST0629,Baktiadi,37,Aceh,2024-04-14,820baktiadi@example.com,886652148046,1,527,True,9,73630000,8181111.11,235,22.22,9,2025-06-19
CUST0630,Ophelia,47,Maluku Utara,2024-08-24,himawan20@example.org,81451106781,1,395,False,12,140288000,11690666.67,348,19.67,12,2025-09-23
CUST0631,Gamanto,52,Kalimantan Utara,2023-12-30,464gamanto@example.com,871028575,1,633,True,3,24245000,8081666.67,91,33.0,3,2025-03-04
CUST0632,Vanesa,28,Papua,2023-10-03,vanesa474@example.com,8433804243,0,721,False,3,12849000,4283000.0,59,17.0,3,2025-06-20
CUST0633,Samsul,57,Aceh,2024-06-10,candrayolanda@example.com,80578570905,1,470,True,8,57668000,7208500.0,231,20.88,8,2025-03-07
CUST0634,Cemeti,34,unknown,2024-04-04,cemplunkwidodo@example.com,852504513,1,537,True,13,81148000,6242153.85,302,24.38,13,2025-05-24
CUST0635,Wahyu,20,Sumatera Utara,2025-03-15,budisitumorang@example.net,845369362416,0,192,True,10,36237000,3623700.0,146,22.9,10,2025-09-06
CUST0636,Mustika,42,Sulawesi Tenggara,2024-03-28,bala07@example.com,8806412674,1,544,True,4,47748000,11937000.0,116,19.0,4,2025-01-29
CUST0637,Rina,48,Sumatera Selatan,2024-12-04,94rina@example.com,828801022,1,293,False,2,14102000,7051000.0,58,26.0,2,2025-06-06
CUST0638,Utama,50,Nusa Tenggara Barat,2025-05-10,hasanahokto@example.org,815295768,1,136,True,4,35272000,8818000.0,125,35.0,4,2025-09-17
CUST0639,Damar,43,Jambi,2024-02-16,damar_13@example.com,899735272,1,585,True,6,42551000,7091833.33,158,26.5,6,2025-02-20
CUST0640,Prakosa,53,Jawa Tengah,2023-09-26,prakosa_11@example.com,8974622595,1,728,True,6,36445000,6074166.67,115,17.17,6,2025-01-07
CUST0641,Jagaraga,60,unknown,2023-10-07,107jagaraga@example.com,8990445119,1,717,True,5,54695000,10939000.0,175,33.0,5,2025-06-14
CUST0642,Dina,19,Sulawesi Barat,2024-06-08,dina54@example.com,802910809000,1,472,False,3,32226000,10742000.0,86,19.67,3,2025-06-16
CUST0643,Kemal,18,Jawa Barat,2025-07-23,923kemal@example.com,883034661,1,62,True,7,103944000,14849142.86,219,15.29,7,2025-09-18
CUST0644,Genta,53,Jawa Barat,2024-12-09,genta_14@example.com,88375011629,1,288,False,12,69024000,5752000.0,359,24.08,12,2025-07-30
CUST0645,Citra,53,Maluku,2024-12-12,citra_23@example.com,89832362663,0,285,False,2,4937000,2468500.0,21,46.5,2,2025-01-26
CUST0646,Rafi,42,Maluku Utara,2024-08-23,emin81@example.org,87520182694,0,396,True,4,10724000,2681000.0,77,20.75,4,2025-02-18
CUST0647,Upik,20,Sulawesi Selatan,2025-03-21,faizah37@example.net,823077372,1,186,True,1,5148000,5148000.0,36,21.0,1,2025-03-27
CUST0648,Lidya,48,DKI Jakarta,2025-04-22,uwaisjamil@example.com,83566634506,1,154,False,7,50873000,7267571.43,209,15.0,7,2025-09-03
CUST0649,Caturangga,42,Nusa Tenggara Timur,2024-02-15,padmasariganjaran@example.net,842940543,1,586,True,15,84296000,5619733.33,338,19.87,15,2025-07-02
CUST0650,Edi,33,unknown,2023-11-10,66edi@example.com,823265292645,1,683,True,6,61117000,10186166.67,199,30.83,6,2025-02-16
CUST0651,Karsa,51,Sulawesi Utara,2024-01-01,karsa639@example.com,81101529747,1,631,True,4,37669000,9417250.0,101,31.75,4,2025-04-14
CUST0652,Jatmiko,28,Kalimantan Tengah,2024-04-19,ika39@example.net,839344864,1,522,True,9,62303000,6922555.56,258,26.0,9,2025-05-07
CUST0653,Salimah,32,Lampung,2025-02-04,salimah_81@example.com,844492489852,0,231,False,1,5194000,5194000.0,14,10.0,1,2025-08-29
CUST0654,Empluk,48,Banten,2024-07-05,bagas61@example.org,816856958,0,445,True,11,29008000,2637090.91,123,22.73,11,2025-06-28
CUST0655,Galak,25,DKI Jakarta,2025-03-20,galak873@example.com,814018461,0,187,True,15,47234000,3148933.33,190,20.33,15,2025-07-02
CUST0656,Damar,58,Nusa Tenggara Barat,2025-06-26,mustofa35@example.com,85527810726,1,89,True,11,83370000,7579090.91,257,22.18,11,2025-09-04
CUST0657,Kartika,24,Jawa Barat,2025-07-15,salwa82@example.com,888762476,1,70,False,8,75584000,9448000.0,237,23.5,8,2025-09-17
CUST0658,Jagaraga,56,DI Yogyakarta,2025-04-02,fujiatidaryani@example.com,86284863979,0,174,True,15,48973000,3264866.67,209,24.13,15,2025-09-15
CUST0659,Gaiman,50,Gorontalo,2024-09-30,gaiman_38@example.com,843988791,1,358,True,10,101607000,10160700.0,288,22.5,10,2025-04-09
CUST0660,Ade,30,Papua,2024-02-02,978ade@example.com,82838046583,0,599,False,9,35380000,3931111.11,110,31.44,9,2025-09-10
CUST0662,Gada,47,Kalimantan Selatan,2024-10-21,gada939@example.com,839506973293,1,337,True,12,106043000,8836916.67,330,18.83,12,2025-07-12
CUST0663,Melinda,42,Jawa Timur,2025-01-12,989melinda@example.com,8605603918,1,254,False,6,63048000,10508000.0,184,26.0,6,2025-01-13
CUST0664,Michelle,25,Kalimantan Selatan,2025-03-26,408michelle@example.com,837828266,1,181,False,6,44791000,7465166.67,144,32.67,6,2025-08-13
CUST0665,Prakosa,50,Papua,2025-07-12,humaira13@example.net,879933014807,0,73,True,15,59609000,3973933.33,242,27.47,15,2025-09-23
CUST0666,Jaiman,63,Gorontalo,2025-03-25,swahyuni@example.net,8468511994,1,182,True,4,16516000,4129000.0,76,30.75,4,2025-08-17
CUST0667,Balijan,25,Gorontalo,2024-11-27,ksuryatmi@example.net,874544345358,1,300,True,13,83616000,6432000.0,345,25.08,13,2025-05-04
CUST0668,Ajimat,60,Sulawesi Utara,2024-05-27,ajimat722@example.com,883294231,1,484,True,8,57264000,7158000.0,193,28.25,8,2025-06-28
CUST0669,Dalimin,31,Kalimantan Timur,2023-11-15,ssantoso@example.net,8894840598,0,678,True,5,13326000,2665200.0,52,16.8,5,2025-05-18
CUST0670,Bakti,36,Lampung,2025-09-18,bakti_14@example.com,81997368461,1,5,True,14,160568000,11469142.86,387,28.29,14,2025-09-24
CUST0671,Ismail,40,Kepulauan Bangka Belitung,2024-03-08,ismail168@example.com,8283514490,1,564,True,1,6600000,6600000.0,22,10.0,1,2025-03-16
CUST0672,Kartika,38,Riau,2024-01-30,xpratiwi@example.net,806240356,1,602,False,1,6280000,6280000.0,20,35.0,1,2024-11-12
CUST0673,Pia,30,Bengkulu,2024-02-28,oktavianihartaka@example.net,8243723031,0,573,False,12,42875000,3572916.67,158,34.83,12,2025-09-20
CUST0674,Vicky,53,Sumatera Selatan,2024-09-09,vicky_20@example.com,848677025,1,379,False,8,56294000,7036750.0,177,26.88,8,2025-02-23
CUST0675,Saka,29,Aceh,2024-12-20,gandirahayu@example.org,89549132065,1,277,True,6,28138000,4689666.67,155,20.0,6,2025-04-04
CUST0676,Mila,64,Sumatera Barat,2024-08-30,mila966@example.com,81965795730,1,389,False,9,78811000,8756777.78,237,20.33,9,2025-06-20
CUST0677,Gawati,60,Sumatera Selatan,2024-10-03,wibisonoedi@example.org,836399186101,1,355,False,1,11913000,11913000.0,33,6.0,1,2025-03-09
CUST0678,Halima,42,Nusa Tenggara Barat,2025-04-28,iuwais@example.net,843115878464,1,148,False,7,99567000,14223857.14,199,22.14,7,2025-08-19
CUST0680,Tania,52,Kalimantan Selatan,2024-09-06,galionowasita@example.net,85024295384,0,382,False,13,43604000,3354153.85,224,18.15,13,2025-08-31
CUST0681,Gina,34,DI Yogyakarta,2025-09-04,mandasarihasta@example.com,886383735430,0,19,False,6,12666000,2111000.0,60,25.17,6,2025-09-22
CUST0682,Agnes,30,Sulawesi Tengah,2025-03-10,jagapatiwasita@example.com,802302768,1,197,False,14,117818000,8415571.43,328,22.29,14,2025-09-12
CUST0683,Aisyah,21,unknown,2025-02-11,agusadriansyah@example.net,86445039754,1,224,False,6,63505000,10584166.67,182,13.67,6,2025-08-24
CUST0684,Zamira,20,Nusa Tenggara Barat,2024-01-03,863zamira@example.com,814042975117,1,629,False,2,10567000,5283500.0,43,20.0,2,2025-03-07
CUST0685,Jaiman,42,Sulawesi Selatan,2024-08-11,jaiman538@example.com,818103569,1,408,True,12,77522000,6460166.67,321,23.5,12,2025-05-19
CUST0686,Slamet,42,Gorontalo,2024-02-28,144slamet@example.com,825675276374,1,573,True,9,59882000,6653555.56,256,23.44,9,2025-08-03
CUST0687,Viktor,31,DKI Jakarta,2025-01-12,mandalajasmani@example.com,816703639,1,254,True,9,130199000,14466555.56,241,21.11,9,2025-08-21
CUST0688,Jaga,36,Papua Barat,2024-11-22,wasishutagalung@example.org,8001846038,0,305,True,6,27396000,4566000.0,99,25.83,6,2025-08-13
CUST0689,Wahyu,55,Kalimantan Tengah,2024-07-20,wahyu_93@example.com,882315176,1,430,True,15,133505000,8900333.33,387,22.47,15,2025-06-05
CUST0690,Clara,18,Gorontalo,2024-02-16,clara_1@example.com,88870646610,1,585,False,13,88619000,6816846.15,274,18.38,13,2025-03-14
CUST0691,Elvina,32,Sulawesi Utara,2024-08-04,443elvina@example.com,84736764699,1,415,False,4,25327000,6331750.0,141,21.5,4,2025-03-19
CUST0692,Kasiyah,18,Jambi,2024-04-13,865kasiyah@example.com,869825404,1,528,False,5,39430000,7886000.0,147,27.6,5,2025-03-28
CUST0693,Cakrabirawa,27,Banten,2025-02-18,asaragih@example.net,895774125,0,217,True,8,25798000,3224750.0,79,19.5,8,2025-07-22
CUST0694,Adiarja,44,Papua Barat,2025-06-23,adiarja_50@example.com,804009508,0,92,True,15,62709000,4180600.0,206,23.53,15,2025-09-21
CUST0695,Putu,19,Jambi,2025-08-15,573putu@example.com,807729943,1,39,True,11,72582000,6598363.64,278,20.45,11,2025-09-24
CUST0696,Melinda,65,Jambi,2024-01-05,sinagamahesa@example.org,82287594507,1,627,False,15,132975000,8865000.0,459,19.73,15,2025-07-23
CUST0697,Eka,53,Bali,2025-09-01,eka_40@example.com,8160778839,1,22,True,3,27024000,9008000.0,79,22.0,3,2025-09-22
CUST0698,Fathonah,49,Bengkulu,2025-08-31,rajatabakianto@example.org,828083699871,1,23,False,13,81828000,6294461.54,303,22.46,13,2025-09-22
CUST0699,Yoga,45,Kalimantan Timur,2024-04-26,kawayadongoran@example.com,895059196381,1,515,True,13,127317000,9793615.38,317,25.31,13,2025-03-20
CUST0700,Leo,50,Kepulauan Riau,2024-07-19,asmadimegantara@example.com,867258473818,0,431,True,6,13609000,2268166.67,89,19.17,6,2025-03-07
CUST0701,Padma,56,Sulawesi Barat,2025-05-02,937padma@example.com,84110152654,1,144,False,8,95557000,11944625.0,198,24.88,8,2025-09-23
CUST0702,Hana,20,Jawa Tengah,2025-01-03,hana611@example.com,853585286,1,263,False,10,57522000,5752200.0,237,30.8,10,2025-08-16
CUST0703,Maryadi,51,Jambi,2024-04-13,maryadi_37@example.com,815004463,1,528,True,13,122649000,9434538.46,307,20.69,13,2025-08-16
CUST0704,Talia,52,DKI Jakarta,2024-03-23,putu80@example.org,808950494,0,549,False,3,9319000,3106333.33,25,20.0,3,2025-03-01
CUST0705,Karen,37,Jawa Timur,2024-08-10,535karen@example.com,846176015737,1,409,False,11,109012000,9910181.82,319,24.09,11,2025-09-08
CUST0706,Carla,42,Lampung,2024-04-11,carla92@example.com,88670205486,1,530,False,10,79327000,7932700.0,294,21.7,10,2025-08-14
CUST0707,Waluyo,38,Sumatera Utara,2024-04-17,mtamba@example.com,826168202128,0,524,True,8,19880000,2485000.0,120,18.75,8,2025-09-06
CUST0708,Safina,47,unknown,2024-02-04,bambang52@example.net,839301635,1,597,False,7,106716000,15245142.86,201,25.14,7,2025-07-30
CUST0709,Elisa,62,Kalimantan Barat,2024-12-04,iswahyudimartaka@example.net,883761055,1,293,False,5,28175000,5635000.0,104,21.6,5,2025-03-14
CUST0710,Cagak,33,Sumatera Barat,2025-08-05,532cagak@example.com,834728012,1,49,True,9,69598000,7733111.11,210,21.0,9,2025-09-23
CUST0711,Putri,32,Papua Barat,2025-08-28,23putri@example.com,84579835662,1,26,False,4,42772000,10693000.0,101,31.75,4,2025-09-12
CUST0712,Panca,60,Riau,2025-07-02,ihutagalung@example.com,81112062265,1,83,True,2,18648000,9324000.0,54,39.0,2,2025-09-17
CUST0713,Harjasa,47,Bali,2025-02-22,mahendragina@example.org,886567232085,1,213,True,11,86779000,7889000.0,292,26.91,11,2025-09-13
CUST0714,Nilam,21,Kalimantan Timur,2025-05-09,rafidhutasoit@example.net,80874483732,1,137,False,9,81909000,9101000.0,294,24.67,9,2025-09-17
CUST0715,Jane,26,Papua Barat,2024-02-13,jane_31@example.com,876381976,1,588,False,11,76451000,6950090.91,275,27.27,11,2025-06-07
CUST0716,Kiandra,57,DI Yogyakarta,2025-04-02,241kiandra@example.com,84780209256,1,174,False,9,85721000,9524555.56,208,23.56,9,2025-09-22
CUST0717,Dewi,42,Jambi,2024-06-13,anggriawanasmadi@example.org,817589292209,1,467,False,14,84888000,6063428.57,346,31.36,14,2025-05-31
CUST0718,Azalea,40,Jambi,2024-12-23,handayanigandi@example.com,856761900032,1,274,False,2,12791000,6395500.0,56,23.5,2,2025-02-13
CUST0719,Farhunnisa,45,Kalimantan Timur,2024-09-10,pertiwiumaya@example.net,826855119118,0,378,False,2,3023000,1511500.0,27,15.0,2,2025-01-12
CUST0720,Caturangga,21,Nusa Tenggara Barat,2025-06-10,utamiciaobella@example.org,8835787473,1,105,True,10,90711000,9071100.0,269,26.3,10,2025-09-20
CUST0721,Yessi,28,Jawa Tengah,2025-02-21,kuswandaridalima@example.net,851615395,0,214,False,4,20546000,5136500.0,75,27.25,4,2025-05-16
CUST0722,Asirwada,42,Kepulauan Bangka Belitung,2023-11-13,umegantara@example.net,881691858,1,680,True,7,58606000,8372285.71,220,20.29,7,2025-06-17
CUST0723,Cemani,51,Kepulauan Riau,2025-09-15,opungsantoso@example.org,86797399916,0,8,True,11,26483000,2407545.45,123,23.18,11,2025-09-23
CUST0724,Ayu,42,Sulawesi Selatan,2025-03-05,pastuti@example.net,842274101,1,202,False,12,67997000,5666416.67,260,24.58,12,2025-07-15
CUST0725,Umaya,47,Banten,2024-05-17,wijayaviman@example.net,8417551424,1,494,True,1,3570000,3570000.0,35,26.0,1,2025-02-26
CUST0726,Irma,31,Kepulauan Riau,2024-04-26,irma_29@example.com,808725645621,0,515,False,12,55617000,4634750.0,240,24.75,12,2025-03-14
CUST0727,Kamila,21,Jawa Barat,2025-06-20,putri22@example.org,8071931616,1,95,False,5,55064000,11012800.0,160,11.6,5,2025-08-11
CUST0728,Oni,21,Nusa Tenggara Barat,2024-10-06,hlestari@example.org,804991340,1,352,False,15,132108000,8807200.0,423,22.6,15,2025-08-29
CUST0729,Yani,25,Bengkulu,2023-12-25,alika09@example.com,872626166,0,638,False,14,49682000,3548714.29,159,26.64,14,2025-04-16
CUST0730,Galur,38,Sumatera Selatan,2024-09-18,galur_37@example.com,80496762480,1,370,True,12,92272000,7689333.33,330,30.42,12,2025-04-06
CUST0731,Banawi,20,Sumatera Barat,2024-07-04,zulkarnainellis@example.net,899541795,0,446,True,7,16269000,2324142.86,86,25.43,7,2025-04-12
CUST0732,Vanya,39,Sulawesi Utara,2025-03-10,inapertiwi@example.net,8765545919,0,197,False,2,4542000,2271000.0,26,38.5,2,2025-02-03
CUST0733,Michelle,42,DI Yogyakarta,2024-04-01,budimanparman@example.org,874704018,0,540,False,12,43701500,3641791.67,151,20.67,12,2025-07-30
CUST0734,Gamblang,64,Papua Barat,2024-12-15,galuh31@example.net,8678365470,0,282,True,8,12404700,1550587.5,117,27.88,8,2025-09-05
CUST0735,Shakila,42,Sumatera Barat,2024-01-22,novitasarilukman@example.org,8284446633,0,610,False,11,22135000,2012272.73,122,34.73,11,2025-07-29
CUST0736,Dian,43,Kalimantan Tengah,2023-11-17,wulan20@example.net,8672756228,1,676,False,4,36949000,9237250.0,102,27.25,4,2025-03-19
CUST0737,Citra,25,Kalimantan Tengah,2024-10-11,sarahfirmansyah@example.org,897046833,0,347,False,14,40081000,2862928.57,184,26.79,14,2025-06-18
CUST0739,Mulyono,24,Kalimantan Barat,2024-10-31,mulyono_17@example.com,816090025,1,327,True,9,68038000,7559777.78,248,23.78,9,2025-06-12
CUST0740,Amalia,54,Sulawesi Tengah,2024-11-05,amalia725@example.com,8764210445,1,322,False,2,12630000,6315000.0,42,15.5,2,2025-09-10
CUST0741,Julia,55,Jawa Barat,2024-11-07,dharyanto@example.com,83962790748,1,320,False,11,57144000,5194909.09,244,35.27,11,2025-09-04
CUST0742,Cengkal,42,Jawa Tengah,2025-02-05,dodowibisono@example.org,844962659438,1,230,True,8,99649000,12456125.0,232,21.62,8,2025-08-09
CUST0743,Aisyah,42,Sumatera Utara,2024-11-07,aisyah_93@example.com,858705112293,0,320,False,13,40228000,3094461.54,163,27.0,13,2025-06-01
CUST0744,Dalima,28,Lampung,2024-06-03,usimbolon@example.net,823873398,0,477,False,8,22571000,2821375.0,87,23.5,8,2025-03-26
CUST0745,Cahyadi,27,Sulawesi Selatan,2025-05-19,cahyadi_58@example.com,856994088547,1,127,True,6,29544000,4924000.0,104,27.83,6,2025-09-23
CUST0746,Gada,37,Lampung,2024-12-14,dhabibi@example.com,886957090,1,283,True,1,13884000,13884000.0,39,23.0,1,2025-03-09
CUST0747,Nilam,42,Maluku Utara,2025-04-16,citraprabowo@example.org,86848771857,1,160,False,9,79538000,8837555.56,258,20.44,9,2025-09-12
CUST0748,Tantri,50,unknown,2024-08-18,tantri_19@example.com,8862206790,1,401,False,13,77641000,5972384.62,355,17.08,13,2025-08-31
CUST0749,Vinsen,54,Sumatera Utara,2023-10-25,vinsen_51@example.com,877845360932,1,699,True,6,57772000,9628666.67,176,26.83,6,2025-03-19
CUST0750,Darmana,19,Lampung,2024-06-14,bsuryono@example.com,8188573513,1,466,True,11,100503000,9136636.36,335,23.55,11,2025-09-17
CUST0751,Harjo,35,Kalimantan Barat,2023-12-28,dartono62@example.net,869852943,1,635,True,6,53512000,8918666.67,196,22.67,6,2025-02-22
CUST0752,Puput,60,DKI Jakarta,2025-05-16,830puput@example.com,888557859258,0,130,False,2,9912000,4956000.0,33,25.5,2,2025-07-25
CUST0753,Lanang,54,Papua,2025-05-19,eandriani@example.net,85464276586,0,127,True,12,51436000,4286333.33,225,20.67,12,2025-08-29
CUST0754,Ajiman,32,Kalimantan Tengah,2025-05-14,damarhardiansyah@example.net,8181142457,1,132,True,1,9114000,9114000.0,21,36.0,1,2025-06-14
CUST0755,Devi,37,Sulawesi Tenggara,2023-12-14,799devi@example.com,8230343825,1,649,False,6,43887000,7314500.0,126,35.5,6,2025-08-16
CUST0756,Olivia,27,Banten,2024-09-03,650olivia@example.com,876164272623,1,385,False,12,93101000,7758416.67,315,22.42,12,2025-04-15
CUST0757,Karsa,18,Kalimantan Selatan,2024-02-16,608karsa@example.com,8219248831,0,585,True,8,33136000,4142000.0,116,32.0,8,2025-04-02
CUST0758,Slamet,40,Kepulauan Bangka Belitung,2024-05-01,mmaryadi@example.org,888518829,0,510,True,3,13160000,4386666.67,51,40.33,3,2025-03-12
CUST0759,Zelda,60,unknown,2025-07-14,ndongoran@example.org,866263295,1,71,False,7,55071000,7867285.71,166,34.29,7,2025-09-15
CUST0760,Safina,34,Sulawesi Barat,2024-06-03,wijayantialika@example.org,8390146803,1,477,False,12,81549000,6795750.0,312,19.33,12,2025-08-01
CUST0761,Intan,58,Riau,2024-04-22,rusmanrajasa@example.org,8650147872,1,519,False,2,13260000,6630000.0,52,6.5,2,2024-12-13
CUST0762,Jayeng,42,Sulawesi Tenggara,2024-05-06,jayeng_70@example.com,81210847202,0,505,True,15,45945000,3063000.0,217,21.6,15,2025-05-24
CUST0763,Karman,29,Jawa Barat,2024-03-06,818karman@example.com,86039828212,0,566,True,6,16522000,2753666.67,68,21.5,6,2025-03-10
CUST0764,Irfan,42,Sulawesi Barat,2024-12-16,irfan_91@example.com,826879745362,0,281,True,4,19284000,4821000.0,62,23.25,4,2025-03-23
CUST0765,Among,32,Kepulauan Bangka Belitung,2025-03-31,gamanhutapea@example.com,8915162914,1,176,True,15,171944000,11462933.33,391,28.07,15,2025-09-24
CUST0766,Putri,60,Kalimantan Selatan,2025-07-10,halimahcager@example.org,8869484756,1,75,False,8,58733000,7341625.0,212,25.88,8,2025-09-12
CUST0767,Irfan,46,Kepulauan Riau,2025-01-12,irfan_68@example.com,894715081,1,254,True,14,89270000,6376428.57,338,24.71,14,2025-09-20
CUST0768,Ika,39,Lampung,2025-05-27,luhungsaefullah@example.net,817496131260,1,119,False,10,66707000,6670700.0,263,13.7,10,2025-09-05
CUST0769,Lidya,21,Bengkulu,2025-04-10,tharyanto@example.org,8022421807,1,166,False,7,55900000,7985714.29,170,22.43,7,2025-09-07
CUST0770,Bella,29,DKI Jakarta,2024-05-11,winarnofathonah@example.net,88869360227,1,500,False,14,125314000,8951000.0,410,21.14,14,2025-06-13
CUST0771,Bakianto,51,Maluku,2025-01-02,banara24@example.org,833704233008,1,264,True,6,59951000,9991833.33,163,29.5,6,2025-09-21
CUST0772,Tania,42,Nusa Tenggara Timur,2024-05-03,tania413@example.com,859532978460,0,508,False,10,47526000,4752600.0,177,27.2,10,2025-07-22
CUST0773,Manah,59,Sumatera Barat,2025-04-22,manah_69@example.com,8189245083,1,154,True,5,39455000,7891000.0,137,16.8,5,2025-08-23
CUST0774,Eka,59,Aceh,2023-11-29,471eka@example.com,895515915,1,664,False,7,76385000,10912142.86,186,29.43,7,2025-05-23
CUST0775,Tedi,57,unknown,2024-04-27,hartatiwasis@example.net,8833792563,1,514,True,8,62315000,7789375.0,192,16.88,8,2025-04-18
CUST0776,Nilam,35,Bali,2024-06-22,drahmawati@example.net,8060855706,1,458,False,13,84345000,6488076.92,310,23.08,13,2025-02-24
CUST0777,Icha,62,Kalimantan Utara,2024-12-11,yhalimah@example.net,81345990329,1,286,False,6,45551000,7591833.33,161,18.0,6,2025-09-13
CUST0778,Embuh,42,Papua,2024-06-02,among30@example.net,8135942920,1,478,True,14,95854000,6846714.29,382,26.0,14,2025-07-16
CUST0779,Eman,49,Jambi,2025-07-14,eman593@example.com,8674755381,0,71,True,3,7377000,2459000.0,33,26.0,3,2025-09-08
CUST0780,Hadi,33,Sulawesi Barat,2023-10-21,hadi_56@example.com,810877392,0,703,True,10,34967000,3496700.0,119,23.3,10,2025-07-13
CUST0781,Yance,22,Aceh,2024-05-06,ramadanmartana@example.org,8731207369,1,505,False,4,28819000,7204750.0,113,12.75,4,2025-07-01
CUST0782,Hardi,61,Papua,2024-04-19,jessicamahendra@example.org,822028772862,0,522,True,14,65400000,4671428.57,246,26.29,14,2025-03-27
CUST0783,Carla,28,Gorontalo,2024-03-06,rmandasari@example.com,89802412289,1,566,False,13,112640000,8664615.38,355,23.08,13,2025-08-28
CUST0784,Indah,44,unknown,2024-03-23,tantrirajata@example.net,869219285856,0,549,False,15,29606700,1973780.0,118,20.13,15,2025-09-22
CUST0785,Ella,19,Kalimantan Tengah,2025-09-14,habibielon@example.org,8991135536,1,9,False,5,54125000,10825000.0,168,27.0,5,2025-09-23
CUST0786,Maryanto,58,Jawa Tengah,2024-04-11,tira25@example.net,8805105835,1,530,True,14,108883000,7777357.14,320,18.86,14,2025-09-19
CUST0787,Tantri,30,Lampung,2025-01-30,yessioktaviani@example.org,8876272379,0,236,False,3,7469000,2489666.67,31,13.67,3,2025-04-19
CUST0788,Panca,53,Sulawesi Utara,2023-10-07,mandalairsad@example.net,807605501418,0,717,True,5,12344000,2468800.0,53,29.2,5,2025-02-27
CUST0789,Zahra,39,unknown,2024-10-30,agustinaenteng@example.com,8611018654,0,328,False,5,24790000,4958000.0,64,19.8,5,2025-07-07
CUST0790,Yance,30,Sulawesi Selatan,2024-10-24,lailasarigaiman@example.com,894545524276,1,334,False,3,29930000,9976666.67,79,22.67,3,2025-01-30
CUST0791,Harjo,44,Papua,2024-05-09,jinawizulaika@example.com,804008186,1,502,True,9,120281000,13364555.56,288,20.33,9,2025-03-12
CUST0792,Paiman,22,DKI Jakarta,2023-10-07,cahyo81@example.net,807856715,1,717,True,2,13167000,6583500.0,72,28.5,2,2024-11-21
CUST0793,Zalindra,27,Kepulauan Bangka Belitung,2024-11-10,rinijailani@example.com,858144790,1,317,False,14,128489000,9177785.71,381,32.86,14,2025-03-13
CUST0794,Irsad,43,Sulawesi Tenggara,2024-02-18,76irsad@example.com,87412970276,0,583,True,7,11540000,1648571.43,100,39.71,7,2025-03-25
CUST0795,Cindy,33,Nusa Tenggara Timur,2024-07-03,firgantorojinawi@example.org,879694495,1,447,False,15,132528000,8835200.0,418,17.67,15,2025-07-12
CUST0796,Kartika,54,Kalimantan Selatan,2024-02-21,siregarhasta@example.com,872790807544,0,580,False,8,10969000,1371125.0,99,16.12,8,2025-03-27
CUST0797,Kayun,23,Jawa Timur,2025-04-22,eprasetya@example.org,803884526,1,154,True,6,47252000,7875333.33,192,34.33,6,2025-09-11
CUST0798,Tami,47,Kalimantan Timur,2024-03-11,tami657@example.com,872205052,1,561,False,8,53992000,6749000.0,205,23.0,8,2025-07-31
CUST0799,Ratna,28,Jawa Timur,2024-11-28,latika64@example.com,87084871353,1,299,False,2,6351000,3175500.0,51,35.5,2,2025-01-07
CUST0800,Jagaraga,41,Bengkulu,2024-08-19,laraswijaya@example.org,85760582857,0,400,True,12,16820000,1401666.67,108,20.5,12,2025-04-29
CUST0801,Lukita,50,Bali,2024-04-23,unggul18@example.com,822523305165,1,518,True,14,208310000,14879285.71,394,33.86,14,2025-08-17
CUST0802,Karen,46,Kalimantan Selatan,2024-12-26,197karen@example.com,830127543,1,271,False,10,58762000,5876200.0,238,26.7,10,2025-09-20
CUST0803,Gabriella,55,Nusa Tenggara Timur,2025-08-13,bsantoso@example.com,855135196,1,41,False,8,80723000,10090375.0,238,19.25,8,2025-09-20
CUST0804,Latika,49,Jawa Timur,2024-07-25,jumari71@example.org,80501083075,1,425,False,10,108291000,10829100.0,280,15.9,10,2025-06-26
CUST0805,Wahyu,59,Kepulauan Riau,2024-07-16,wahyu572@example.com,83883908996,0,434,True,3,12849000,4283000.0,45,22.67,3,2025-03-01
CUST0806,Vicky,29,Sumatera Selatan,2025-02-16,qorinapitupulu@example.net,869329753,1,219,False,6,36331000,6055166.67,133,30.0,6,2025-04-18
CUST0807,Cayadi,34,Papua Barat,2024-08-05,61cayadi@example.com,829097499,0,414,True,5,14581000,2916200.0,65,27.6,5,2025-03-20
CUST0808,Ifa,52,Papua Barat,2025-07-21,ifa523@example.com,865214877,1,64,False,13,87307000,6715923.08,324,24.15,13,2025-09-14
CUST0809,Wasis,31,Sulawesi Barat,2025-06-23,belindaramadan@example.com,855320071,0,92,True,1,1712000,1712000.0,16,0.0,1,2025-08-24
CUST0810,Jayeng,43,Jambi,2023-11-24,eyuniar@example.org,855957372,1,669,True,4,40293000,10073250.0,87,21.5,4,2025-07-03
CUST0811,Nilam,48,Kalimantan Barat,2025-08-02,hasnauwais@example.org,82375631588,1,52,False,10,134264000,13426400.0,312,31.5,10,2025-09-14
CUST0812,Halim,44,Kalimantan Utara,2025-06-21,halim_85@example.com,8331134183,1,94,True,15,129171000,8611400.0,387,24.27,15,2025-09-19
CUST0813,Nabila,60,DI Yogyakarta,2024-08-06,jarwa62@example.com,866139326,1,413,False,7,29469000,4209857.14,154,14.14,7,2025-04-01
CUST0814,Viman,63,Kalimantan Utara,2025-08-04,inasyiah@example.org,8354650290,0,50,True,1,1300000,1300000.0,10,47.0,1,2025-08-20
CUST0815,Michelle,20,Riau,2024-10-14,michelle910@example.com,864300262,0,344,False,5,20055000,4011000.0,56,31.6,5,2025-04-01
CUST0816,Melinda,64,Banten,2023-11-12,11melinda@example.com,859852123933,1,681,False,7,89984000,12854857.14,228,29.43,7,2025-04-18
CUST0817,Syahrini,63,Nusa Tenggara Timur,2024-06-26,pratamagatra@example.net,8875898692,1,454,False,9,51060000,5673333.33,186,23.78,9,2025-03-28
CUST0818,Sabar,42,Papua Barat,2024-12-12,melindanarpati@example.org,81276584519,1,285,True,8,77066000,9633250.0,205,22.12,8,2025-09-21
CUST0819,Mulya,53,Papua,2024-02-13,mulya_72@example.com,8398216452,1,588,True,2,10643000,5321500.0,65,24.0,2,2025-08-30
CUST0820,Raihan,48,Aceh,2024-09-01,warta50@example.com,8669427842,1,387,True,8,132064000,16508000.0,230,28.0,8,2025-05-09
CUST0821,Nilam,48,Jawa Timur,2024-03-14,yulia90@example.net,858872748830,1,558,False,4,18220000,4555000.0,83,17.5,4,2025-03-06
CUST0822,Febi,56,Lampung,2024-06-15,febi_15@example.com,845251267113,1,465,False,15,142647000,9509800.0,374,31.47,15,2025-09-22
CUST0823,Drajat,48,Kalimantan Timur,2023-12-27,setiawannasim@example.net,82065914060,0,636,True,12,40529000,3377416.67,190,17.92,12,2025-02-07
CUST0824,Kawaya,45,Sumatera Barat,2024-04-08,pzulkarnain@example.com,830332335658,1,533,True,7,68185000,9740714.29,195,21.43,7,2025-04-15
CUST0825,Erik,28,Kalimantan Timur,2024-02-29,narpaticayadi@example.org,863247452,1,572,True,5,24011000,4802200.0,159,13.4,5,2025-01-07
CUST0826,Pia,33,Kalimantan Utara,2024-04-11,533pia@example.com,823875757,1,530,False,11,109834000,9984909.09,339,24.55,11,2025-03-28
CUST0827,Iriana,56,Banten,2024-04-12,gaimannababan@example.com,8796150235,1,529,False,3,31404000,10468000.0,104,27.0,3,2025-02-09
CUST0828,Rini,39,Sulawesi Utara,2024-07-07,rini630@example.com,883661568528,1,443,False,10,84518000,8451800.0,280,14.3,10,2025-09-21
CUST0829,Dewi,65,Sumatera Utara,2024-09-08,vivimaulana@example.com,8599983545,1,380,False,6,63610000,10601666.67,169,28.17,6,2025-02-10
CUST0830,Faizah,40,Sumatera Utara,2025-06-10,susantimarsudi@example.org,8213605722,1,105,False,10,139696000,13969600.0,279,24.1,10,2025-09-01
CUST0831,Kasiyah,56,Kalimantan Barat,2023-11-03,novamahendra@example.com,871439104,1,690,False,3,17388000,5796000.0,50,19.0,3,2025-02-17
CUST0832,Ida,50,Bali,2024-11-04,suartiniharimurti@example.org,8593807183,1,323,False,15,115382000,7692133.33,395,19.07,15,2025-09-21
CUST0833,Cager,45,Sulawesi Utara,2024-01-16,cager_96@example.com,875205918,1,616,True,1,7146000,7146000.0,18,15.0,1,2024-03-23
CUST0834,Marwata,36,Kepulauan Riau,2025-09-20,yuliartikunthara@example.com,8397261952,1,3,True,3,27721000,9240333.33,81,29.67,3,2025-09-24
CUST0835,Raisa,64,Kalimantan Barat,2024-11-24,982raisa@example.com,8230549642,0,303,False,11,27249000,2477181.82,95,22.82,11,2025-07-30
CUST0836,Mahfud,38,Riau,2025-07-21,kasusra28@example.com,832255251,1,64,True,9,66985000,7442777.78,234,23.67,9,2025-09-09
CUST0837,Novi,49,Nusa Tenggara Barat,2024-07-14,novi_55@example.com,8856031811,1,436,False,7,35159000,5022714.29,132,26.43,7,2025-09-02
CUST0838,Ratih,30,Sumatera Utara,2023-09-25,fitria10@example.com,8559069198,1,729,False,15,112421000,7494733.33,390,25.4,15,2025-05-26
CUST0839,Panca,58,Kepulauan Riau,2025-06-27,mnuraini@example.net,806628082,0,88,True,2,10842000,5421000.0,29,13.0,2,2025-09-13
CUST0840,Galar,27,Jambi,2024-05-03,galar_38@example.com,861223351,1,508,True,1,4437000,4437000.0,29,7.0,1,2025-02-02
CUST0841,Ciaobella,60,Nusa Tenggara Barat,2024-10-02,bambang40@example.org,845143427,1,356,False,3,20374000,6791333.33,57,14.67,3,2025-08-18
CUST0842,Gabriella,30,unknown,2024-08-08,rezasihotang@example.net,879151819,0,411,False,13,20027300,1540561.54,119,22.38,13,2025-08-06
CUST0843,Lidya,43,Maluku Utara,2024-02-28,dwimayasari@example.net,8103026968,1,573,False,14,101466000,7247571.43,342,25.64,14,2025-07-09
CUST0844,Hani,28,Kepulauan Bangka Belitung,2024-03-17,hani996@example.com,8993009032,1,555,False,14,94324000,6737428.57,336,25.36,14,2025-08-31
CUST0845,Parman,31,Papua,2023-11-24,yfirmansyah@example.net,834554940085,1,669,True,5,21593000,4318600.0,116,29.4,5,2025-05-08
CUST0846,Sarah,21,Nusa Tenggara Barat,2024-04-21,sarah_9@example.com,8701575805,1,520,False,9,63114000,7012666.67,254,24.33,9,2024-12-18
CUST0847,Kunthara,50,Bengkulu,2024-11-29,279kunthara@example.com,8926401344,1,298,True,1,1248000,1248000.0,4,49.0,1,2025-01-04
CUST0848,Kania,49,Maluku,2025-01-31,kania854@example.com,85670442371,1,235,False,6,30530000,5088333.33,135,22.17,6,2025-09-13
CUST0849,Tirta,18,Aceh,2024-03-21,tirta90@example.com,868087195436,1,551,True,4,26793000,6698250.0,107,21.0,4,2024-12-04
CUST0850,Prayitna,42,unknown,2024-12-18,narjisaputra@example.org,844800866,0,279,True,7,20830000,2975714.29,108,14.43,7,2025-03-14
CUST0851,Zelda,60,Bali,2024-09-10,zelda622@example.com,898867165,1,378,False,2,31260000,15630000.0,76,22.5,2,2024-12-09
CUST0852,Titin,34,Kalimantan Tengah,2024-12-25,titin49@example.com,822152527,1,272,False,13,62945000,4841923.08,309,23.54,13,2025-08-25
CUST0853,Zelda,21,Bengkulu,2024-03-27,oskardabukke@example.org,815777376,1,545,False,11,121210000,11019090.91,270,19.27,11,2025-09-11
CUST0854,Restu,54,Papua Barat,2023-12-05,restu_3@example.com,8691945878,1,658,False,9,53651000,5961222.22,202,25.44,9,2025-08-31
CUST0855,Hasna,50,Bengkulu,2024-02-16,hasna_56@example.com,846891616,0,585,False,11,32411500,2946500.0,157,20.27,11,2025-08-15
CUST0856,Hasna,24,Maluku Utara,2023-11-26,tadriansyah@example.org,895047014,1,667,False,11,66113000,6010272.73,236,26.64,11,2025-08-26
CUST0857,Jamalia,40,Kalimantan Timur,2024-08-14,mfirgantoro@example.org,866237363,1,405,False,13,82688000,6360615.38,324,23.85,13,2025-07-20
CUST0858,Karen,23,Riau,2024-11-14,bahuwarna44@example.net,812614188697,1,313,False,15,95203000,6346866.67,326,28.27,15,2025-07-02
CUST0859,Jefri,29,Papua Barat,2023-11-08,shutapea@example.org,851668585083,1,685,True,7,43972000,6281714.29,165,26.0,7,2025-02-25
CUST0861,Jaya,52,Kepulauan Riau,2024-03-24,shastuti@example.org,819455865,1,548,True,9,74728000,8303111.11,247,11.11,9,2025-07-15
CUST0862,Gawati,18,unknown,2024-01-16,gawati_15@example.com,813401534509,0,616,False,1,8400,8400.0,21,21.0,1,2024-12-11
CUST0863,Gaduh,19,Kepulauan Bangka Belitung,2023-11-25,pratiwiharsana@example.org,899151747,1,668,True,4,37414000,9353500.0,122,10.75,4,2025-07-07
CUST0864,Gina,33,Bali,2024-07-23,siska37@example.com,821981486806,0,427,False,14,57947000,4139071.43,179,28.71,14,2025-08-05
CUST0865,Elvin,56,Jawa Barat,2025-06-11,danu77@example.net,85195272169,0,104,True,4,8290000,2072500.0,36,43.75,4,2025-08-26
CUST0866,Caturangga,48,Nusa Tenggara Barat,2024-08-27,kenari87@example.com,835525756,0,392,True,4,10641000,2660250.0,33,11.0,4,2025-04-24
CUST0867,Rama,20,Sumatera Utara,2025-04-06,embuh96@example.com,8036210068,1,170,True,15,138850000,9256666.67,427,27.4,15,2025-09-12
CUST0868,Oliva,62,Kalimantan Timur,2024-04-27,kasiyahmaheswara@example.org,832881115612,1,514,False,14,104420000,7458571.43,379,26.14,14,2025-03-22
CUST0869,Damar,26,DKI Jakarta,2024-03-17,hwaluyo@example.org,834532938,1,555,True,4,37048000,9262000.0,116,22.5,4,2025-02-09
CUST0870,Fathonah,44,Sulawesi Utara,2023-12-08,whidayat@example.org,848899185,1,655,False,1,4176000,4176000.0,24,25.0,1,2025-03-04
CUST0871,Raina,19,Jawa Tengah,2025-07-10,raina_23@example.com,82563159262,1,75,False,12,77510000,6459166.67,355,24.67,12,2025-09-15
CUST0872,Yahya,31,Sulawesi Barat,2024-05-10,jumadiwibisono@example.org,85971790746,0,501,True,9,30079400,3342155.56,138,33.22,9,2025-03-06
CUST0873,Halima,61,Aceh,2024-05-10,halima_97@example.com,870470819335,1,501,False,10,75211000,7521100.0,255,27.6,10,2025-08-26
CUST0874,Calista,57,Sulawesi Selatan,2025-04-07,calista731@example.com,883733029943,1,169,False,11,95697000,8699727.27,305,30.64,11,2025-09-21
CUST0875,Opung,23,Bali,2024-12-15,zwibowo@example.net,8562422845,1,282,True,14,85816000,6129714.29,303,20.93,14,2025-07-21
CUST0876,Jinawi,33,Gorontalo,2023-11-13,jinawi_13@example.com,824813794104,1,680,True,9,96733000,10748111.11,258,25.33,9,2025-06-10
CUST0877,Nilam,28,Papua,2024-08-07,nmulyani@example.com,8363534943,1,412,False,4,25648000,6412000.0,100,33.0,4,2025-07-02
CUST0878,Warsita,48,Maluku,2024-04-18,edi31@example.org,80405869496,1,523,True,8,63147000,7893375.0,245,23.38,8,2025-05-11
CUST0879,Julia,62,Banten,2024-03-13,gamani00@example.org,853696212,0,559,False,1,2781000,2781000.0,9,18.0,1,2024-08-12
CUST0880,Eja,31,Riau,2024-05-21,eja_30@example.com,801586680322,1,490,True,12,91729000,7644083.33,308,18.33,12,2025-03-02
CUST0881,Putri,30,Kepulauan Bangka Belitung,2025-08-15,711putri@example.com,86378169110,0,39,False,6,10453700,1742283.33,75,16.83,6,2025-09-20
CUST0882,Among,33,Maluku,2024-12-20,among467@example.com,81723450913,1,277,True,10,68661000,6866100.0,225,24.7,10,2025-07-05
CUST0883,Citra,27,Papua,2024-10-04,maryadisalsabila@example.com,803854312672,0,354,False,8,40460000,5057500.0,122,22.25,8,2025-09-20
CUST0884,Yance,44,Sumatera Selatan,2025-02-23,liman86@example.com,806185421,1,212,False,8,61655000,7706875.0,240,21.12,8,2025-08-30
CUST0885,Ridwan,54,Jawa Timur,2024-06-07,15ridwan@example.com,8376158167,1,473,True,3,23887000,7962333.33,87,24.33,3,2025-07-16
CUST0886,Oni,20,Sulawesi Selatan,2024-09-29,zahrapradipta@example.org,841227171229,1,359,False,12,81813000,6817750.0,286,28.08,12,2025-08-28
CUST0887,Virman,42,unknown,2025-08-29,shaniamustofa@example.com,83833992395,1,25,True,5,52293000,10458600.0,164,13.4,5,2025-09-24
CUST0888,Gandewa,42,Sulawesi Tengah,2024-04-08,gandewa469@example.com,87050617081,1,533,True,11,138207000,12564272.73,272,24.82,11,2025-03-23
CUST0889,Sakura,46,Papua Barat,2024-05-13,sakura508@example.com,845051910,0,498,False,14,49251000,3517928.57,189,30.21,14,2025-08-11
CUST0890,Ophelia,27,Sumatera Barat,2024-08-26,wahyudinkariman@example.org,843903111,1,393,False,7,46390000,6627142.86,143,22.71,7,2025-02-04
CUST0891,Ajiono,42,Sulawesi Tenggara,2024-11-27,wahyunicemplunk@example.net,836503634174,0,300,True,5,19198000,3839600.0,61,29.2,5,2025-09-16
CUST0892,Ridwan,47,Kalimantan Barat,2025-02-10,139ridwan@example.com,80495190403,1,225,True,15,119844000,7989600.0,454,25.87,15,2025-09-24
CUST0893,Anastasia,26,Kepulauan Bangka Belitung,2025-07-22,anastasia500@example.com,844993478617,1,63,False,4,22714000,5678500.0,98,25.0,4,2025-09-08
CUST0894,Lintang,32,Papua Barat,2024-04-19,lanangbudiman@example.net,803021703792,1,522,False,6,35243000,5873833.33,167,23.83,6,2025-02-28
CUST0895,Paramita,48,Nusa Tenggara Timur,2024-02-18,paramita@example.com,83325253422,0,583,False,8,30157900,3769737.5,114,18.88,8,2025-02-02
CUST0896,Radika,29,Sulawesi Tenggara,2025-04-15,751radika@example.com,824933177010,1,161,True,9,73912000,8212444.44,230,27.0,9,2025-09-20
CUST0897,Mahdi,62,Sumatera Utara,2025-02-27,bajragin07@example.com,8148031092,0,208,True,14,49314300,3522450.0,172,21.71,14,2025-09-08
CUST0898,Kiandra,34,Banten,2024-07-11,ulya44@example.org,831333000,1,439,False,10,63243000,6324300.0,212,30.6,10,2025-07-10
CUST0899,Caket,58,Banten,2023-10-23,3caket@example.com,869176742,1,701,True,15,104323000,6954866.67,382,15.27,15,2025-08-10
CUST0900,Winda,19,Riau,2023-11-04,fhartati@example.com,868496050,0,689,False,8,18231000,2278875.0,71,24.38,8,2025-03-11
CUST0901,Prima,21,Jawa Timur,2025-01-31,yunita49@example.org,80536557106,1,235,True,1,5750000,5750000.0,25,16.0,1,2025-02-15
CUST0902,Viktor,53,Bali,2024-10-03,viktor831@example.com,87104702429,1,355,True,9,90622000,10069111.11,262,23.22,9,2025-05-03
CUST0903,Ilsa,24,Banten,2024-06-26,75ilsa@example.com,873105479862,1,454,False,2,13902000,6951000.0,30,26.5,2,2025-03-12
CUST0904,Dewi,28,Sumatera Utara,2024-04-03,jmelani@example.com,83567852065,1,538,False,11,93252000,8477454.55,312,20.0,11,2025-07-08
CUST0905,Raihan,34,Kalimantan Tengah,2024-05-05,dwibowo@example.org,8665366629,1,506,True,14,112091000,8006500.0,362,25.93,14,2025-06-20
CUST0906,Damu,23,Sulawesi Tengah,2024-06-27,laksmiwatirachel@example.org,864952670823,1,453,True,6,52027000,8671166.67,150,21.67,6,2025-02-20
CUST0907,Hasim,39,Riau,2024-11-03,800hasim@example.com,828388519256,1,324,True,10,59056000,5905600.0,261,25.5,10,2025-06-22
CUST0908,Karta,32,Sulawesi Selatan,2024-12-19,rahayu46@example.org,821509828,1,278,True,7,59535000,8505000.0,156,27.86,7,2025-05-19
CUST0909,Balamantri,56,Maluku,2024-09-16,466balamantri@example.com,8229726805,0,372,True,14,40968000,2926285.71,162,28.07,14,2025-09-06
CUST0910,Raina,30,Kalimantan Tengah,2024-09-29,cengkirmulyani@example.com,856349572,1,359,False,15,119202000,7946800.0,338,29.33,15,2025-08-03
CUST0911,Padmi,37,Nusa Tenggara Timur,2025-08-02,anggrainiira@example.org,805601306275,0,52,False,5,13001000,2600200.0,67,19.2,5,2025-09-22
CUST0912,Jaga,35,Kepulauan Bangka Belitung,2024-04-01,habibilaksana@example.org,884796375,0,540,True,11,46675000,4243181.82,153,24.18,11,2025-08-18
CUST0913,Nilam,42,Jawa Timur,2025-02-19,pranowoellis@example.org,844021480822,0,216,False,8,20599000,2574875.0,82,21.88,8,2025-07-21
CUST0914,Gasti,58,Nusa Tenggara Timur,2024-12-08,gasti24@example.com,872252026,1,289,False,2,11055000,5527500.0,45,27.0,2,2024-11-17
CUST0915,Lala,51,Maluku,2024-06-02,lala643@example.com,86812648671,1,478,False,4,18367000,4591750.0,71,27.25,4,2024-12-17
CUST0916,Wakiman,26,Aceh,2025-06-11,sitompulsyahrini@example.net,875257407,0,104,True,2,6668000,3334000.0,17,35.0,2,2025-07-31
CUST0917,Uli,42,Kepulauan Bangka Belitung,2024-09-28,uli_32@example.com,809566847541,1,360,False,5,49532000,9906400.0,112,19.6,5,2025-02-02
CUST0918,Zaenab,39,Gorontalo,2025-08-16,ikhsannasyidah@example.com,8460479581,0,38,False,3,13358000,4452666.67,42,14.67,3,2025-09-15
CUST0919,Aurora,26,Sumatera Selatan,2023-10-11,52aurora@example.com,8604199827,0,713,False,3,3406000,1135333.33,24,27.33,3,2025-03-22
CUST0920,Zalindra,49,Kalimantan Tengah,2024-10-17,halimahamelia@example.com,880376144,1,341,False,2,15574000,7787000.0,62,30.0,2,2025-02-25
CUST0921,Clara,26,Jawa Tengah,2023-10-30,clara487@example.com,877898478,1,694,False,9,66086000,7342888.89,239,23.22,9,2025-02-01
CUST0922,Pardi,41,Sulawesi Barat,2025-03-19,707pardi@example.com,8057723645,0,188,True,5,5386000,1077200.0,54,20.4,5,2025-06-13
CUST0923,Nadia,35,Kepulauan Riau,2024-09-01,hutagalungprasetyo@example.net,86101490408,1,387,False,14,95557000,6825500.0,376,24.79,14,2025-09-19
CUST0924,Dacin,58,Sulawesi Tenggara,2025-05-30,942dacin@example.com,8665610528,1,116,True,13,96895000,7453461.54,326,28.77,13,2025-09-22
CUST0925,Muhammad,28,Sulawesi Utara,2023-09-24,muhammad664@example.com,8131879171,1,730,True,3,29469000,9823000.0,86,29.33,3,2025-03-18
CUST0926,Cager,64,Bengkulu,2025-01-06,cager854@example.com,835579190357,1,260,True,4,31399000,7849750.0,92,24.75,4,2025-06-14
CUST0927,Pranawa,32,Kalimantan Barat,2025-04-06,bmardhiyah@example.com,805543870,1,170,True,7,73169000,10452714.29,183,20.57,7,2025-08-24
CUST0928,Karsa,38,Jawa Tengah,2025-06-14,karsa330@example.com,888086481,1,101,True,7,43237000,6176714.29,197,21.0,7,2025-09-02
CUST0929,Koko,35,Lampung,2025-06-24,koko_35@example.com,89190155890,1,91,True,9,60548000,6727555.56,248,25.0,9,2025-09-14
CUST0930,Julia,44,Banten,2025-07-30,835julia@example.com,87889413321,0,55,False,12,31119000,2593250.0,166,22.5,12,2025-09-24
CUST0931,Vanya,39,Maluku,2025-03-03,jabal89@example.com,831487955298,1,204,False,7,58798000,8399714.29,175,25.57,7,2025-09-22
CUST0932,Hesti,48,Kepulauan Riau,2024-05-01,utamabudiyanto@example.com,828353142200,0,510,False,4,18961000,4740250.0,57,31.0,4,2025-03-14
CUST0933,Wadi,54,Sumatera Barat,2024-11-22,813wadi@example.com,8634585677,0,305,True,13,37402000,2877076.92,200,29.46,13,2025-09-16
CUST0934,Jessica,41,Jambi,2023-10-08,gunawanprabu@example.net,859691156715,0,716,False,15,72047000,4803133.33,251,26.27,15,2025-07-13
CUST0935,Dinda,56,Maluku,2024-11-09,453dinda@example.com,8856389785,1,318,False,4,22123000,5530750.0,71,20.75,4,2025-03-06
CUST0936,Jaiman,62,unknown,2024-05-06,napitupuludarsirah@example.com,8982461298,1,505,True,1,17712000,17712000.0,36,40.0,1,2024-08-23
CUST0937,Hani,28,Papua Barat,2025-03-25,yani98@example.org,8928754900,0,182,False,14,57959000,4139928.57,213,23.36,14,2025-07-07
CUST0938,Dipa,42,unknown,2024-10-01,7dipa@example.com,818949963,0,357,True,1,1125000,1125000.0,9,20.0,1,2025-02-24
CUST0939,Gadang,24,Banten,2025-05-07,indah20@example.net,8039324448,1,139,True,12,161467000,13455583.33,365,26.17,12,2025-09-18
CUST0940,Shania,19,Jawa Timur,2024-11-03,ibunsimbolon@example.org,83058015724,1,324,False,7,67969000,9709857.14,177,22.71,7,2025-09-09
CUST0941,Zelda,21,Sulawesi Tenggara,2025-02-01,zelda_34@example.com,807520403,1,234,False,4,19460000,4865000.0,74,20.0,4,2025-03-20
CUST0942,Upik,47,Sumatera Barat,2025-07-29,emaryadi@example.com,836323789523,1,56,True,12,82418000,6868166.67,298,27.33,12,2025-09-23
CUST0943,Erik,56,Sumatera Barat,2023-11-29,erik_14@example.com,832420153037,1,664,True,10,59300000,5930000.0,244,20.7,10,2025-03-23
CUST0944,Asmadi,45,Riau,2024-01-21,asmadi_83@example.com,828124779,1,611,True,6,36902000,6150333.33,175,18.33,6,2025-03-10
CUST0945,Pangeran,33,Papua Barat,2025-08-26,532pangeran@example.com,891399580,0,28,True,2,6685000,3342500.0,31,20.0,2,2025-09-10
CUST0946,Gawati,55,Sulawesi Barat,2023-09-25,marsudiprakasa@example.net,82645313008,1,729,False,6,54664000,9110666.67,139,25.0,6,2025-02-08
CUST0947,Mustika,28,Kalimantan Tengah,2024-09-01,mustika752@example.com,827238646033,0,387,True,4,22447000,5611750.0,86,25.0,4,2025-02-08
CUST0948,Kariman,32,Maluku,2023-11-16,jsetiawan@example.org,87680211343,1,677,True,15,129525000,8635000.0,398,18.8,15,2025-09-22
CUST0949,Ifa,42,unknown,2025-02-10,irmajanuar@example.net,840186423,1,225,False,15,136825000,9121666.67,344,23.47,15,2025-09-16
CUST0950,Danang,51,Nusa Tenggara Timur,2025-07-10,danang_14@example.com,8751881441,1,75,True,8,73349000,9168625.0,226,29.38,8,2025-09-20
CUST0951,Irsad,37,Maluku Utara,2025-03-21,novi38@example.net,847859037944,1,186,True,12,85477000,7123083.33,318,30.33,12,2025-03-06
CUST0952,Hamima,42,Sumatera Barat,2025-03-18,hamima_31@example.com,827321819680,1,189,False,13,83663000,6435615.38,325,22.62,13,2025-09-09
CUST0953,Xanana,31,DI Yogyakarta,2024-03-10,prasetyoemil@example.org,805791917532,0,562,True,1,3344000,3344000.0,22,29.0,1,2024-12-21
CUST0954,Hana,37,Maluku,2024-07-03,hestimandasari@example.com,845908683281,0,447,False,5,21501000,4300200.0,68,22.4,5,2025-01-31
CUST0955,Dirja,44,Riau,2024-10-07,ganggraini@example.net,885763980,1,351,True,5,56253000,11250600.0,160,11.2,5,2025-03-26
CUST0956,Ella,29,DKI Jakarta,2023-12-10,ella_68@example.com,840022195,1,653,False,3,26158000,8719333.33,82,17.33,3,2024-11-08
CUST0957,Saadat,25,Sumatera Selatan,2024-04-20,48saadat@example.com,815144047223,1,521,True,11,81855000,7441363.64,258,21.27,11,2025-08-19
CUST0958,Muni,59,Sulawesi Utara,2025-07-13,gunawanjaiman@example.net,85629860615,1,72,True,12,91254000,7604500.0,325,30.42,12,2025-09-22
CUST0959,Novi,26,Jawa Timur,2024-11-02,118novi@example.com,858132913,1,325,False,9,96396000,10710666.67,265,26.56,9,2025-05-26
CUST0960,Wardaya,38,Kalimantan Barat,2025-05-24,phasanah@example.com,845528256,1,122,True,14,109137000,7795500.0,392,25.71,14,2025-09-22
CUST0961,Dewi,24,Kepulauan Bangka Belitung,2025-04-18,suryonohana@example.net,896548600,1,158,False,8,79191000,9898875.0,179,24.62,8,2025-09-16
CUST0962,Cahya,39,Sumatera Utara,2025-08-30,putripratiwi@example.net,85658994646,0,24,True,15,47808000,3187200.0,189,24.27,15,2025-09-21
CUST0963,Novi,56,DKI Jakarta,2024-06-30,znasyidah@example.net,8143244197,1,450,False,6,51475000,8579166.67,155,29.17,6,2025-03-09
CUST0964,Yance,42,Papua Barat,2023-10-02,yance_14@example.com,8056592022,1,722,False,9,66994000,7443777.78,215,15.89,9,2025-08-14
CUST0965,Arta,58,Sulawesi Utara,2024-05-29,entengpertiwi@example.org,863261008472,1,482,True,8,49622000,6202750.0,175,25.25,8,2025-09-12
CUST0966,Wakiman,35,Jawa Tengah,2024-02-01,wakiman11@example.com,889934976767,0,600,True,9,34890000,3876666.67,117,27.56,9,2025-07-21
CUST0967,Talia,20,Sumatera Barat,2025-08-01,talia_26@example.com,873415121658,0,53,False,3,5978000,1992666.67,31,37.33,3,2025-09-07
CUST0968,Irma,36,unknown,2024-03-19,irma242@example.com,836733261166,1,553,False,15,98603000,6573533.33,340,20.47,15,2025-08-15
CUST0969,Sabrina,21,Maluku,2025-09-19,mustikaprasasta@example.com,8779287014,1,4,False,15,108348000,7223200.0,341,20.07,15,2025-09-24
CUST0970,Gawati,45,DI Yogyakarta,2025-02-21,gawati227@example.com,85186013271,1,214,False,7,49691000,7098714.29,171,31.0,7,2025-06-24
CUST0971,Zulaikha,30,Sulawesi Barat,2024-05-17,642zulaikha@example.com,869128445,0,494,False,4,10017000,2504250.0,51,22.25,4,2025-06-07
CUST0972,Salimah,45,Kalimantan Utara,2025-05-02,keishajanuar@example.com,808614399536,1,144,False,6,51463000,8577166.67,163,17.83,6,2025-08-06
CUST0973,Maman,21,Lampung,2024-09-21,190maman@example.com,8057344812,1,367,True,5,34182000,6836400.0,104,19.0,5,2025-03-24
CUST0974,Pia,46,Papua Barat,2025-03-15,winarnomahmud@example.org,8679130595,1,192,False,4,30703000,7675750.0,105,25.0,4,2025-02-25
CUST0975,Gatra,29,Aceh,2024-05-26,putraajeng@example.org,8797172385,1,485,True,3,21922000,7307333.33,66,9.67,3,2025-03-18
CUST0976,Vino,42,Kepulauan Riau,2025-09-13,189vino@example.com,898203519355,1,10,True,7,60033000,8576142.86,206,32.43,7,2025-09-24
CUST0977,Ani,42,Kepulauan Bangka Belitung,2023-11-08,ani_59@example.com,828902780,1,685,False,13,108621000,8355461.54,322,19.15,13,2025-07-28
CUST0978,Ade,62,Sulawesi Barat,2025-02-08,danujasusanti@example.org,8632126043,1,227,True,3,15573000,5191000.0,62,14.33,3,2025-08-06
CUST0979,Rina,23,Gorontalo,2024-09-29,mahfudpuspita@example.org,872055831592,1,359,False,4,25745000,6436250.0,101,21.5,4,2025-03-19
CUST0980,Michelle,18,Sumatera Barat,2024-07-09,668michelle@example.com,8060027190,0,441,False,12,49145500,4095458.33,182,23.25,12,2025-03-24
CUST0981,Padmi,18,Nusa Tenggara Barat,2024-08-02,kadriansyah@example.net,874559176,1,417,False,12,127512000,10626000.0,335,15.25,12,2025-09-14
CUST0982,Luwes,49,Kalimantan Tengah,2025-08-19,rahmat59@example.net,88157833306,1,35,True,4,34320000,8580000.0,102,12.75,4,2025-09-15
CUST0983,Puput,35,Sulawesi Utara,2024-07-30,cahyantoputra@example.com,872092982910,1,420,False,14,92110000,6579285.71,324,18.29,14,2025-03-31
CUST0984,Empluk,29,unknown,2024-06-29,empluk_60@example.com,869492341,0,451,True,12,23403800,1950316.67,92,20.17,12,2025-03-05
CUST0985,Nugraha,53,Bali,2025-06-15,qlailasari@example.com,818235166,1,100,True,2,16376000,8188000.0,43,31.0,2,2025-08-21
CUST0986,Wisnu,54,Sulawesi Tengah,2025-06-25,dnurdiyanti@example.org,87006634411,1,90,True,3,25838000,8612666.67,70,31.33,3,2025-09-10
CUST0987,Ida,30,DI Yogyakarta,2023-11-11,prastutigandi@example.org,8831770028,0,682,False,12,54298000,4524833.33,162,26.58,12,2025-08-18
CUST0988,Nasim,44,Gorontalo,2024-01-18,nasim_59@example.com,865863136509,1,614,True,11,156399000,14218090.91,270,22.73,11,2025-03-14
CUST0989,Kala,42,Riau,2025-03-01,opangestu@example.com,817697286,1,206,True,3,32566000,10855333.33,106,23.0,3,2025-08-09
CUST0990,Vanesa,32,Nusa Tenggara Timur,2024-08-22,latif73@example.net,8419971050,1,397,False,2,23674000,11837000.0,59,18.0,2,2025-09-08
CUST0991,Irfan,46,Kepulauan Bangka Belitung,2025-05-18,wijayantisilvia@example.org,8603417341,1,128,True,10,75734000,7573400.0,217,24.2,10,2025-09-22
CUST0992,Umaya,49,Sumatera Utara,2024-08-26,emaryati@example.org,883012408,1,393,True,7,67817000,9688142.86,198,27.14,7,2025-04-28
CUST0993,Cawuk,44,Jawa Barat,2024-12-29,cawuk_51@example.com,874758803495,0,268,True,5,9374000,1874800.0,46,19.6,5,2025-05-21
CUST0994,Rahmi,48,Kepulauan Bangka Belitung,2024-11-05,27rahmi@example.com,89507251945,1,322,False,2,19532000,9766000.0,47,26.5,2,2025-04-09
CUST0995,Waluyo,56,DI Yogyakarta,2024-02-04,karya45@example.net,8591312671,1,597,True,2,15010000,7505000.0,61,22.5,2,2025-02-23
CUST0996,Vinsen,47,Bengkulu,2024-06-09,ibrani64@example.org,8585892932,1,471,True,15,129020000,8601333.33,444,21.2,15,2025-08-25
CUST0997,Ulya,59,Sulawesi Utara,2024-06-23,putri15@example.com,81976792782,1,457,False,15,105790000,7052666.67,407,27.87,15,2025-07-08
CUST0998,Dina,41,DKI Jakarta,2025-01-01,dina912@example.com,85499775196,1,265,False,7,41534000,5933428.57,168,29.57,7,2025-05-27
CUST0999,Yahya,63,Kalimantan Timur,2023-12-12,chartati@example.net,8912787724,0,651,True,3,10460000,3486666.67,31,20.33,3,2025-02-06
CUST1000,Olga,25,Banten,2025-02-21,olga_89@example.com,899714462,1,214,True,2,17064000,8532000.0,42,13.5,2,2025-03-27
