transaction_id,customer_id,transaction_date,product_id,quantity,unit_price,payment_method,discount_applied,transaction_status,review_text
TX_0000003568,CUST0429,2024-12-29,WZ-802,30,448000,Credit Card,6.0,Completed,
TX_0000001323,CUST0165,2025-09-20,LE-969,31,326000,E-wallet,7.0,Completed,
TX_0000007976,CUST0969,2025-09-19,CR-562,22,326000,E-wallet,8.0,Completed,
TX_0000002408,CUST0293,2025-04-23,BL-316,38,418000,Credit Card,42.0,Completed,
TX_0000004435,CUST0537,2025-08-28,KL-203,3,15000,E-wallet,27.0,Completed,
TX_0000005447,CUST0661,2025-09-22,QQ-301,19,321000,Cash,4.0,Completed,
TX_0000003024,CUST0370,2025-02-10,GW-908,21,473000,Bank Transfer,40.0,Completed,
TX_0000001534,CUST0193,2025-06-19,GF-891,7,329000,Credit Card,12.0,Completed,Very slow shipping
TX_0000000264,CUST0033,2025-01-16,ON-125,40,105000,Debit Card,40.0,Completed,
TX_0000000744,CUST0093,2024-10-27,EC-962,30,161000,Debit Card,16.0,Completed,
TX_0000003860,CUST0462,2025-08-28,IM-080,19,187000,Bank Transfer,47.0,Completed,
TX_0000007460,CUST0904,2024-09-30,WD-572,15,368000,Bank Transfer,26.0,Completed,
TX_0000005763,CUST0696,2025-07-23,BC-170,40,39000,Cash,46.0,Completed,
TX_0000004195,CUST0508,2024-11-28,ZK-154,24,160000,Cash,46.0,Completed,
TX_0000004127,CUST0501,2025-01-03,QJ-620,24,103000,Debit Card,0.0,Completed,A bit expensive but worth the quality
TX_0000001704,CUST0210,2025-01-26,SX-681,32,176000,Cash,,Completed,
TX_0000006700,CUST0811,2025-09-07,DY-596,20,211000,E-wallet,12.0,Completed,"Amazing product, exceeds expectations"
TX_0000008049,CUST0980,2025-03-20,FA-173,7,133000,Credit Card,46.0,Completed,
TX_0000005168,CUST0624,2024-10-25,CS-132,31,390000,Cash,,Completed,
TX_0000005499,CUST0667,2025-03-12,GD-567,37,27000,E-wallet,26.0,Pending,
TX_0000004782,CUST0576,2025-03-11,MN-198,33,281000,Cash,44.0,Completed,Product matches description
TX_0000006422,CUST0777,2025-08-31,NX-179,27,392000,Credit Card,6.0,Pending,"Honest seller, item as described"
TX_0000005181,CUST0626,2025-01-16,SV-880,25,148000,E-wallet,1.0,Completed,
TX_0000004837,CUST0583,2025-03-22,EK-900,21,321000,Credit Card,5.0,Completed,
TX_0000000801,CUST0101,2024-11-22,KK-056,10,163000,Bank Transfer,36.0,Completed,
TX_0000004662,CUST0559,2025-07-23,WJ-796,34,421000,Credit Card,10.0,Completed,
TX_0000004886,CUST0588,2024-04-11,AX-943,8,378000,Cash,31.0,Completed,"Item damaged upon arrival, disappointed"
TX_0000005585,CUST0679,2025-09-22,IU-155,9,371000,Credit Card,35.0,Completed,
TX_0000008101,CUST0986,2025-09-10,QZ-213,31,314000,Bank Transfer,37.0,Completed,
TX_0000002132,CUST0261,2025-09-04,AK-139,24,408000,E-wallet,14.0,Completed,Won't buy here again
TX_0000003617,CUST0433,2025-03-17,EK-222,24,482000,E-wallet,22.0,Completed,
TX_0000005846,CUST0705,2025-03-02,QC-773,24,381000,E-wallet,3.0,Completed,
TX_0000006418,CUST0776,2024-12-17,JN-712,30,483000,E-wallet,5.0,Completed,Response was slow but item is good
TX_0000006385,CUST0772,2025-03-14,IB-179,20,286000,Bank Transfer,43.0,Completed,
TX_0000005411,CUST0657,2025-09-08,BR-118,26,475000,Debit Card,41.0,Completed,
TX_0000005195,CUST0627,2025-02-08,TG-116,19,164000,Debit Card,5.0,Completed,"Item arrived quickly, good condition"
TX_0000007989,CUST0970,2024-11-03,DL-645,17,387000,E-wallet,20.0,Completed,
TX_0000005707,CUST0693,2025-02-06,XQ-134,7,152000,Credit Card,28.0,Completed,
TX_0000006792,CUST0823,2024-12-12,OS-728,24,393000,Bank Transfer,47.0,Completed,
TX_0000003952,CUST0473,2024-11-27,XW-869,12,241000,Debit Card,47.0,Cancelled,
TX_0000006907,CUST0838,2025-02-25,MM-874,32,332000,Debit Card,16.0,Cancelled,
TX_0000005598,CUST0680,2024-10-09,MA-854,20,170000,Debit Card,42.0,Completed,"Defective item, please replace"
TX_0000007275,CUST0882,2025-04-17,TL-807,12,284000,Cash,27.0,Completed,
TX_0000003379,CUST0409,2025-08-10,FX-130,28,159000,E-wallet,42.0,Completed,"Quality matches the price, decent enough"
TX_0000007202,CUST0874,2025-09-21,QZ-183,26,249000,Credit Card,28.0,Completed,Bit overpriced but quality is okay
TX_0000007901,CUST0961,2025-09-16,ZH-075,27,354000,Bank Transfer,4.0,Cancelled,Price matches quality
TX_0000002610,CUST0318,2024-10-02,NP-002,21,247000,Bank Transfer,48.0,Completed,Won't buy here again
TX_0000001143,CUST0140,2025-08-10,ER-793,16,107000,Debit Card,34.0,Completed,
TX_0000005120,CUST0619,2025-01-17,MM-626,38,146000,Debit Card,,Completed,
TX_0000003034,CUST0371,2025-01-18,LX-303,25,266000,E-wallet,46.0,Completed,
TX_0000004608,CUST0554,2024-10-22,TT-468,18,294000,Debit Card,13.0,Completed,
TX_0000006848,CUST0831,2024-10-21,VH-487,17,405000,Cash,17.0,Completed,
TX_0000000504,CUST0065,2025-03-06,PJ-943,15,288000,Credit Card,29.0,Completed,
TX_0000000234,CUST0031,2025-05-15,MP-128,8,392000,Credit Card,19.0,Completed,"Seller communicative, item is good"
TX_0000000519,CUST0067,2024-10-04,JC-536,8,34000,E-wallet,33.0,Completed,"Poor product, requesting refund"
TX_0000002081,CUST0255,2024-10-03,JR-931,1,85000,Cash,12.0,Completed,"Product not original, very disappointed"
TX_0000004546,CUST0548,2025-02-02,EG-848,34,377000,Credit Card,15.0,Completed,"Premium quality, very satisfied"
TX_0000003756,CUST0451,2025-08-16,VB-143,15,119000,Credit Card,46.0,Completed,
TX_0000003380,CUST0409,2025-08-09,CY-687,38,169000,Cash,0.0,Completed,
TX_0000006382,CUST0772,2024-12-22,TZ-942,19,197000,Bank Transfer,6.0,Completed,
TX_0000006386,CUST0772,2025-01-05,PZ-799,21,339000,Cash,34.0,Completed,"Item damaged upon arrival, disappointed"
TX_0000005669,CUST0689,2025-03-31,FB-947,16,247000,Bank Transfer,6.0,Cancelled,
TX_0000006301,CUST0764,2025-03-23,XY-721,13,356000,Credit Card,5.0,Refunded,"Amazing product, highly recommended"
TX_0000002571,CUST0315,2024-11-20,DR-610,37,227000,Bank Transfer,37.0,Completed,A bit overpriced in my opinion
TX_0000007013,CUST0853,2024-12-01,HT-475,20,142000,Cash,35.0,Completed,"Great product, will order again"
TX_0000008085,CUST0983,2024-11-14,UD-120,16,368000,Debit Card,1.0,Completed,
TX_0000006299,CUST0763,2024-11-06,RD-182,11,47000,Debit Card,23.0,Cancelled,"Quality product, attractive packaging"
TX_0000002946,CUST0361,2025-01-28,QX-910,8,332000,Cash,16.0,Completed,
TX_0000000749,CUST0094,2024-11-24,XS-812,23,337000,Credit Card,,Completed,"Item matches picture, very satisfied"
TX_0000002302,CUST0281,2024-11-28,MS-162,3,99000,Cash,47.0,Completed,"Cheap price, decent quality"
TX_0000005040,CUST0860,2025-09-11,HA-620,15,313000,Bank Transfer,39.0,Refunded,
TX_0000005158,CUST0623,2024-10-29,XI-589,38,375000,E-wallet,23.0,Completed,
TX_0000003258,CUST0394,2024-11-20,GJ-675,22,168000,Credit Card,1.0,Cancelled,
TX_0000005744,CUST0627,2025-03-25,KK-442,30,182000,Bank Transfer,31.0,Completed,
TX_0000006320,CUST0766,2025-07-13,TI-999,26,340000,Credit Card,12.0,Completed,Response was slow but item is good
TX_0000001619,CUST0202,2024-07-30,FN-243,4,11000,Credit Card,,Cancelled,
TX_0000003521,CUST0425,2024-12-06,MZ-493,37,152000,Credit Card,1.0,Completed,
TX_0000007667,CUST0933,2024-10-25,AD-353,9,458000,Credit Card,,Completed,
TX_0000001296,CUST0161,2025-08-28,LF-244,23,222000,Cash,43.0,Completed,
TX_0000004016,CUST0482,2024-12-04,XF-771,1,413000,Credit Card,,Completed,
TX_0000006181,CUST0748,2024-10-02,WD-960,34,244000,E-wallet,,Completed,
TX_0000001026,CUST0126,2025-03-27,FT-037,23,273000,Bank Transfer,27.0,Completed,
TX_0000005442,CUST0660,2025-09-10,CB-458,3,408000,Bank Transfer,3.0,Completed,Bit overpriced but quality is okay
TX_0000004247,CUST0514,2024-10-31,FY-405,39,404000,E-wallet,40.0,Completed,
TX_0000004505,CUST0543,2025-03-26,IG-535,2,200000,Cash,29.0,Completed,
TX_0000003483,CUST0421,2025-03-22,XC-063,4,201000,Bank Transfer,32.0,Completed,
TX_0000000458,CUST0060,2024-10-03,XA-186,15,473000,Cash,12.0,Completed,
TX_0000006046,CUST0730,2025-01-23,HZ-277,35,60000,Credit Card,13.0,Pending,
TX_0000003685,CUST0441,2025-07-02,LY-934,18,45000,Bank Transfer,34.0,Completed,Shipping a bit slow but good item
TX_0000000034,CUST0005,2025-09-15,ON-514,15,288000,Debit Card,14.0,Completed,"Honest seller, item as described"
TX_0000001200,CUST0149,2025-01-10,FJ-836,34,214000,Cash,5.0,Cancelled,"Product meets expectations, will buy again"
TX_0000004871,CUST0586,2024-10-06,RI-549,10,197000,Credit Card,39.0,Completed,
TX_0000001616,CUST0202,2024-12-24,ZZ-640,13,291000,E-wallet,19.0,Completed,
TX_0000002089,CUST0256,2025-01-11,VZ-771,8,309000,Cash,18.0,Cancelled,
TX_0000002466,CUST0301,2025-05-17,XR-049,23,185000,Cash,25.0,Cancelled,"Competitive price, decent quality"
TX_0000007285,CUST0884,2025-01-31,TL-645,31,245000,Bank Transfer,5.0,Completed,
TX_0000000223,CUST0029,2025-09-07,PB-033,24,264000,Debit Card,4.0,Completed,
TX_0000000319,CUST0042,2024-11-10,AX-215,11,77000,Credit Card,39.0,Completed,
TX_0000008011,CUST0974,2024-11-30,XB-856,21,186000,E-wallet,25.0,Completed,Standard quality for the price
TX_0000003358,CUST0407,2024-10-17,BG-553,32,446000,Bank Transfer,20.0,Completed,
TX_0000001562,CUST0195,2025-01-16,UO-958,2,10000,Debit Card,6.0,Completed,"Slow shipping, ordinary item"
TX_0000000497,CUST0065,2025-07-19,QM-919,3,216000,Debit Card,43.0,Completed,
TX_0000005170,CUST0624,2024-12-03,UY-889,25,1510000,Bank Transfer,28.0,Cancelled,
TX_0000006160,CUST0744,2024-07-16,ND-641,20,77000,Credit Card,26.0,Completed,"Quality item, packaging OK"
TX_0000007217,CUST0875,2025-03-19,IQ-306,15,87000,Cash,50.0,Completed,
TX_0000006743,CUST0817,2025-03-28,UZ-601,22,202000,Debit Card,10.0,Completed,Poor quality for this price
TX_0000005912,CUST0715,2024-08-22,DM-091,35,441000,E-wallet,49.0,Completed,
TX_0000003498,CUST0423,2025-06-02,VV-057,20,279000,Cash,28.0,Completed,
TX_0000001833,CUST0224,2025-02-24,ZW-049,22,123000,Debit Card,10.0,Completed,A bit disappointing for this price
TX_0000001198,CUST0149,2025-01-26,HK-147,31,55000,Bank Transfer,2.0,Completed,Item arrived in perfect condition
TX_0000001184,CUST0147,2024-10-14,DA-488,28,440000,Cash,9.0,Completed,"Thick bubble wrap packaging, safe"
TX_0000000795,CUST0100,2025-02-24,DH-474,38,479000,Bank Transfer,14.0,Completed,"Item damaged upon arrival, disappointed"
TX_0000005279,CUST0639,2025-01-04,QQ-312,26,234000,E-wallet,18.0,Completed,
TX_0000006786,CUST0823,2024-12-23,EM-335,15,72000,Debit Card,19.0,Completed,
TX_0000003835,CUST0458,2024-11-24,MI-386,24,359000,Bank Transfer,50.0,Completed,
TX_0000002859,CUST0351,2025-09-23,SN-287,11,268000,Bank Transfer,16.0,Completed,Item arrived safely
TX_0000003482,CUST0421,2025-02-18,OM-646,33,372000,Debit Card,32.0,Completed,Slightly disappointed with the finishing
TX_0000002058,CUST0253,2024-12-17,UK-545,15,393000,Debit Card,12.0,Completed,"Great product, will order again"
TX_0000001791,CUST0220,2024-11-27,YT-438,29,428000,Bank Transfer,34.0,Cancelled,Bit overpriced but quality is okay
TX_0000007834,CUST0952,2024-11-05,LE-383,31,243000,Bank Transfer,29.0,Completed,Original and quality item
TX_0000006553,CUST0793,2024-11-23,QQ-326,40,436000,Credit Card,49.0,Completed,
TX_0000003316,CUST0402,2024-08-15,FO-624,23,315000,Credit Card,2.0,Completed,"Competitive price, decent quality"
TX_0000001145,CUST0140,2025-09-05,OR-823,11,351000,Credit Card,40.0,Completed,Product doesn't match picture
TX_0000003804,CUST0455,2025-06-17,BR-316,3,429000,E-wallet,45.0,Completed,
TX_0000005191,CUST0626,2024-11-05,VN-076,31,162000,Bank Transfer,41.0,Refunded,Shipping delayed but item is good
TX_0000005868,CUST0708,2024-05-31,XB-422,18,442000,Debit Card,29.0,Completed,Expensive price but worth it
TX_0000006041,CUST0730,2024-10-16,NO-652,36,441000,Cash,33.0,Completed,"Honest seller, item as described"
TX_0000003461,CUST0417,2025-02-17,BA-027,20,496000,Debit Card,20.0,Completed,
TX_0000001503,CUST0189,2024-12-22,MF-865,10,201000,Cash,41.0,Completed,
TX_0000007605,CUST0924,2025-08-18,OJ-759,15,296000,Credit Card,11.0,Completed,Disappointed with item quality
TX_0000006989,CUST0850,2025-03-04,YX-584,17,23000,Credit Card,11.0,Completed,
TX_0000004439,CUST0537,2025-07-31,UY-878,23,200,Credit Card,38.0,Completed,
TX_0000006505,CUST0786,2024-11-30,LH-194,25,308000,E-wallet,49.0,Pending,
TX_0000003134,CUST0382,2024-12-29,HZ-495,15,97000,Bank Transfer,19.0,Completed,
TX_0000004783,CUST0576,2025-02-08,CT-819,38,397000,Credit Card,20.0,Completed,
TX_0000006108,CUST0737,2024-10-06,QG-577,6,316000,Bank Transfer,16.0,Completed,
TX_0000002707,CUST0328,2024-10-10,RE-297,4,153000,Credit Card,24.0,Completed,
TX_0000004862,CUST0585,2025-03-13,WB-513,16,70000,Bank Transfer,28.0,Completed,Expensive price but worth it
TX_0000006959,CUST0845,2025-02-25,NK-337,34,166000,Bank Transfer,29.0,Refunded,"Product not original, very disappointed"
TX_0000001732,CUST0213,2024-10-25,VA-673,16,153000,Cash,34.0,Completed,Disappointed with item quality
TX_0000001895,CUST0231,2025-01-07,LJ-791,18,150000,Cash,34.0,Completed,
TX_0000001545,CUST0194,2025-01-02,PJ-608,19,220000,Cash,50.0,Completed,
TX_0000001340,CUST0166,2025-03-04,PO-206,6,136000,Cash,,Completed,"Standard quality, reasonable price"
TX_0000004707,CUST0565,2025-06-10,WV-749,15,438000,Debit Card,,Completed,
TX_0000003114,CUST0381,2025-08-15,GQ-645,20,109000,Credit Card,24.0,Completed,
TX_0000002836,CUST0347,2025-03-15,GW-293,19,431000,E-wallet,,Completed,
TX_0000000648,CUST0080,2025-04-26,DO-699,23,446000,Credit Card,41.0,Completed,
TX_0000004463,CUST0540,2024-02-20,JL-629,39,185000,Debit Card,,Completed,
TX_0000002684,CUST0326,2025-02-21,GM-091,27,184000,E-wallet,4.0,Completed,
TX_0000005741,CUST0627,2024-11-25,UQ-795,29,135000,Bank Transfer,32.0,Completed,
TX_0000004679,CUST0561,2025-01-21,EQ-855,11,47000,Cash,41.0,Completed,
TX_0000006651,CUST0804,2025-02-22,BU-577,21,342000,Cash,11.0,Completed,
TX_0000004095,CUST0495,2024-10-05,QC-607,21,379000,E-wallet,1.0,Completed,"High quality product, recommended"
TX_0000001054,CUST0128,2024-11-02,PP-625,38,495000,Debit Card,,Cancelled,Quality below expectations
TX_0000007172,CUST0871,2025-07-20,CT-948,23,443000,E-wallet,13.0,Completed,
TX_0000006983,CUST0850,2025-03-14,LE-484,4,156000,Cash,10.0,Completed,
TX_0000007507,CUST0909,2025-08-20,ZU-868,10,237000,E-wallet,49.0,Completed,"Product meets expectations, great"
TX_0000006476,CUST0783,2024-12-23,IU-360,28,342000,Debit Card,9.0,Completed,"Good item, express shipping"
TX_0000004367,CUST0527,2024-12-18,FD-649,10,377000,E-wallet,14.0,Completed,High quality product
TX_0000002226,CUST0270,2025-08-27,DP-560,28,209000,Cash,34.0,Completed,
TX_0000000094,CUST0012,2025-03-09,QU-202,34,481000,Cash,15.0,Completed,
TX_0000001883,CUST0230,2025-07-17,NA-834,39,430000,Credit Card,5.0,Completed,
TX_0000000473,CUST0062,2025-01-07,PJ-130,33,185000,Cash,21.0,Completed,
TX_0000007447,CUST0902,2025-01-15,DD-341,15,491000,Cash,4.0,Completed,Shipping delayed but item is good
TX_0000003729,CUST0447,2025-05-23,ED-933,12,248000,Debit Card,31.0,Refunded,"Amazing product, exceeds expectations"
TX_0000000102,CUST0013,2025-06-13,ON-742,23,393000,Credit Card,7.0,Completed,Doesn't meet expectations
TX_0000003207,CUST0388,2025-03-23,ZW-906,15,146000,Cash,44.0,Pending,
TX_0000001920,CUST0234,2024-12-30,FO-981,34,388000,E-wallet,29.0,Completed,Very satisfied with this purchase
TX_0000001245,CUST0155,2024-11-16,CR-269,18,128000,E-wallet,30.0,Completed,
TX_0000004654,CUST0559,2025-08-27,NZ-089,24,342000,Cash,9.0,Completed,
TX_0000001439,CUST0182,2025-08-16,GB-676,23,117000,E-wallet,36.0,Completed,"Quality product, satisfying service"
TX_0000001747,CUST0215,2024-11-13,WG-900,38,310000,Debit Card,7.0,Completed,
TX_0000005710,CUST0693,2024-10-28,ER-668,14,131000,Credit Card,7.0,Completed,
TX_0000000909,CUST0114,2025-09-12,YH-828,40,278000,Bank Transfer,27.0,Completed,
TX_0000006467,CUST0782,2025-02-01,RD-268,23,128000,Debit Card,43.0,Completed,
TX_0000002555,CUST0313,2025-03-05,CW-040,4,306000,Credit Card,35.0,Refunded,"Standard quality, reasonable price"
TX_0000001993,CUST0242,2025-01-04,YK-029,16,376000,Credit Card,46.0,Completed,Shipping delayed but item is good
TX_0000003044,CUST0372,2025-02-28,LJ-349,8,188000,Cash,39.0,Refunded,
TX_0000000240,CUST0031,2025-06-03,IB-284,3,268000,Bank Transfer,,Completed,Good product for this price range
TX_0000006446,CUST0780,2025-03-27,QR-469,1,96000,E-wallet,22.0,Completed,"Safe packaging, not damaged"
TX_0000004517,CUST0545,2024-12-28,JK-258,34,235000,Cash,24.0,Completed,
TX_0000006785,CUST0823,2024-12-15,HF-675,17,240000,Credit Card,0.0,Completed,
TX_0000002945,CUST0361,2025-01-30,CJ-435,2,317000,Debit Card,11.0,Pending,
TX_0000004539,CUST0547,2024-11-06,MK-613,35,398000,Cash,32.0,Pending,Bit overpriced but quality is okay
TX_0000002182,CUST0267,2025-08-13,KG-846,19,474000,Bank Transfer,2.0,Completed,Price matches quality
TX_0000002493,CUST0306,2024-12-05,TO-791,17,488000,Debit Card,26.0,Completed,"Product meets expectations, great"
TX_0000006354,CUST0769,2025-08-04,HY-526,27,404000,Cash,36.0,Completed,
TX_0000006593,CUST0797,2025-06-03,CP-108,34,412000,Bank Transfer,34.0,Completed,"Item as ordered, safe packaging"
TX_0000006384,CUST0772,2024-05-15,OF-237,18,250000,Debit Card,38.0,Completed,
TX_0000004906,CUST0590,2025-04-13,IR-152,1,327000,Bank Transfer,31.0,Completed,"High quality product, recommended"
TX_0000003407,CUST0412,2025-03-14,SQ-521,9,348000,Credit Card,10.0,Completed,
TX_0000001859,CUST0228,2025-03-15,UZ-084,26,377000,Debit Card,38.0,Completed,
TX_0000007107,CUST0861,2024-10-19,EW-049,31,96000,Cash,26.0,Completed,"Slow shipping, ordinary item"
TX_0000004355,CUST0524,2025-03-31,PP-551,20,389000,Cash,32.0,Completed,
TX_0000007199,CUST0873,2024-11-27,AN-099,19,176000,E-wallet,5.0,Completed,Bit disappointing from the photo
TX_0000002178,CUST0267,2024-12-22,ER-246,32,415000,Bank Transfer,40.0,Completed,
TX_0000000350,CUST0047,2024-10-30,TL-132,16,365000,Debit Card,37.0,Completed,
TX_0000003249,CUST0394,2025-03-31,XI-555,11,153000,E-wallet,50.0,Completed,"Premium quality, very satisfied"
TX_0000000555,CUST0679,2025-09-20,AS-010,12,117000,Credit Card,36.0,Completed,Good product for this price range
TX_0000007663,CUST0932,2025-02-25,FP-079,2,148000,Cash,49.0,Refunded,
TX_0000006613,CUST0800,2025-02-27,GB-299,3,396000,Cash,11.0,Completed,
TX_0000007926,CUST0963,2025-01-20,XQ-900,25,284000,Bank Transfer,14.0,Completed,
TX_0000007525,CUST0910,2025-03-17,DX-831,36,397000,Credit Card,42.0,Cancelled,
TX_0000004075,CUST0493,2025-02-19,VV-966,32,349000,Debit Card,4.0,Completed,
TX_0000000829,CUST0104,2025-09-22,DR-352,28,303000,Credit Card,31.0,Completed,Product matches description
TX_0000000587,CUST0073,2024-12-12,WB-900,28,219000,E-wallet,22.0,Completed,
TX_0000006312,CUST0765,2025-04-03,EM-597,24,428000,Cash,8.0,Completed,"Item arrived quickly, good condition"
TX_0000002955,CUST0362,2025-06-16,NV-029,17,251000,E-wallet,7.0,Completed,
TX_0000006682,CUST0808,2025-09-09,WA-576,36,429000,E-wallet,11.0,Completed,
TX_0000004104,CUST0496,2024-12-11,ZV-714,32,120000,Credit Card,11.0,Completed,
TX_0000002320,CUST0284,2025-09-02,RK-547,25,248000,E-wallet,26.0,Completed,Product doesn't match picture
TX_0000007792,CUST0948,2024-11-16,AO-808,22,469000,Cash,3.0,Completed,"Fast shipping, neat packaging"
TX_0000004801,CUST0578,2025-09-14,IP-119,19,8000,Cash,5.0,Completed,"Good product, meets expectations"
TX_0000000430,CUST0057,2025-02-18,VE-163,39,308000,E-wallet,10.0,Completed,
TX_0000004713,CUST0567,2024-11-08,DW-006,15,278000,Bank Transfer,30.0,Completed,
TX_0000004587,CUST0552,2024-09-25,SC-461,17,289000,E-wallet,20.0,Completed,"Thank you, very recommended"
TX_0000001702,CUST0210,2024-02-07,AV-119,22,362000,Credit Card,50.0,Completed,
TX_0000005013,CUST0606,2025-02-18,KD-686,38,495000,Credit Card,18.0,Completed,
TX_0000000857,CUST0107,2024-12-29,IB-001,20,251000,Bank Transfer,21.0,Completed,"Quality item, packaging OK"
TX_0000002914,CUST0358,2025-01-18,QY-328,29,204000,Bank Transfer,5.0,Completed,
TX_0000006488,CUST0784,2025-09-22,XE-932,4,132000,Debit Card,48.0,Refunded,Shipping delayed but item is good
TX_0000008189,CUST0998,2025-01-07,YL-079,39,176000,Bank Transfer,44.0,Completed,Slightly disappointed with the finishing
TX_0000002717,CUST0329,2024-10-25,FJ-691,11,115000,Debit Card,23.0,Completed,"Responsive seller, good problem solving"
TX_0000006697,CUST0811,2025-08-12,JM-846,27,232000,Credit Card,13.0,Completed,
TX_0000007539,CUST0912,2025-03-09,VR-744,13,288000,Debit Card,29.0,Completed,
TX_0000003996,CUST0478,2025-09-12,VS-578,16,336000,Bank Transfer,40.0,Completed,
TX_0000001980,CUST0241,2024-12-08,ZP-750,3,411000,Credit Card,10.0,Cancelled,
TX_0000003308,CUST0400,2025-05-27,SY-492,25,416000,Credit Card,50.0,Completed,
TX_0000007089,CUST0860,2025-08-09,TS-350,39,238000,E-wallet,46.0,Completed,Fast response from seller
TX_0000008140,CUST0991,2025-09-14,RV-338,36,479000,Bank Transfer,8.0,Completed,"Item matches picture, very satisfied"
TX_0000001617,CUST0202,2024-12-24,PA-520,11,246000,Bank Transfer,35.0,Completed,5 stars for this product
TX_0000003667,CUST0438,2024-12-14,PO-201,17,402000,Bank Transfer,,Cancelled,
TX_0000005913,CUST0715,2025-03-21,FD-968,8,457000,Cash,10.0,Cancelled,
TX_0000006062,CUST0733,2025-07-30,EW-075,13,406000,E-wallet,23.0,Completed,"Thank you, very recommended"
TX_0000008096,CUST0984,2025-01-12,EU-352,13,1600,Bank Transfer,12.0,Completed,
TX_0000006764,CUST0821,2024-11-21,PO-767,24,255000,Bank Transfer,15.0,Completed,"Professional seller, highly recommended"
TX_0000003173,CUST0386,2025-01-07,TE-631,25,139000,Cash,42.0,Completed,Size doesn't match expectations
TX_0000003132,CUST0382,2025-08-16,PJ-822,3,472000,Credit Card,47.0,Completed,
TX_0000007305,CUST0886,2025-02-02,SA-405,29,446000,Credit Card,35.0,Completed,"Premium quality product, excellent"
TX_0000001079,CUST0133,2024-11-16,KD-071,18,336000,Bank Transfer,47.0,Completed,"Premium quality, very satisfied"
TX_0000000454,CUST0060,2024-12-19,GS-332,22,469000,E-wallet,9.0,Refunded,
TX_0000004369,CUST0527,2024-10-12,FX-697,25,110000,Credit Card,21.0,Completed,Poor quality for this price
TX_0000006021,CUST0728,2025-01-23,HY-883,32,253000,E-wallet,3.0,Completed,
TX_0000005470,CUST0663,2024-11-27,MQ-095,34,319000,Debit Card,41.0,Completed,
TX_0000007710,CUST0937,2025-03-21,EL-062,21,42000,Debit Card,41.0,Completed,
TX_0000001418,CUST0179,2024-11-13,DR-330,19,255000,Debit Card,6.0,Completed,"Good item, express shipping"
TX_0000007248,CUST0879,2024-08-12,SY-905,9,309000,Credit Card,18.0,Completed,
TX_0000007586,CUST0922,2024-11-15,AL-175,6,483000,Bank Transfer,24.0,Completed,
TX_0000006670,CUST0807,2024-10-09,SV-951,1,407000,Bank Transfer,31.0,Completed,"Professional seller, highly recommended"
TX_0000007498,CUST0908,2025-05-19,JW-590,21,358000,E-wallet,20.0,Completed,"Honest seller, item as described"
TX_0000005666,CUST0688,2025-03-16,AD-557,25,18000,Credit Card,29.0,Refunded,
TX_0000000995,CUST0123,2024-11-20,YL-566,15,189000,Bank Transfer,24.0,Completed,
TX_0000004308,CUST0520,2025-03-25,SY-483,25,291000,Credit Card,9.0,Cancelled,"Product not original, very disappointed"
TX_0000008080,CUST0983,2025-03-21,OH-091,22,257000,Cash,,Completed,
TX_0000003909,CUST0466,2025-04-28,WR-893,23,13000,E-wallet,34.0,Completed,
TX_0000001128,CUST0139,2024-10-11,BA-833,38,227000,Credit Card,13.0,Completed,"Item damaged upon arrival, disappointed"
TX_0000005628,CUST0683,2025-02-08,CN-961,40,500000,Bank Transfer,28.0,Completed,
TX_0000007336,CUST0889,2024-11-18,EA-547,22,230000,Debit Card,29.0,Completed,
TX_0000003261,CUST0395,2025-03-07,DG-885,7,237000,Debit Card,0.0,Completed,
TX_0000001851,CUST0227,2024-11-10,KP-849,20,252000,Debit Card,,Completed,
TX_0000006558,CUST0793,2025-01-12,DS-426,40,146000,Cash,47.0,Completed,
TX_0000000066,CUST0010,2025-06-29,EA-400,20,461000,E-wallet,33.0,Cancelled,"Thank you, very recommended"
TX_0000007930,CUST0964,2024-09-22,GZ-319,36,329000,Credit Card,13.0,Completed,Recommended seller
TX_0000004595,CUST0553,2025-05-31,YR-175,38,435000,Bank Transfer,42.0,Pending,"Competitive price, decent quality"
TX_0000004711,CUST0567,2024-12-13,AY-594,32,161000,Bank Transfer,46.0,Completed,"Item arrived quickly, good condition"
TX_0000002996,CUST0367,2025-09-20,PP-062,36,420000,Bank Transfer,2.0,Completed,
TX_0000006037,CUST0729,2025-02-05,QP-117,7,181000,Bank Transfer,45.0,Completed,
TX_0000005690,CUST0690,2024-06-26,PQ-419,1,350000,Credit Card,2.0,Completed,
TX_0000006931,CUST0843,2025-02-17,WA-115,23,146000,E-wallet,44.0,Pending,
TX_0000008190,CUST0998,2025-02-12,ZE-071,4,108000,E-wallet,15.0,Completed,
TX_0000007606,CUST0924,2025-07-04,OM-781,15,140000,E-wallet,29.0,Completed,
TX_0000000316,CUST0042,2025-01-04,AP-308,24,103000,Credit Card,15.0,Completed,A bit overpriced in my opinion
TX_0000004773,CUST0574,2025-08-11,QA-236,23,300000,Debit Card,8.0,Completed,"Slow shipping, ordinary item"
TX_0000002070,CUST0254,2025-01-22,KS-552,33,352000,Credit Card,44.0,Completed,
TX_0000006779,CUST0822,2025-09-22,EJ-835,25,364000,Bank Transfer,49.0,Completed,
TX_0000003264,CUST0395,2024-12-24,AT-353,15,352000,Credit Card,10.0,Completed,
TX_0000005381,CUST0655,2024-12-20,NV-744,22,200000,E-wallet,2.0,Completed,
TX_0000001314,CUST0164,2024-11-13,JH-097,17,443000,Debit Card,30.0,Completed,
TX_0000000024,CUST0004,2025-02-16,OQ-577,24,489000,Credit Card,49.0,Completed,"Responsive seller, good problem solving"
TX_0000003028,CUST0370,2024-10-05,CY-379,10,354000,Bank Transfer,,Completed,"Defective item, please replace"
TX_0000006579,CUST0795,2024-12-14,FJ-951,37,127000,Debit Card,42.0,Completed,
TX_0000004473,CUST0541,2025-08-20,OL-210,39,284000,E-wallet,43.0,Completed,Friendly and professional service
TX_0000000711,CUST0089,2024-11-18,YN-219,4,427000,Cash,16.0,Completed,5 stars for this product
TX_0000005826,CUST0703,2025-07-31,CD-706,19,390000,E-wallet,39.0,Completed,"Cheap price, decent quality"
TX_0000001596,CUST0199,2025-03-22,SB-401,17,214000,Credit Card,37.0,Completed,
TX_0000004691,CUST0563,2025-03-07,DQ-303,31,129000,E-wallet,1.0,Completed,
TX_0000006979,CUST0849,2024-12-04,ND-404,37,177000,Credit Card,16.0,Completed,Disappointed with item quality
TX_0000002216,CUST0661,2025-09-09,UR-050,37,221000,Debit Card,42.0,Completed,Slightly defective but still usable
TX_0000000731,CUST0092,2025-03-04,VH-077,22,1867000,Credit Card,33.0,Completed,
TX_0000006094,CUST0736,2025-01-23,BE-942,31,391000,E-wallet,12.0,Completed,
TX_0000003785,CUST0453,2025-04-30,BC-266,18,432000,Credit Card,35.0,Completed,
TX_0000002756,CUST0334,2025-01-10,XG-991,13,478000,Bank Transfer,11.0,Completed,
TX_0000000998,CUST0123,2024-12-05,JP-695,10,478000,Credit Card,,Completed,5 stars for this product
TX_0000001028,CUST0127,2025-08-31,GU-689,29,384000,Bank Transfer,2.0,Completed,
TX_0000007210,CUST0874,2025-07-10,GB-904,23,268000,Debit Card,32.0,Completed,
TX_0000006650,CUST0804,2025-03-10,MN-151,28,1269000,Credit Card,44.0,Cancelled,Response was slow but item is good
TX_0000001881,CUST0230,2025-08-28,QH-851,18,459000,Debit Card,46.0,Completed,
TX_0000000683,CUST0086,2025-08-16,JP-079,28,228000,Credit Card,5.0,Completed,
TX_0000005973,CUST0723,2025-09-17,GL-630,1,307000,Credit Card,27.0,Completed,
TX_0000003444,CUST0416,2025-09-19,PU-236,26,322000,Bank Transfer,,Completed,"Quality item, packaging OK"
TX_0000006904,CUST0838,2025-01-18,DO-963,23,266000,Credit Card,49.0,Completed,
TX_0000000320,CUST0042,2025-01-22,SA-724,7,209000,Cash,30.0,Completed,"Item as ordered, safe packaging"
TX_0000005187,CUST0626,2025-05-15,XC-643,32,251000,E-wallet,13.0,Completed,
TX_0000007812,CUST0950,2025-09-05,WE-057,24,364000,Bank Transfer,40.0,Completed,
TX_0000004454,CUST0539,2025-02-23,LQ-923,35,166000,E-wallet,12.0,Completed,A bit expensive but satisfied with result
TX_0000006981,CUST0849,2024-10-07,FS-055,15,221000,Debit Card,49.0,Completed,
TX_0000006080,CUST0734,2025-03-21,PZ-412,10,296000,E-wallet,50.0,Completed,"Premium quality product, excellent"
TX_0000002911,CUST0357,2025-03-27,IB-832,23,136000,Bank Transfer,17.0,Completed,"Super fast shipping, thanks"
TX_0000004036,CUST0485,2025-09-12,SI-080,6,435000,E-wallet,48.0,Completed,
TX_0000006203,CUST0750,2025-02-23,QX-322,30,160000,Cash,27.0,Completed,A bit disappointing for this price
TX_0000004402,CUST0532,2024-05-21,TI-767,18,266000,Credit Card,,Completed,
TX_0000001047,CUST0128,2025-01-30,FA-967,19,255000,Cash,39.0,Completed,
TX_0000002421,CUST0297,2023-12-24,YU-769,40,146000,E-wallet,35.0,Completed,
TX_0000003687,CUST0441,2025-06-10,YI-757,11,222000,Cash,15.0,Completed,
TX_0000003951,CUST0473,2025-04-17,WP-997,30,391000,Bank Transfer,21.0,Completed,
TX_0000005258,CUST0634,2025-05-24,CC-351,34,487000,Cash,29.0,Completed,
TX_0000004507,CUST0544,2024-12-04,BN-182,40,326000,Bank Transfer,20.0,Completed,"Good quality, competitive price"
TX_0000001375,CUST0171,2025-02-24,ZP-101,4,135000,Bank Transfer,28.0,Completed,Bit disappointing from the photo
TX_0000002139,CUST0262,2025-02-26,SQ-213,26,416000,Cash,43.0,Completed,
TX_0000001671,CUST0208,2025-01-16,SY-052,27,414000,Credit Card,49.0,Completed,"Product meets expectations, will buy again"
TX_0000002108,CUST0258,2025-05-14,MF-298,34,279000,Credit Card,23.0,Completed,
TX_0000000133,CUST0016,2025-07-18,HO-296,30,401000,Bank Transfer,21.0,Completed,
TX_0000004710,CUST0566,2024-10-09,XL-534,31,180000,Bank Transfer,12.0,Completed,"Good item, express shipping"
TX_0000005930,CUST0716,2025-05-28,TQ-916,15,465000,E-wallet,37.0,Completed,
TX_0000007721,CUST0939,2025-07-12,PE-066,37,373000,Debit Card,,Completed,Slightly disappointed with the finishing
TX_0000003296,CUST0399,2025-06-10,YV-045,37,333000,Credit Card,19.0,Completed,
TX_0000001384,CUST0172,2024-11-28,NM-210,22,269000,Debit Card,23.0,Completed,"Safe packaging, not damaged"
TX_0000004656,CUST0559,2025-08-24,NH-711,25,367000,Bank Transfer,37.0,Pending,
TX_0000000707,CUST0087,2025-09-14,BN-449,25,260000,Debit Card,29.0,Completed,
TX_0000003528,CUST0425,2024-11-06,EZ-313,31,156000,E-wallet,11.0,Completed,
TX_0000007291,CUST0884,2025-03-17,AF-100,38,168000,Credit Card,36.0,Completed,
TX_0000003423,CUST0414,2025-09-05,IQ-668,29,379000,E-wallet,7.0,Completed,
TX_0000000958,CUST0120,2025-05-11,SA-317,37,102000,E-wallet,26.0,Completed,"Item matches picture, very satisfied"
TX_0000000697,CUST0087,2025-09-22,DE-892,4,178000,E-wallet,25.0,Completed,
TX_0000004193,CUST0508,2024-09-30,XM-770,40,169000,Bank Transfer,14.0,Cancelled,
TX_0000002345,CUST0287,2025-07-20,RO-905,11,345000,E-wallet,45.0,Cancelled,Poor quality for this price
TX_0000003401,CUST0411,2024-10-11,JD-881,21,123000,Bank Transfer,45.0,Completed,
TX_0000006192,CUST0749,2025-02-28,EO-691,38,493000,Credit Card,37.0,Completed,
TX_0000006704,CUST0812,2025-09-03,NY-987,35,372000,E-wallet,29.0,Completed,"Good quality, competitive price"
TX_0000005526,CUST0670,2025-09-21,ZY-797,40,430000,Credit Card,29.0,Refunded,"Professional seller, highly recommended"
TX_0000006754,CUST0819,2025-08-30,GC-825,28,170000,Cash,23.0,Completed,
TX_0000001316,CUST0164,2024-10-27,JA-830,32,83000,E-wallet,24.0,Completed,
TX_0000002754,CUST0334,2024-12-26,VN-867,2,262000,Debit Card,32.0,Cancelled,"Good product, meets expectations"
TX_0000002583,CUST0316,2024-11-30,MP-809,3,227000,Credit Card,42.0,Completed,A bit disappointing for this price
TX_0000007351,CUST0892,2025-02-01,SN-123,15,155000,Cash,,Completed,"Standard quality, reasonable price"
TX_0000005078,CUST0614,2024-10-15,DX-171,36,235000,Cash,0.0,Completed,
TX_0000001194,CUST0148,2025-09-22,PU-541,40,260000,Credit Card,30.0,Completed,"Standard quality, reasonable price"
TX_0000005010,CUST0606,2025-03-28,NQ-038,8,217000,Cash,10.0,Completed,
TX_0000006064,CUST0733,2024-11-17,EI-402,15,300,Cash,9.0,Completed,Good product for this price range
TX_0000004376,CUST0528,2025-02-01,YE-781,25,280000,Debit Card,47.0,Cancelled,"Seller communicative, item is good"
TX_0000000038,CUST0005,2025-09-23,EL-514,32,476000,Cash,13.0,Completed,
TX_0000001173,CUST0144,2024-11-24,PH-889,25,111000,Cash,28.0,Completed,Premium quality at affordable price
TX_0000008098,CUST0984,2024-08-04,EB-132,15,355000,Debit Card,18.0,Completed,
TX_0000006027,CUST0729,2024-12-12,FJ-913,13,65000,Debit Card,39.0,Cancelled,
TX_0000001741,CUST0214,2025-01-17,TP-348,34,443000,E-wallet,8.0,Completed,
TX_0000005097,CUST0616,2025-05-13,RM-080,20,365000,Credit Card,41.0,Refunded,"Safe shipping, nothing damaged"
TX_0000003329,CUST0404,2025-01-10,NN-215,27,259000,Bank Transfer,49.0,Completed,
TX_0000007728,CUST0940,2025-09-09,EZ-158,16,1318000,Credit Card,8.0,Completed,Price worth it for the quality
TX_0000002586,CUST0316,2024-11-29,OB-932,5,483000,Credit Card,6.0,Completed,Recommended seller
TX_0000003092,CUST0378,2025-01-12,MQ-331,10,433000,Bank Transfer,23.0,Completed,
TX_0000007880,CUST0959,2024-11-10,XL-178,39,111000,Bank Transfer,44.0,Completed,
TX_0000002358,CUST0290,2024-12-30,NB-025,3,353000,E-wallet,11.0,Completed,
TX_0000002719,CUST0329,2025-05-20,CX-950,9,500000,Credit Card,20.0,Cancelled,"Super fast shipping, thanks"
TX_0000006592,CUST0797,2025-08-04,WB-222,27,189000,Bank Transfer,40.0,Completed,
TX_0000000096,CUST0013,2025-07-17,SF-530,19,379000,Credit Card,7.0,Completed,"Defective item, please replace"
TX_0000001088,CUST0134,2024-11-15,WN-336,32,189000,Bank Transfer,44.0,Completed,
TX_0000006407,CUST0775,2024-12-29,TQ-924,20,390000,Debit Card,23.0,Completed,"Professional seller, highly recommended"
TX_0000005963,CUST0721,2025-05-16,QT-461,24,91000,Cash,26.0,Completed,
TX_0000000488,CUST0064,2025-02-24,JN-036,33,449000,Debit Card,45.0,Completed,Quality below expectations
TX_0000006152,CUST0743,2024-10-24,UI-014,16,380000,Bank Transfer,24.0,Completed,
TX_0000008084,CUST0983,2025-03-05,FQ-744,27,410000,E-wallet,5.0,Completed,
TX_0000008060,CUST0981,2024-10-14,BA-390,11,107000,Cash,7.0,Completed,"Safe packaging, not damaged"
TX_0000005481,CUST0665,2025-09-18,NY-410,14,235000,Bank Transfer,22.0,Completed,
TX_0000001678,CUST0208,2024-10-07,HS-365,36,166000,E-wallet,18.0,Completed,"Amazing product, exceeds expectations"
TX_0000005434,CUST0659,2025-04-09,XX-548,17,261000,Bank Transfer,50.0,Cancelled,
TX_0000003255,CUST0394,2025-08-20,CY-336,18,120000,E-wallet,16.0,Completed,
TX_0000004764,CUST0573,2025-02-04,OQ-775,9,407000,Cash,11.0,Completed,"Quality product, satisfying service"
TX_0000002318,CUST0284,2025-09-16,TP-362,24,382000,Debit Card,6.0,Completed,Satisfying service
TX_0000001347,CUST0167,2024-11-07,HJ-446,33,217000,Credit Card,36.0,Completed,
TX_0000007848,CUST0955,2025-03-26,OJ-697,25,166000,Cash,11.0,Completed,"Safe shipping, nothing damaged"
TX_0000004424,CUST0535,2024-12-24,BU-726,31,340000,Credit Card,24.0,Completed,
TX_0000000252,CUST0032,2025-01-14,LU-269,32,315000,Cash,31.0,Completed,
TX_0000003935,CUST0469,2025-04-18,ON-119,20,421000,Credit Card,45.0,Completed,"Thick bubble wrap packaging, safe"
TX_0000000335,CUST0044,2025-01-17,HO-331,3,233000,Debit Card,40.0,Completed,
TX_0000003394,CUST0410,2025-06-05,RH-851,31,153000,E-wallet,23.0,Completed,Poor quality for this price
TX_0000008180,CUST0997,2025-02-03,JC-483,17,157000,E-wallet,47.0,Completed,"Defective item, please replace"
TX_0000000737,CUST0093,2024-10-19,HT-279,36,390000,Credit Card,,Completed,
TX_0000005410,CUST0657,2025-08-30,VZ-815,18,240000,Cash,24.0,Completed,"Standard quality, reasonable price"
TX_0000003533,CUST0425,2024-12-16,AT-265,18,499000,Debit Card,18.0,Completed,Price matches quality
TX_0000001085,CUST0134,2025-01-05,KE-765,22,227000,E-wallet,15.0,Completed,"Product meets expectations, will buy again"
TX_0000007649,CUST0930,2025-08-02,XK-222,23,16000,Cash,24.0,Completed,"Professional seller, highly recommended"
TX_0000002751,CUST0334,2025-01-05,YC-376,1,10000,E-wallet,2.0,Completed,
TX_0000002606,CUST0318,2025-03-02,CS-167,21,297000,Credit Card,19.0,Completed,Bit disappointing from the photo
TX_0000005031,CUST0860,2025-08-15,KC-619,15,187000,E-wallet,1.0,Completed,
TX_0000007471,CUST0905,2025-02-23,JX-801,27,326000,E-wallet,15.0,Completed,"High quality product, recommended"
TX_0000000466,CUST0062,2024-12-09,EE-092,17,374000,Credit Card,7.0,Completed,
TX_0000005739,CUST0627,2025-01-17,YZ-080,21,234000,Cash,32.0,Completed,
TX_0000000764,CUST0096,2025-01-21,FW-776,25,474000,Debit Card,8.0,Completed,
TX_0000003078,CUST0376,2025-04-28,ES-218,6,267000,Debit Card,,Completed,
TX_0000001124,CUST0137,2025-01-27,AV-158,40,336000,Credit Card,,Completed,Doesn't match my expectations
TX_0000001264,CUST0157,2024-10-16,ZY-564,20,212000,Credit Card,50.0,Cancelled,
TX_0000004950,CUST0599,2024-11-03,FV-417,7,339000,Credit Card,7.0,Completed,
TX_0000001422,CUST0181,2024-10-14,BK-937,2,382000,Credit Card,0.0,Completed,
TX_0000006244,CUST0756,2024-11-12,FN-721,21,330000,Bank Transfer,2.0,Completed,"Slow shipping, ordinary item"
TX_0000003471,CUST0419,2025-03-24,GT-905,34,341000,E-wallet,1.0,Completed,
TX_0000002111,CUST0258,2025-07-24,HP-941,25,403000,Bank Transfer,31.0,Completed,
TX_0000000158,CUST0020,2025-03-04,PM-698,23,1604000,Credit Card,14.0,Completed,
TX_0000007849,CUST0955,2024-10-11,JX-762,35,252000,E-wallet,2.0,Refunded,Item arrived safely
TX_0000003400,CUST0411,2025-01-16,SX-124,20,418000,Cash,20.0,Completed,
TX_0000002174,CUST0267,2024-11-21,GR-007,11,229000,Cash,6.0,Completed,"Competitive price, decent quality"
TX_0000007952,CUST0966,2024-12-30,FC-084,20,470000,E-wallet,30.0,Completed,Original and quality item
TX_0000004835,CUST0582,2024-11-25,XF-407,39,311000,E-wallet,38.0,Completed,
TX_0000003800,CUST0454,2025-08-11,UP-555,23,153000,Bank Transfer,3.0,Completed,Fast response from seller
TX_0000002988,CUST0366,2025-03-23,PO-045,35,226000,Credit Card,,Cancelled,Shipping delayed but item is good
TX_0000000790,CUST0100,2025-01-24,DD-706,35,393000,Debit Card,45.0,Completed,Quality below expectations
TX_0000000534,CUST0070,2025-02-18,AV-006,16,224000,Bank Transfer,28.0,Pending,
TX_0000004530,CUST0546,2025-08-18,VO-509,16,192000,Debit Card,7.0,Completed,
TX_0000005721,CUST0694,2025-09-21,GH-044,19,246000,Cash,47.0,Completed,
TX_0000005750,CUST0627,2024-10-27,MQ-778,16,268000,Bank Transfer,17.0,Completed,Premium quality at affordable price
TX_0000003979,CUST0476,2025-07-17,XI-151,24,259000,Bank Transfer,,Completed,"Great product, will order again"
TX_0000004878,CUST0587,2025-05-29,VE-052,16,282000,Bank Transfer,5.0,Pending,
TX_0000006395,CUST0774,2025-05-23,MT-098,16,1260000,Cash,24.0,Completed,Item arrived in perfect condition
TX_0000007546,CUST0913,2025-07-21,VZ-690,21,427000,Credit Card,24.0,Completed,
TX_0000005924,CUST0716,2025-07-09,DH-596,23,469000,Bank Transfer,6.0,Completed,Product doesn't match picture
TX_0000007342,CUST0890,2024-12-25,ED-725,10,387000,E-wallet,37.0,Completed,
TX_0000004953,CUST0599,2025-02-25,JG-227,30,184000,Cash,43.0,Completed,
TX_0000003185,CUST0387,2024-10-09,DF-842,8,180000,Cash,39.0,Completed,
TX_0000001898,CUST0231,2024-11-01,PC-684,32,354000,E-wallet,43.0,Cancelled,
TX_0000007264,CUST0881,2025-09-14,QP-175,20,117000,Debit Card,8.0,Completed,
TX_0000007818,CUST0951,2024-10-10,YP-457,36,101000,Debit Card,31.0,Completed,"Safe shipping, nothing damaged"
TX_0000003133,CUST0382,2025-03-02,VK-127,15,219000,Cash,5.0,Completed,
TX_0000001421,CUST0180,2025-07-13,YJ-429,32,191000,Bank Transfer,8.0,Completed,Price matches quality
TX_0000001278,CUST0158,2025-05-20,CR-918,33,137000,Cash,45.0,Pending,
TX_0000007896,CUST0960,2025-07-24,YP-483,39,473000,Debit Card,21.0,Completed,Price worth it for the quality
TX_0000001408,CUST0178,2025-04-11,ZY-645,17,249000,Bank Transfer,12.0,Refunded,
TX_0000002572,CUST0315,2025-01-31,EG-583,19,205000,Credit Card,37.0,Cancelled,
TX_0000003460,CUST0417,2025-06-22,TD-480,34,243000,Credit Card,17.0,Completed,
TX_0000003474,CUST0419,2024-10-17,CU-927,33,442000,E-wallet,3.0,Completed,
TX_0000002457,CUST0300,2025-03-07,NL-125,18,446000,Debit Card,45.0,Completed,Price worth it for the quality
TX_0000007300,CUST0886,2025-08-28,AS-596,25,282000,E-wallet,6.0,Completed,Item arrived safely
TX_0000006648,CUST0803,2025-08-19,XF-286,32,428000,E-wallet,11.0,Completed,
TX_0000004077,CUST0493,2024-11-01,EN-433,28,192000,Bank Transfer,14.0,Completed,
TX_0000006598,CUST0798,2025-07-31,SR-139,20,320000,Credit Card,42.0,Completed,Doesn't meet expectations
TX_0000002664,CUST0323,2025-05-29,HU-775,28,421000,E-wallet,1.0,Completed,
TX_0000000354,CUST0048,2024-12-21,UW-044,1,293000,Debit Card,40.0,Completed,"Good item, express shipping"
TX_0000001607,CUST0201,2024-12-07,DE-202,9,41000,E-wallet,1.0,Cancelled,
TX_0000004741,CUST0570,2025-01-21,YY-983,20,369000,Credit Card,,Completed,"Safe shipping, nothing damaged"
TX_0000001692,CUST0210,2024-08-03,QZ-411,15,426000,Credit Card,40.0,Completed,
TX_0000004162,CUST0504,2024-11-04,DZ-583,14,362000,E-wallet,46.0,Completed,Premium quality at affordable price
TX_0000007292,CUST0884,2025-08-30,VP-304,26,493000,Bank Transfer,16.0,Completed,
TX_0000006177,CUST0747,2025-08-21,LA-260,22,396000,Bank Transfer,29.0,Pending,Item arrived in perfect condition
TX_0000001570,CUST0196,2025-09-24,MZ-365,10,900,Credit Card,23.0,Completed,
TX_0000001722,CUST0213,2025-03-15,HC-375,40,323000,Bank Transfer,4.0,Completed,
TX_0000007761,CUST0944,2024-10-12,UX-918,22,235000,Credit Card,44.0,Pending,Slightly disappointed with the finishing
TX_0000001006,CUST0123,2025-02-04,KC-770,10,35000,E-wallet,14.0,Completed,
TX_0000006937,CUST0843,2025-01-04,QK-684,17,249000,Credit Card,28.0,Completed,
TX_0000007301,CUST0886,2025-03-17,LO-410,23,128000,Debit Card,17.0,Completed,5 stars for this product
TX_0000004405,CUST0532,2024-12-18,UH-097,34,457000,E-wallet,20.0,Completed,
TX_0000005951,CUST0720,2025-06-16,BO-863,21,496000,Bank Transfer,10.0,Completed,
TX_0000000941,CUST0119,2024-11-23,IQ-282,17,7000,E-wallet,20.0,Completed,"Safe shipping, nothing damaged"
TX_0000005108,CUST0618,2025-01-25,LS-167,19,358000,Cash,25.0,Completed,"Fast shipping, neat packaging"
TX_0000003743,CUST0449,2025-04-05,LM-967,16,146000,Bank Transfer,0.0,Completed,
TX_0000002723,CUST0330,2025-02-09,NI-067,36,257000,Bank Transfer,,Completed,"Professional seller, highly recommended"
TX_0000000541,CUST0071,2025-03-02,VJ-048,37,220000,Credit Card,13.0,Completed,
TX_0000004957,CUST0600,2025-03-28,LN-281,19,360000,E-wallet,46.0,Completed,
TX_0000004861,CUST0585,2025-01-17,TG-627,24,460000,Cash,35.0,Completed,Won't buy here again
TX_0000004340,CUST0523,2025-09-06,PK-137,18,389000,Debit Card,47.0,Cancelled,
TX_0000002355,CUST0288,2025-02-24,TM-222,20,462000,E-wallet,41.0,Completed,
TX_0000005549,CUST0673,2025-02-10,AR-117,15,60000,Credit Card,41.0,Completed,
TX_0000003465,CUST0417,2025-02-26,YT-602,16,138000,E-wallet,6.0,Completed,Price worth it for the quality
TX_0000004149,CUST0503,2025-02-16,JB-538,18,406000,Bank Transfer,28.0,Completed,
TX_0000006009,CUST0727,2025-08-11,KE-549,29,487000,E-wallet,3.0,Completed,
TX_0000002779,CUST0336,2025-02-15,IE-473,17,165000,Cash,17.0,Completed,"High quality product, recommended"
TX_0000002869,CUST0351,2025-09-22,CJ-261,10,67000,Debit Card,38.0,Completed,
TX_0000000626,CUST0077,2025-05-27,OZ-926,10,363000,Cash,24.0,Completed,
TX_0000005900,CUST0713,2025-01-24,WM-263,33,331000,Cash,21.0,Completed,"Safe packaging, not damaged"
TX_0000002119,CUST0259,2024-10-10,LP-628,33,365000,Debit Card,19.0,Completed,"Super fast shipping, thanks"
TX_0000001204,CUST0150,2025-08-07,VR-023,6,38000,Debit Card,1.0,Completed,"Item as ordered, safe packaging"
TX_0000007083,CUST0859,2025-02-25,NP-956,18,129000,Bank Transfer,24.0,Completed,
TX_0000004488,CUST0542,2025-07-31,ZP-661,25,270000,Debit Card,50.0,Completed,"Responsive seller, good problem solving"
TX_0000006681,CUST0808,2025-09-03,LV-283,25,100000,Cash,39.0,Completed,
TX_0000001663,CUST0207,2025-09-21,ON-666,19,80000,Cash,11.0,Completed,
TX_0000001262,CUST0157,2025-06-10,KK-544,15,183000,Cash,28.0,Completed,Bit disappointing from the photo
TX_0000001406,CUST0178,2024-10-05,NP-299,20,129000,Bank Transfer,50.0,Refunded,Good product for this price range
TX_0000003689,CUST0441,2025-09-14,BR-244,22,169000,Credit Card,25.0,Completed,
TX_0000006069,CUST0733,2024-12-28,RK-675,5,225000,Debit Card,,Completed,
TX_0000004966,CUST0602,2025-08-11,LZ-859,20,484000,Debit Card,40.0,Completed,
TX_0000008037,CUST0977,2025-06-15,XX-479,32,212000,Credit Card,12.0,Completed,"Poor product, requesting refund"
TX_0000001627,CUST0203,2025-03-06,RP-130,18,1082000,Debit Card,41.0,Refunded,"Amazing product, exceeds expectations"
TX_0000005679,CUST0689,2025-02-22,MC-592,33,141000,E-wallet,4.0,Completed,
TX_0000005427,CUST0659,2025-03-12,XL-858,18,348000,Credit Card,1.0,Completed,"Quality matches the price, decent enough"
TX_0000002021,CUST0247,2025-03-20,GU-383,30,111000,Credit Card,9.0,Refunded,"Premium quality product, excellent"
TX_0000006940,CUST0843,2024-12-22,RG-344,26,146000,Debit Card,29.0,Completed,Very satisfied with this purchase
TX_0000003007,CUST0368,2025-03-16,PA-887,35,363000,Credit Card,0.0,Completed,"Good item, express shipping"
TX_0000001955,CUST0238,2024-10-10,KM-310,21,248000,E-wallet,25.0,Completed,
TX_0000002677,CUST0326,2025-07-03,PW-569,16,262000,Credit Card,30.0,Completed,
TX_0000002143,CUST0263,2024-10-22,GG-494,32,478000,Credit Card,48.0,Cancelled,
TX_0000006823,CUST0828,2025-09-21,OI-354,20,169000,Credit Card,40.0,Completed,Price matches quality
TX_0000008111,CUST0987,2024-10-09,IV-977,21,481000,Debit Card,38.0,Completed,Shipping delayed but item is good
TX_0000005820,CUST0703,2025-07-19,CF-699,23,442000,Cash,,Completed,"Fast shipping, neat packaging"
TX_0000003039,CUST0371,2024-12-22,AM-136,2,115000,Credit Card,49.0,Completed,
TX_0000002338,CUST0287,2025-07-22,FD-511,17,233000,Cash,25.0,Completed,A bit expensive but satisfied with result
TX_0000000743,CUST0093,2024-10-12,KX-148,25,416000,Cash,39.0,Completed,
TX_0000007703,CUST0937,2025-06-10,NX-595,5,334000,E-wallet,15.0,Cancelled,"Quality product, satisfying service"
TX_0000000484,CUST0063,2025-09-03,RZ-220,40,227000,Debit Card,15.0,Completed,"Amazing product, exceeds expectations"
TX_0000006888,CUST0836,2025-08-20,ZE-541,26,332000,Cash,46.0,Completed,
TX_0000006609,CUST0800,2024-10-06,WW-830,4,255000,Debit Card,48.0,Completed,
TX_0000001863,CUST0228,2025-02-08,FV-985,29,370000,E-wallet,24.0,Completed,
TX_0000003892,CUST0465,2025-05-23,YK-668,24,34000,Cash,47.0,Completed,
TX_0000007693,CUST0934,2025-01-26,PB-444,19,307000,E-wallet,,Completed,
TX_0000004920,CUST0595,2025-01-23,KN-340,38,155000,E-wallet,29.0,Completed,
TX_0000005210,CUST0628,2024-02-04,NG-814,21,290000,Bank Transfer,44.0,Completed,Standard quality for the price
TX_0000004787,CUST0576,2025-03-19,OP-975,29,336000,E-wallet,5.0,Completed,
TX_0000001594,CUST0198,2025-08-23,MO-319,31,488000,Bank Transfer,48.0,Completed,
TX_0000007604,CUST0924,2025-09-14,TZ-676,15,399000,Debit Card,48.0,Completed,
TX_0000007965,CUST0968,2024-11-02,UN-359,29,256000,Debit Card,49.0,Completed,A bit expensive but worth the quality
TX_0000000049,CUST0006,2025-08-01,XO-583,20,314000,Credit Card,31.0,Completed,
TX_0000004826,CUST0581,2024-10-31,QL-805,28,141000,Debit Card,4.0,Completed,Responsive and helpful seller
TX_0000008004,CUST0972,2025-08-06,XQ-103,20,348000,E-wallet,14.0,Refunded,"Honest seller, item as described"
TX_0000007404,CUST0897,2025-07-15,LE-850,23,100,Credit Card,25.0,Completed,
TX_0000004042,CUST0486,2025-08-08,WM-697,20,262000,Cash,17.0,Completed,Bit disappointing from the photo
TX_0000003208,CUST0389,2024-11-16,XD-488,30,272000,Debit Card,36.0,Completed,Standard quality for the price
TX_0000004852,CUST0584,2025-07-21,RH-917,16,277000,Debit Card,31.0,Cancelled,Item arrived faster than expected
TX_0000004661,CUST0559,2025-08-05,DO-644,22,56000,Debit Card,45.0,Completed,
TX_0000005325,CUST0648,2025-06-18,PE-751,34,135000,Debit Card,,Cancelled,"Friendly seller, item as ordered"
TX_0000002007,CUST0245,2025-05-10,CJ-029,32,178000,Bank Transfer,43.0,Completed,Slightly defective but still usable
TX_0000007841,CUST0953,2024-12-21,SI-689,22,152000,Debit Card,29.0,Completed,
TX_0000000394,CUST0052,2025-09-07,SX-869,16,390000,Debit Card,17.0,Refunded,
TX_0000005341,CUST0649,2024-02-24,CG-035,4,281000,Credit Card,47.0,Completed,
TX_0000000231,CUST0031,2025-08-10,DZ-750,18,410000,Cash,9.0,Completed,
TX_0000005995,CUST0726,2024-10-12,HH-569,20,64000,Bank Transfer,50.0,Completed,
TX_0000004140,CUST0502,2025-03-25,GK-896,25,21000,E-wallet,40.0,Pending,
TX_0000006621,CUST0801,2024-10-31,RI-010,25,384000,E-wallet,49.0,Completed,
TX_0000001298,CUST0162,2025-02-12,NV-856,30,171000,Debit Card,,Completed,"High quality product, recommended"
TX_0000005534,CUST0670,2025-09-24,OP-323,22,118000,Bank Transfer,49.0,Cancelled,"Seller communicative, item is good"
TX_0000001075,CUST0132,2024-12-19,FI-442,17,35000,Bank Transfer,44.0,Completed,
TX_0000006685,CUST0808,2025-08-26,JA-922,17,146000,Bank Transfer,36.0,Completed,
TX_0000004332,CUST0522,2024-11-06,AT-353,19,605000,Debit Card,16.0,Completed,Item arrived in perfect condition
TX_0000007322,CUST0888,2025-02-03,ZD-332,23,1022000,Bank Transfer,8.0,Completed,
TX_0000003003,CUST0368,2024-12-12,IK-963,38,413000,E-wallet,33.0,Completed,"Responsive seller, good problem solving"
TX_0000006862,CUST0832,2025-01-08,GC-323,22,426000,Debit Card,37.0,Completed,"Product meets expectations, great"
TX_0000001729,CUST0213,2025-03-09,ZZ-648,15,10000,Cash,11.0,Cancelled,
TX_0000004634,CUST0556,2025-05-19,XI-539,12,94000,Credit Card,47.0,Refunded,Good product for this price range
TX_0000000062,CUST0008,2025-05-23,KL-268,29,214000,Bank Transfer,7.0,Cancelled,
TX_0000004582,CUST0552,2024-12-18,FE-213,9,317000,Bank Transfer,3.0,Refunded,
TX_0000005100,CUST0616,2024-08-12,HW-003,26,1890000,E-wallet,31.0,Completed,
TX_0000007580,CUST0921,2024-10-14,LN-918,17,345000,Cash,7.0,Completed,
TX_0000005194,CUST0627,2024-11-21,DA-719,16,425000,Credit Card,0.0,Completed,Original and quality item
TX_0000003683,CUST0441,2025-07-04,KW-641,11,446000,Cash,18.0,Completed,"Quality matches the price, decent enough"
TX_0000000333,CUST0044,2024-12-06,AO-602,22,103000,Bank Transfer,8.0,Cancelled,
TX_0000006227,CUST0753,2025-08-29,FF-594,16,339000,Cash,38.0,Completed,
TX_0000002993,CUST0366,2023-11-28,FK-655,18,126000,Bank Transfer,8.0,Completed,
TX_0000004690,CUST0562,2025-09-02,CF-118,32,227000,Debit Card,49.0,Completed,
TX_0000001560,CUST0195,2024-10-23,YF-903,18,138000,Bank Transfer,32.0,Refunded,Poor quality for this price
TX_0000002095,CUST0256,2025-02-28,WK-020,16,26000,Debit Card,17.0,Completed,
TX_0000005490,CUST0665,2025-08-21,KT-975,25,35000,E-wallet,15.0,Completed,
TX_0000004675,CUST0561,2025-07-03,PY-464,6,427000,Bank Transfer,32.0,Completed,"Item as ordered, safe packaging"
TX_0000000812,CUST0522,2024-11-08,KR-661,37,499000,Cash,30.0,Completed,
TX_0000008030,CUST0977,2025-07-28,WD-333,39,487000,Credit Card,49.0,Completed,"Responsive seller, good problem solving"
TX_0000006212,CUST0751,2024-11-27,OJ-155,34,302000,Bank Transfer,,Completed,
TX_0000001076,CUST0132,2025-06-29,TF-037,13,430000,Bank Transfer,0.0,Completed,
TX_0000007823,CUST0951,2024-10-12,JL-374,22,117000,Credit Card,25.0,Completed,"Cheap price, decent quality"
TX_0000006420,CUST0776,2025-02-18,JQ-076,37,261000,E-wallet,41.0,Completed,"Good item, express shipping"
TX_0000005543,CUST0673,2024-07-10,DE-428,16,27000,Cash,27.0,Completed,"Super fast shipping, thanks"
TX_0000007599,CUST0923,2025-01-03,NU-590,30,172000,E-wallet,1.0,Completed,
TX_0000005062,CUST0610,2024-12-16,FK-000,33,497000,Credit Card,27.0,Completed,
TX_0000005175,CUST0625,2025-03-06,LU-733,1,168000,Debit Card,14.0,Completed,Price worth it for the quality
TX_0000006631,CUST0801,2024-11-23,CI-140,17,362000,Bank Transfer,39.0,Completed,Response was slow but item is good
TX_0000001018,CUST0126,2024-10-09,HM-541,31,332000,Cash,26.0,Completed,"Fast shipping, neat packaging"
TX_0000006238,CUST0756,2025-02-09,ME-205,16,423000,Debit Card,39.0,Completed,
TX_0000000539,CUST0071,2024-11-09,LC-192,26,226000,Cash,0.0,Completed,"Super fast shipping, thanks"
TX_0000003246,CUST0393,2025-05-20,EW-096,27,304000,E-wallet,2.0,Completed,
TX_0000003882,CUST0464,2024-12-28,TL-770,18,166000,Credit Card,,Completed,
TX_0000000080,CUST0011,2025-05-15,FS-574,28,423000,Bank Transfer,13.0,Completed,
TX_0000004417,CUST0534,2025-03-21,XA-892,32,363000,Cash,46.0,Refunded,
TX_0000003124,CUST0381,2025-01-04,ZF-137,26,314000,Cash,4.0,Completed,
TX_0000008148,CUST0992,2025-03-02,DQ-919,30,353000,Bank Transfer,16.0,Completed,
TX_0000005642,CUST0685,2024-12-29,RZ-143,16,428000,E-wallet,42.0,Completed,
TX_0000004048,CUST0488,2025-01-05,DU-267,22,205000,Cash,35.0,Completed,
TX_0000002185,CUST0268,2025-02-20,JA-128,17,214000,E-wallet,23.0,Completed,5 stars for this product
TX_0000006130,CUST0741,2024-11-30,FN-291,19,385000,Credit Card,8.0,Completed,
TX_0000004985,CUST0604,2025-06-29,RH-152,16,346000,Cash,21.0,Completed,
TX_0000007999,CUST0971,2025-06-07,ND-357,18,42000,Debit Card,32.0,Completed,
TX_0000007934,CUST0964,2024-11-21,HM-359,26,279000,E-wallet,12.0,Completed,
TX_0000000713,CUST0089,2024-11-20,HA-036,22,132000,Credit Card,41.0,Completed,
TX_0000001466,CUST0185,2025-02-25,CT-593,19,187000,Debit Card,4.0,Completed,
TX_0000003816,CUST0456,2025-05-13,ZW-520,24,391000,E-wallet,45.0,Completed,Slightly disappointed with the finishing
TX_0000001818,CUST0222,2025-09-15,CG-693,16,127000,Debit Card,44.0,Completed,"Honest seller, item as described"
TX_0000003150,CUST0383,2025-07-04,NW-807,25,168000,Bank Transfer,10.0,Refunded,
TX_0000004088,CUST0494,2025-03-24,VR-907,33,203000,Cash,22.0,Completed,
TX_0000000150,CUST0017,2025-01-03,RM-637,36,76000,Credit Card,23.0,Cancelled,
TX_0000003694,CUST0442,2025-05-15,OD-396,38,422000,Bank Transfer,39.0,Completed,
TX_0000000880,CUST0111,2024-12-08,ES-727,27,147000,Debit Card,19.0,Completed,
TX_0000000983,CUST0122,2024-11-05,QY-205,2,237000,Cash,34.0,Completed,Expensive price but worth it
TX_0000006287,CUST0762,2025-02-12,EW-214,15,99000,E-wallet,22.0,Completed,
TX_0000000170,CUST0514,2025-03-12,JP-826,36,166000,Credit Card,20.0,Completed,
TX_0000005688,CUST0690,2024-11-09,LN-035,23,270000,Bank Transfer,41.0,Completed,"Defective item, please replace"
TX_0000005747,CUST0627,2025-01-16,YR-169,34,125000,Debit Card,3.0,Completed,Bit overpriced but quality is okay
TX_0000003878,CUST0463,2024-11-08,YL-333,23,172000,E-wallet,4.0,Completed,Quality below expectations
TX_0000001453,CUST0183,2024-10-08,NB-044,23,373000,Debit Card,27.0,Completed,
TX_0000001010,CUST0125,2025-04-05,ZX-428,17,463000,Debit Card,30.0,Completed,
TX_0000005965,CUST0722,2024-04-03,OO-286,36,326000,Credit Card,3.0,Completed,
TX_0000003122,CUST0381,2025-01-23,VX-772,38,1249000,Debit Card,,Completed,
TX_0000005167,CUST0624,2025-01-20,TY-112,35,399000,Bank Transfer,25.0,Refunded,
TX_0000003018,CUST0369,2024-12-24,CV-612,27,74000,Cash,50.0,Completed,
TX_0000002158,CUST0265,2024-06-18,VE-757,19,296000,E-wallet,18.0,Completed,
TX_0000003786,CUST0453,2025-01-01,DC-620,37,321000,Credit Card,10.0,Completed,
TX_0000001003,CUST0123,2025-03-26,UO-908,23,105000,Bank Transfer,41.0,Completed,
TX_0000002190,CUST0268,2025-03-11,XW-744,19,425000,Debit Card,42.0,Cancelled,
TX_0000002875,CUST0353,2025-07-11,KA-423,37,208000,Credit Card,49.0,Completed,"Responsive seller, good problem solving"
TX_0000001609,CUST0201,2024-11-01,FZ-432,14,25000,E-wallet,19.0,Completed,
TX_0000005958,CUST0720,2025-06-18,HK-810,40,289000,Debit Card,39.0,Completed,
TX_0000000510,CUST0067,2025-02-18,HR-510,20,27000,Credit Card,29.0,Completed,
TX_0000004378,CUST0528,2024-06-30,UO-342,29,162000,E-wallet,26.0,Completed,"Product matches photo, good quality"
TX_0000006957,CUST0844,2024-12-04,WZ-409,19,393000,Cash,46.0,Completed,
TX_0000007452,CUST0904,2024-10-11,AZ-814,33,297000,Credit Card,,Completed,
TX_0000005501,CUST0667,2024-11-04,JX-824,26,125000,Debit Card,42.0,Completed,"Item damaged upon arrival, disappointed"
TX_0000006775,CUST0822,2024-12-11,EK-446,21,263000,Debit Card,48.0,Completed,"Item damaged upon arrival, disappointed"
TX_0000001321,CUST0165,2025-09-21,JO-294,36,392000,Bank Transfer,50.0,Completed,Response was slow but item is good
TX_0000004081,CUST0493,2024-10-15,MO-010,29,115000,E-wallet,0.0,Cancelled,
TX_0000006570,CUST0795,2025-03-06,FY-232,37,498000,Debit Card,5.0,Completed,
TX_0000007026,CUST0855,2024-10-30,TT-210,14,499000,Debit Card,35.0,Completed,
TX_0000007433,CUST0900,2024-04-17,JY-012,4,395000,Credit Card,22.0,Completed,High quality product
TX_0000002128,CUST0260,2025-05-25,ED-433,29,472000,E-wallet,11.0,Completed,"100% original item, recommended"
TX_0000005028,CUST0608,2025-08-22,KN-569,29,343000,Debit Card,40.0,Completed,
TX_0000004241,CUST0513,2025-03-17,TT-886,34,475000,Debit Card,6.0,Pending,Responsive and helpful seller
TX_0000005866,CUST0708,2024-12-13,CH-243,37,359000,Debit Card,23.0,Completed,"Honest seller, item as described"
TX_0000000677,CUST0085,2025-02-21,IE-448,17,437000,Cash,45.0,Completed,
TX_0000005390,CUST0655,2024-12-18,BR-659,19,207000,E-wallet,23.0,Pending,
TX_0000003768,CUST0451,2025-09-06,EV-616,13,424000,Cash,15.0,Completed,
TX_0000002944,CUST0360,2025-07-13,BN-717,40,386000,Credit Card,9.0,Completed,5 stars for this product
TX_0000007831,CUST0952,2024-12-17,VI-042,26,210000,Bank Transfer,0.0,Completed,Item arrived in perfect condition
TX_0000001062,CUST0129,2025-09-15,XV-402,24,299000,E-wallet,46.0,Completed,
TX_0000003740,CUST0449,2025-02-19,WX-225,34,381000,Cash,7.0,Pending,
TX_0000005602,CUST0680,2024-12-25,UH-221,20,122000,Credit Card,11.0,Completed,
TX_0000003530,CUST0425,2024-01-10,MR-887,24,481000,Bank Transfer,9.0,Completed,"Good product, meets expectations"
TX_0000006851,CUST0832,2025-01-12,PS-765,19,386000,E-wallet,20.0,Completed,Disappointed with item quality
TX_0000000545,CUST0071,2025-09-23,UK-749,5,304000,Bank Transfer,9.0,Completed,
TX_0000003985,CUST0477,2025-09-16,JW-969,28,76000,Debit Card,3.0,Completed,
TX_0000003657,CUST0437,2025-08-23,ZC-583,37,434000,Debit Card,16.0,Completed,
TX_0000002307,CUST0282,2025-09-17,RC-615,21,339000,Debit Card,0.0,Completed,"Standard quality, reasonable price"
TX_0000005075,CUST0612,2025-01-10,FQ-392,37,383000,Credit Card,3.0,Completed,"Slow shipping, ordinary item"
TX_0000004487,CUST0542,2025-03-18,ER-182,35,140000,Credit Card,20.0,Completed,"Good item, express shipping"
TX_0000007707,CUST0937,2025-02-21,BR-085,25,137000,Credit Card,48.0,Completed,
TX_0000004199,CUST0509,2024-10-09,TT-128,36,288000,E-wallet,29.0,Completed,
TX_0000004232,CUST0512,2025-07-03,AL-992,19,476000,Debit Card,7.0,Completed,"Cheap price, decent quality"
TX_0000006254,CUST0757,2024-08-04,DI-796,21,221000,Cash,25.0,Completed,
TX_0000007224,CUST0875,2025-07-21,XN-659,27,472000,Cash,25.0,Completed,Item arrived faster than expected
TX_0000003618,CUST0434,2024-11-20,MP-789,27,338000,Bank Transfer,35.0,Completed,
TX_0000006461,CUST0782,2024-10-10,MF-701,13,478000,Credit Card,46.0,Completed,
TX_0000000859,CUST0107,2024-05-19,IX-726,28,377000,Credit Card,41.0,Completed,"100% original item, recommended"
TX_0000007802,CUST0949,2025-05-19,NZ-447,2,288000,Cash,6.0,Completed,"Amazing product, highly recommended"
TX_0000007446,CUST0902,2025-03-11,GW-654,36,257000,Debit Card,45.0,Completed,"Seller communicative, item is good"
TX_0000001104,CUST0136,2025-01-17,WM-028,37,284000,E-wallet,49.0,Completed,Slightly defective but still usable
TX_0000005822,CUST0703,2025-02-14,II-277,31,431000,Cash,,Completed,
TX_0000005266,CUST0635,2024-10-25,EY-243,23,169000,Credit Card,33.0,Completed,
TX_0000005909,CUST0714,2025-07-09,EL-742,39,293000,E-wallet,43.0,Completed,
TX_0000003506,CUST0424,2025-08-18,AY-398,19,324000,Bank Transfer,16.0,Completed,
TX_0000002281,CUST0279,2024-10-06,TJ-202,7,103000,Cash,17.0,Completed,Recommended seller
TX_0000000602,CUST0074,2025-09-16,YT-201,33,35000,E-wallet,,Completed,"Thick bubble wrap packaging, safe"
TX_0000004519,CUST0545,2025-03-19,MV-937,21,239000,Debit Card,11.0,Completed,
TX_0000000409,CUST0054,2025-02-17,DA-327,23,209000,Cash,21.0,Completed,
TX_0000003488,CUST0421,2025-08-03,FO-659,16,350000,Bank Transfer,15.0,Completed,
TX_0000000928,CUST0137,2024-11-06,RK-794,30,466000,Bank Transfer,42.0,Completed,A bit disappointing for this price
TX_0000002898,CUST0356,2025-01-05,FH-233,15,335000,E-wallet,26.0,Completed,Slightly disappointed with the finishing
TX_0000001650,CUST0206,2024-11-12,JJ-219,35,282000,Bank Transfer,50.0,Completed,
TX_0000006813,CUST0826,2024-12-07,YE-127,35,226000,Credit Card,25.0,Completed,"Slow shipping, ordinary item"
TX_0000004141,CUST0502,2024-03-09,HV-112,27,405000,Credit Card,13.0,Completed,
TX_0000004428,CUST0535,2024-08-16,TP-976,36,356000,E-wallet,2.0,Completed,
TX_0000005661,CUST0688,2024-12-05,II-892,23,487000,Bank Transfer,14.0,Completed,
TX_0000002808,CUST0342,2025-07-22,KY-205,18,176000,E-wallet,7.0,Completed,Recommended seller
TX_0000004533,CUST0546,2025-09-15,CX-797,15,395000,E-wallet,44.0,Completed,
TX_0000007781,CUST0948,2025-01-24,OC-275,28,123000,Credit Card,24.0,Completed,
TX_0000004980,CUST0602,2025-09-02,HP-979,4,1700,Credit Card,48.0,Completed,"Friendly seller, item as ordered"
TX_0000006699,CUST0811,2025-09-05,YO-450,31,446000,Bank Transfer,48.0,Completed,
TX_0000007308,CUST0887,2025-09-24,ML-233,38,156000,E-wallet,48.0,Cancelled,
TX_0000001563,CUST0195,2025-01-13,JJ-844,23,302000,E-wallet,12.0,Completed,
TX_0000003195,CUST0388,2025-01-11,FS-736,31,429000,E-wallet,47.0,Completed,
TX_0000002471,CUST0303,2025-02-27,WP-653,9,182000,Cash,27.0,Refunded,
TX_0000004206,CUST0509,2025-03-05,PZ-288,23,145000,Bank Transfer,15.0,Completed,Original and quality item
TX_0000006821,CUST0828,2025-09-12,VY-712,40,413000,Bank Transfer,36.0,Cancelled,"Quality matches the price, decent enough"
TX_0000003535,CUST0426,2025-07-12,XZ-413,16,852000,Debit Card,13.0,Completed,
TX_0000000577,CUST0072,2025-05-17,FF-357,6,381000,Credit Card,35.0,Completed,
TX_0000005689,CUST0690,2024-12-18,IN-100,30,437000,Cash,12.0,Completed,Item arrived faster than expected
TX_0000007416,CUST0899,2023-12-31,MO-814,15,827000,Debit Card,40.0,Completed,"Defective item, please replace"
TX_0000000355,CUST0048,2025-02-10,LU-834,22,472000,Cash,3.0,Completed,
TX_0000005562,CUST0675,2025-01-26,OJ-992,22,290000,Bank Transfer,2.0,Completed,"Amazing product, highly recommended"
TX_0000003541,CUST0428,2024-12-20,VG-452,16,379000,Credit Card,10.0,Completed,
TX_0000006771,CUST0822,2024-09-01,PD-705,27,369000,Cash,39.0,Completed,
TX_0000005392,CUST0655,2025-03-11,WM-742,24,413000,E-wallet,,Cancelled,
TX_0000006543,CUST0791,2025-02-28,RW-447,30,444000,Bank Transfer,39.0,Completed,
TX_0000000178,CUST0021,2025-09-23,EP-296,35,308000,Cash,11.0,Completed,
TX_0000002522,CUST0309,2025-08-21,ZP-407,1,416000,Debit Card,8.0,Completed,
TX_0000007090,CUST0860,2025-09-13,OO-314,27,155000,E-wallet,37.0,Completed,"Thank you, very recommended"
TX_0000008129,CUST0989,2025-08-09,AX-027,29,321000,Debit Card,,Completed,"Quality is okay, affordable price"
TX_0000007656,CUST0931,2025-01-06,BH-399,36,492000,Bank Transfer,47.0,Completed,
TX_0000006522,CUST0788,2024-04-27,YD-337,1,225000,Debit Card,24.0,Completed,
TX_0000007653,CUST0930,2025-09-24,GF-693,17,48000,Cash,40.0,Completed,
TX_0000000867,CUST0108,2024-12-04,KK-905,17,644000,Cash,27.0,Pending,
TX_0000003947,CUST0473,2025-02-10,XD-581,26,196000,E-wallet,32.0,Completed,"Slow shipping, ordinary item"
TX_0000000329,CUST0043,2025-02-01,JU-984,20,314000,E-wallet,42.0,Cancelled,
TX_0000005670,CUST0689,2025-05-04,XL-639,37,131000,Debit Card,27.0,Completed,"Quality item, packaging OK"
TX_0000005247,CUST0634,2025-03-12,ON-864,23,246000,E-wallet,46.0,Completed,
TX_0000003590,CUST0431,2024-12-23,HA-529,28,262000,Bank Transfer,35.0,Completed,Recommended seller
TX_0000003575,CUST0430,2024-11-29,SG-840,24,272000,E-wallet,34.0,Cancelled,
TX_0000003969,CUST0475,2025-02-16,LO-425,26,304000,Credit Card,41.0,Cancelled,
TX_0000008160,CUST0996,2025-03-03,RI-845,32,445000,Bank Transfer,36.0,Completed,"Product matches photo, good quality"
TX_0000002886,CUST0354,2025-01-25,KP-753,25,182000,Bank Transfer,11.0,Completed,Poor quality for this price
TX_0000003858,CUST0461,2024-10-11,BR-027,27,1565000,Cash,,Completed,
TX_0000003591,CUST0431,2024-11-30,VA-699,34,206000,Bank Transfer,35.0,Completed,
TX_0000001745,CUST0215,2025-03-03,ZJ-869,25,437000,E-wallet,38.0,Refunded,"Seller communicative, item is good"
TX_0000005415,CUST0658,2025-04-20,ZD-751,2,65000,Credit Card,41.0,Completed,Quality below expectations
TX_0000004914,CUST0593,2025-08-01,ER-718,35,256000,Credit Card,35.0,Completed,
TX_0000002700,CUST0327,2024-10-01,LV-470,24,469000,Debit Card,8.0,Completed,"Product meets expectations, great"
TX_0000005166,CUST0624,2024-09-07,CI-849,15,198000,Bank Transfer,29.0,Completed,
TX_0000003780,CUST0453,2025-01-13,KU-663,25,226000,Cash,13.0,Completed,Item arrived faster than expected
TX_0000001916,CUST0234,2024-11-21,EW-967,40,229000,Credit Card,19.0,Completed,Recommended seller
TX_0000002620,CUST0319,2025-01-09,VX-995,26,235000,Debit Card,50.0,Completed,Item arrived in perfect condition
TX_0000007364,CUST0892,2025-03-06,HW-685,25,266000,Bank Transfer,36.0,Completed,
TX_0000001386,CUST0173,2024-12-03,SP-610,37,32000,Cash,50.0,Completed,
TX_0000003146,CUST0383,2024-12-08,UF-177,13,121000,Debit Card,42.0,Completed,"Seller communicative, item is good"
TX_0000004422,CUST0535,2024-08-11,TD-210,25,364000,Bank Transfer,14.0,Completed,
TX_0000005003,CUST0605,2024-11-18,HU-997,30,156000,Debit Card,49.0,Refunded,
TX_0000006342,CUST0768,2025-08-27,KO-131,27,193000,E-wallet,38.0,Completed,
TX_0000000182,CUST0022,2025-08-31,CZ-948,14,110000,Credit Card,21.0,Completed,
TX_0000005458,CUST0662,2024-11-17,OU-073,30,315000,Bank Transfer,22.0,Completed,"Product matches photo, good quality"
TX_0000006765,CUST0821,2024-09-30,RW-701,22,361000,Credit Card,9.0,Completed,
TX_0000007631,CUST0928,2025-09-02,UD-515,18,232000,E-wallet,8.0,Completed,
TX_0000004732,CUST0568,2024-10-26,KN-937,15,128000,Debit Card,22.0,Completed,"Item arrived quickly, good condition"
TX_0000004295,CUST0518,2024-10-25,MK-884,16,236000,Cash,27.0,Completed,"Quality is okay, affordable price"
TX_0000006707,CUST0812,2025-06-29,FY-062,15,333000,Bank Transfer,24.0,Completed,
TX_0000002454,CUST0300,2024-10-16,XQ-754,35,169000,Bank Transfer,15.0,Completed,
TX_0000002447,CUST0299,2024-10-09,SR-502,31,400000,Bank Transfer,43.0,Completed,Slightly defective but still usable
TX_0000004553,CUST0550,2024-12-14,ON-264,7,477000,Bank Transfer,41.0,Cancelled,"Premium quality, very satisfied"
TX_0000001324,CUST0165,2025-09-20,HK-252,16,110000,Cash,15.0,Completed,"High quality product, recommended"
TX_0000005624,CUST0683,2025-08-24,CG-963,30,394000,Cash,0.0,Completed,
TX_0000003990,CUST0477,2025-09-11,MC-820,34,312000,Debit Card,8.0,Completed,"Defective item, please replace"
TX_0000003559,CUST0429,2024-12-17,XM-859,29,114000,Bank Transfer,28.0,Completed,
TX_0000002674,CUST0325,2025-06-11,DT-632,18,241000,E-wallet,50.0,Completed,
TX_0000000042,CUST0006,2025-07-26,RS-963,17,275000,Bank Transfer,4.0,Completed,"Cheap price, decent quality"
TX_0000004858,CUST0585,2024-11-20,HJ-151,16,74000,Credit Card,26.0,Refunded,
TX_0000003913,CUST0467,2024-09-21,QI-538,18,387000,E-wallet,47.0,Completed,
TX_0000004234,CUST0512,2025-09-18,NW-865,34,399000,E-wallet,32.0,Completed,
TX_0000005684,CUST0690,2025-01-10,XT-883,24,417000,Credit Card,36.0,Completed,"Quality product, satisfying service"
TX_0000000218,CUST0029,2024-10-03,BE-947,38,194000,E-wallet,33.0,Completed,A bit expensive but worth the quality
TX_0000000186,CUST0022,2025-08-24,PR-112,16,174000,Bank Transfer,13.0,Pending,
TX_0000006563,CUST0794,2025-03-25,RS-841,15,131000,Credit Card,50.0,Cancelled,"Quality is okay, affordable price"
TX_0000007981,CUST0969,2025-09-24,AK-663,15,151000,E-wallet,48.0,Completed,
TX_0000001035,CUST0127,2025-07-10,VV-373,33,132000,Bank Transfer,43.0,Pending,
TX_0000001730,CUST0213,2024-12-05,ZM-777,39,192000,E-wallet,26.0,Completed,
TX_0000005278,CUST0638,2025-07-01,OQ-379,30,186000,Credit Card,46.0,Completed,
TX_0000005328,CUST0648,2025-09-03,OR-498,32,413000,Bank Transfer,,Completed,
TX_0000000684,CUST0086,2025-09-02,HZ-019,37,274000,Debit Card,14.0,Completed,
TX_0000004853,CUST0584,2024-10-02,ZH-350,35,398000,Cash,47.0,Completed,
TX_0000002940,CUST0360,2025-07-11,BH-476,30,146000,E-wallet,4.0,Completed,
TX_0000000088,CUST0012,2024-10-23,ZK-812,18,408000,Bank Transfer,22.0,Pending,"Product meets expectations, great"
TX_0000007014,CUST0853,2025-01-05,EO-769,24,443000,Credit Card,16.0,Completed,
TX_0000006968,CUST0846,2024-11-12,OT-420,22,390000,Credit Card,47.0,Completed,
TX_0000005931,CUST0716,2025-05-14,TL-505,19,1709000,Debit Card,5.0,Completed,
TX_0000001618,CUST0202,2025-01-07,JF-152,11,354000,Credit Card,13.0,Completed,"Quality item, packaging OK"
TX_0000003211,CUST0390,2025-01-28,QF-707,8,393000,Cash,42.0,Completed,"Good item, express shipping"
TX_0000001738,CUST0214,2025-01-18,PW-796,34,141000,Bank Transfer,13.0,Completed,
TX_0000001576,CUST0196,2025-09-14,JY-563,3,156000,Credit Card,22.0,Completed,
TX_0000006128,CUST0741,2024-12-12,SB-571,16,273000,Credit Card,48.0,Completed,"Quality product, satisfying service"
TX_0000003026,CUST0370,2025-08-19,GL-762,3,457000,Debit Card,49.0,Completed,
TX_0000000258,CUST0032,2025-02-21,NN-124,10,309000,Credit Card,29.0,Completed,Expensive price but worth it
TX_0000006207,CUST0750,2024-12-04,FY-193,36,280000,E-wallet,15.0,Completed,Won't buy here again
TX_0000005042,CUST0860,2025-08-17,RM-613,39,344000,E-wallet,6.0,Pending,
TX_0000004113,CUST0498,2025-09-05,JA-490,34,433000,Bank Transfer,48.0,Cancelled,
TX_0000007947,CUST0966,2024-03-09,DN-765,9,360000,Debit Card,12.0,Completed,Item arrived in perfect condition
TX_0000007060,CUST0858,2024-10-04,YC-977,23,416000,Debit Card,42.0,Completed,
TX_0000005815,CUST0702,2025-05-30,HJ-492,31,467000,E-wallet,4.0,Completed,
TX_0000004594,CUST0553,2025-01-21,TQ-782,21,166000,Credit Card,15.0,Completed,A bit disappointing for this price
TX_0000005488,CUST0665,2025-08-24,FP-299,21,58000,E-wallet,9.0,Completed,
TX_0000007833,CUST0952,2025-03-13,CW-086,17,307000,Credit Card,45.0,Completed,
TX_0000006791,CUST0823,2024-10-08,YU-129,25,27000,Bank Transfer,23.0,Completed,"Responsive seller, good problem solving"
TX_0000000738,CUST0093,2024-12-13,RH-580,38,390000,Credit Card,8.0,Completed,
TX_0000006431,CUST0778,2025-01-03,YX-493,28,361000,Cash,42.0,Cancelled,"Good product, meets expectations"
TX_0000000966,CUST0120,2025-09-04,NQ-208,34,1050000,Credit Card,43.0,Cancelled,
TX_0000000544,CUST0071,2025-02-05,BB-304,32,364000,Bank Transfer,10.0,Completed,
TX_0000004849,CUST0584,2024-12-16,IQ-393,15,185000,Debit Card,29.0,Completed,
TX_0000002933,CUST0360,2025-08-03,OW-585,19,288000,E-wallet,45.0,Cancelled,
TX_0000006844,CUST0830,2025-07-26,IJ-637,31,468000,Credit Card,15.0,Completed,"Defective item, please replace"
TX_0000002477,CUST0304,2024-10-21,DA-734,14,3000,E-wallet,31.0,Completed,
TX_0000002222,CUST0270,2025-09-10,GR-550,27,288000,Debit Card,16.0,Completed,
TX_0000001740,CUST0214,2024-12-21,XM-611,17,221000,Debit Card,42.0,Cancelled,"Great product, will order again"
TX_0000006996,CUST0852,2025-02-10,YQ-698,39,163000,Credit Card,18.0,Refunded,"Honest seller, item as described"
TX_0000007229,CUST0876,2025-05-25,FW-518,27,252000,Bank Transfer,11.0,Completed,5 stars for this product
TX_0000000933,CUST0118,2025-09-24,JA-868,21,238000,Bank Transfer,13.0,Completed,Product doesn't match picture
TX_0000006680,CUST0808,2025-09-02,FJ-613,30,442000,Credit Card,41.0,Completed,A bit expensive but worth the quality
TX_0000004329,CUST0522,2024-10-20,YH-873,20,201000,E-wallet,,Completed,
TX_0000000382,CUST0051,2024-11-25,WY-821,5,205000,E-wallet,48.0,Completed,
TX_0000000057,CUST0007,2025-02-04,LF-850,9,348000,Debit Card,50.0,Completed,
TX_0000000070,CUST0010,2025-07-26,MG-367,32,277000,Cash,40.0,Completed,
TX_0000001243,CUST0155,2024-12-13,QV-063,8,55000,Debit Card,41.0,Completed,
TX_0000000712,CUST0089,2024-06-23,VB-313,22,228000,Credit Card,19.0,Completed,
TX_0000007611,CUST0924,2025-06-22,TK-585,33,349000,Bank Transfer,20.0,Completed,"Quality matches the price, decent enough"
TX_0000001657,CUST0207,2025-09-22,GP-028,10,372000,Debit Card,,Completed,"Thick bubble wrap packaging, safe"
TX_0000003788,CUST0453,2024-11-30,WW-672,22,467000,Cash,18.0,Completed,"Item matches picture, very satisfied"
TX_0000001624,CUST0203,2025-03-25,EW-821,35,435000,Bank Transfer,18.0,Completed,"Thank you, very recommended"
TX_0000003481,CUST0421,2025-03-01,US-937,35,126000,Credit Card,21.0,Completed,
TX_0000006438,CUST0778,2024-11-02,QY-364,29,253000,Cash,9.0,Completed,Product doesn't match picture
TX_0000001935,CUST0235,2025-02-24,OR-609,22,399000,E-wallet,,Completed,
TX_0000001906,CUST0232,2024-10-26,UT-364,37,133000,E-wallet,49.0,Cancelled,
TX_0000004044,CUST0487,2024-10-15,PM-290,23,322000,E-wallet,18.0,Completed,
TX_0000000446,CUST0059,2025-07-27,TE-042,28,430000,Debit Card,34.0,Completed,
TX_0000003822,CUST0457,2024-12-30,PA-038,39,422000,E-wallet,0.0,Completed,
TX_0000001887,CUST0230,2025-07-26,CU-301,31,330000,E-wallet,21.0,Completed,Responsive and helpful seller
TX_0000005547,CUST0673,2025-03-04,BN-378,17,198000,Cash,29.0,Completed,
TX_0000006719,CUST0813,2025-02-10,UJ-592,40,225000,Cash,21.0,Completed,
TX_0000004864,CUST0585,2025-05-12,WC-424,18,493000,E-wallet,9.0,Cancelled,
TX_0000002628,CUST0320,2025-02-01,DP-084,22,377000,Debit Card,30.0,Completed,
TX_0000001953,CUST0238,2024-11-01,MK-591,40,500000,Credit Card,31.0,Completed,
TX_0000001672,CUST0208,2025-07-07,BA-947,26,346000,Bank Transfer,11.0,Completed,
TX_0000001666,CUST0207,2025-09-19,NG-640,12,414000,Debit Card,11.0,Completed,"Premium quality, very satisfied"
TX_0000001023,CUST0126,2024-12-27,BP-250,28,1439000,Credit Card,13.0,Completed,"Premium quality, very satisfied"
TX_0000003505,CUST0423,2025-05-02,SR-783,38,173000,Cash,33.0,Completed,A bit expensive but worth the quality
TX_0000002810,CUST0342,2025-07-22,IL-368,24,370000,Debit Card,43.0,Completed,Doesn't match my expectations
TX_0000000020,CUST0004,2025-02-27,TK-836,38,128000,E-wallet,48.0,Completed,
TX_0000002878,CUST0353,2025-09-20,KY-767,36,442000,Credit Card,13.0,Completed,Doesn't match my expectations
TX_0000005273,CUST0637,2025-06-06,WA-289,30,261000,Bank Transfer,29.0,Cancelled,
TX_0000007544,CUST0913,2025-04-16,BV-487,6,147000,E-wallet,24.0,Completed,"Packaging not neat, but item is okay"
TX_0000006561,CUST0794,2024-07-27,KF-570,9,226000,Bank Transfer,35.0,Refunded,"Quality is okay, affordable price"
TX_0000000971,CUST0121,2024-11-13,PY-368,21,220000,Credit Card,,Completed,Original and quality item
TX_0000005157,CUST0623,2025-02-06,WT-176,29,194000,Bank Transfer,48.0,Completed,"Thick bubble wrap packaging, safe"
TX_0000002479,CUST0304,2024-08-02,VQ-589,19,203000,E-wallet,16.0,Refunded,
TX_0000000752,CUST0094,2025-01-07,MZ-615,13,346000,E-wallet,44.0,Completed,
TX_0000002967,CUST0363,2024-12-02,VX-419,15,411000,Credit Card,38.0,Completed,
TX_0000001670,CUST0208,2025-08-09,EX-397,25,461000,Debit Card,43.0,Completed,"Quality product, satisfying service"
TX_0000002647,CUST0322,2025-02-09,GW-810,15,212000,Cash,5.0,Completed,
TX_0000000477,CUST0063,2025-07-25,NS-504,15,1983000,Credit Card,27.0,Completed,
TX_0000004297,CUST0519,2024-04-04,AL-796,9,110000,Credit Card,32.0,Completed,
TX_0000003177,CUST0386,2025-06-02,TI-099,27,460000,Credit Card,36.0,Completed,Shipping a bit slow but good item
TX_0000007138,CUST0867,2025-04-22,FY-141,39,179000,Debit Card,,Cancelled,"Thank you, very recommended"
TX_0000003967,CUST0475,2025-08-15,AC-734,22,289000,Bank Transfer,49.0,Completed,
TX_0000000469,CUST0062,2025-02-02,HN-003,29,262000,Debit Card,26.0,Completed,Disappointed with item quality
TX_0000005935,CUST0717,2025-03-06,AR-482,23,332000,Cash,40.0,Completed,
TX_0000007733,CUST0940,2025-01-11,PH-986,26,184000,Debit Card,30.0,Completed,
TX_0000000309,CUST0041,2025-06-04,BO-136,20,437000,Bank Transfer,17.0,Completed,
TX_0000007616,CUST0925,2024-10-15,AP-104,33,282000,E-wallet,37.0,Completed,
TX_0000004882,CUST0588,2024-05-04,QR-459,1,92000,Credit Card,45.0,Completed,Item arrived faster than expected
TX_0000005270,CUST0636,2025-01-27,NF-228,35,393000,Bank Transfer,19.0,Completed,
TX_0000006278,CUST0761,2024-12-13,LX-884,20,359000,Debit Card,12.0,Completed,"Item as ordered, safe packaging"
TX_0000005096,CUST0616,2024-10-03,AR-796,21,74000,Debit Card,29.0,Completed,
TX_0000004374,CUST0527,2024-02-28,KS-333,4,280000,Credit Card,35.0,Completed,
TX_0000002822,CUST0344,2025-02-17,LK-218,7,209000,Credit Card,1.0,Completed,
TX_0000007192,CUST0873,2025-08-26,UP-664,17,427000,E-wallet,47.0,Completed,"Responsive seller, good problem solving"
TX_0000007251,CUST0880,2025-01-04,GB-346,34,319000,Bank Transfer,15.0,Completed,"Quality item, packaging OK"
TX_0000008044,CUST0979,2024-10-22,LB-583,21,110000,Bank Transfer,33.0,Completed,"Original item, fast shipping"
TX_0000005923,CUST0716,2025-09-21,EI-587,24,240000,Credit Card,29.0,Completed,
TX_0000003002,CUST0368,2024-08-31,AN-473,27,340000,E-wallet,49.0,Completed,"High quality product, recommended"
TX_0000006217,CUST0753,2025-06-15,OV-765,23,372000,Debit Card,14.0,Cancelled,Expensive price but worth it
TX_0000004716,CUST0567,2025-03-22,RQ-740,31,175000,E-wallet,44.0,Completed,Doesn't meet expectations
TX_0000002115,CUST0258,2025-07-14,LG-324,32,192000,E-wallet,7.0,Completed,"Amazing product, highly recommended"
TX_0000000081,CUST0011,2024-10-09,SV-688,39,287000,Bank Transfer,2.0,Completed,"Item damaged upon arrival, disappointed"
TX_0000006986,CUST0850,2025-03-03,PP-078,14,375000,Bank Transfer,23.0,Completed,
TX_0000000642,CUST0080,2025-07-16,FD-114,20,270000,Cash,19.0,Completed,
TX_0000006837,CUST0830,2025-07-22,VH-555,3,112000,Credit Card,20.0,Completed,"Amazing product, exceeds expectations"
TX_0000001481,CUST0187,2025-09-13,WX-060,4,155000,Cash,42.0,Completed,
TX_0000007905,CUST0961,2025-08-29,DE-954,29,431000,Debit Card,46.0,Refunded,
TX_0000001056,CUST0129,2025-04-30,NC-608,15,411000,E-wallet,8.0,Completed,
TX_0000005154,CUST0623,2024-11-27,NZ-272,37,176000,Debit Card,20.0,Completed,Item arrived in perfect condition
TX_0000002590,CUST0316,2024-08-05,YL-738,10,102000,Bank Transfer,50.0,Cancelled,
TX_0000006308,CUST0765,2025-06-03,LR-319,17,121000,Credit Card,22.0,Completed,"Thick bubble wrap packaging, safe"
TX_0000007273,CUST0882,2025-03-14,TY-462,32,304000,Bank Transfer,28.0,Cancelled,"Cheap price, decent quality"
TX_0000006770,CUST0822,2024-12-07,BK-134,22,146000,Cash,34.0,Completed,"Item arrived quickly, good condition"
TX_0000005200,CUST0628,2025-01-12,YT-813,25,247000,Bank Transfer,36.0,Completed,"Cheap price, decent quality"
TX_0000004891,CUST0589,2025-08-29,HI-314,30,382000,Cash,2.0,Completed,
TX_0000007494,CUST0908,2024-10-22,HC-152,36,500000,Debit Card,44.0,Refunded,
TX_0000003716,CUST0445,2024-09-29,TL-400,35,406000,E-wallet,24.0,Completed,
TX_0000001057,CUST0129,2025-02-22,NS-635,30,189000,Credit Card,31.0,Completed,
TX_0000007400,CUST0897,2025-01-02,NI-473,1,227000,E-wallet,43.0,Completed,
TX_0000002284,CUST0279,2024-11-20,QE-395,16,487000,E-wallet,26.0,Completed,"Friendly seller, item as ordered"
TX_0000002200,CUST0269,2025-07-18,VG-100,18,394000,Debit Card,48.0,Completed,
TX_0000004610,CUST0554,2025-02-27,EO-597,32,113000,Bank Transfer,38.0,Completed,
TX_0000002234,CUST0273,2025-08-14,NY-384,20,233000,Bank Transfer,43.0,Completed,
TX_0000001512,CUST0190,2025-08-10,KN-054,36,341000,E-wallet,46.0,Completed,
TX_0000000119,CUST0015,2025-07-02,YT-018,21,189000,Credit Card,42.0,Refunded,
TX_0000005045,CUST0609,2025-01-30,LD-162,9,356000,E-wallet,40.0,Completed,Doesn't meet expectations
TX_0000003054,CUST0372,2024-12-14,LU-455,12,461000,Bank Transfer,44.0,Cancelled,"Amazing product, exceeds expectations"
TX_0000001164,CUST0143,2025-02-05,NA-665,32,295000,Cash,49.0,Completed,
TX_0000006497,CUST0784,2025-02-19,KF-345,4,89000,E-wallet,5.0,Completed,Quality below expectations
TX_0000003769,CUST0452,2025-04-11,IV-392,14,361000,Cash,16.0,Completed,5 stars for this product
TX_0000004372,CUST0527,2024-10-04,VY-218,6,200000,Cash,13.0,Completed,
TX_0000002671,CUST0325,2025-08-01,BO-015,16,219000,Bank Transfer,34.0,Completed,
TX_0000007895,CUST0960,2025-07-24,AG-891,32,105000,Credit Card,35.0,Completed,
TX_0000005060,CUST0610,2025-01-13,QF-776,29,227000,Debit Card,18.0,Completed,Bit disappointing from the photo
TX_0000006139,CUST0742,2024-12-05,YD-932,30,425000,Debit Card,,Completed,"Good item, express shipping"
TX_0000004274,CUST0516,2024-11-05,UH-618,38,446000,Bank Transfer,47.0,Completed,"Good quality, competitive price"
TX_0000001282,CUST0158,2025-07-18,OA-148,34,795000,E-wallet,26.0,Cancelled,
TX_0000001865,CUST0228,2025-03-19,GW-159,36,464000,Cash,38.0,Completed,
TX_0000003298,CUST0399,2025-05-25,AR-077,39,170000,E-wallet,27.0,Completed,
TX_0000007936,CUST0964,2023-11-19,GY-300,17,246000,Bank Transfer,17.0,Completed,Recommended seller
TX_0000005126,CUST0619,2025-03-17,BS-919,24,288000,Bank Transfer,29.0,Completed,Slightly disappointed with the finishing
TX_0000007086,CUST0859,2024-11-29,HV-060,8,268000,Bank Transfer,5.0,Completed,
TX_0000001884,CUST0230,2025-08-19,CF-411,25,199000,Debit Card,16.0,Completed,"Quality item, packaging OK"
TX_0000001043,CUST0128,2024-10-02,GX-068,24,418000,Cash,,Completed,Bit overpriced but quality is okay
TX_0000002541,CUST0312,2025-03-28,BL-718,12,319000,E-wallet,38.0,Completed,
TX_0000003025,CUST0370,2025-02-12,ZI-242,11,131000,Credit Card,8.0,Cancelled,High quality product
TX_0000007124,CUST0864,2024-10-21,GB-821,17,478000,Debit Card,29.0,Completed,
TX_0000001401,CUST0177,2024-08-24,TO-830,39,377000,E-wallet,32.0,Completed,
TX_0000001784,CUST0219,2025-05-25,EM-017,25,207000,Debit Card,28.0,Completed,
TX_0000002693,CUST0327,2025-03-10,WE-922,32,185000,Cash,17.0,Completed,
TX_0000001946,CUST0237,2025-03-22,DT-832,32,251000,Credit Card,36.0,Completed,A bit expensive but worth the quality
TX_0000005453,CUST0661,2025-09-16,FH-151,26,172000,Credit Card,17.0,Cancelled,"Good quality, competitive price"
TX_0000007782,CUST0948,2024-11-25,NE-130,23,462000,Debit Card,3.0,Completed,
TX_0000002277,CUST0279,2025-05-12,HP-215,15,485000,Debit Card,7.0,Completed,
TX_0000005717,CUST0694,2025-07-14,GK-007,13,377000,Cash,12.0,Completed,"Fast shipping, neat packaging"
TX_0000002670,CUST0325,2025-08-04,VD-997,32,299000,Cash,6.0,Cancelled,Bit disappointing from the photo
TX_0000005898,CUST0713,2025-01-17,LL-997,39,489000,E-wallet,44.0,Completed,"Seller communicative, item is good"
TX_0000003626,CUST0434,2024-08-05,TZ-370,37,378000,Credit Card,13.0,Completed,
TX_0000006501,CUST0785,2025-09-23,ZK-902,39,345000,Cash,28.0,Completed,"100% original item, recommended"
TX_0000004056,CUST0488,2025-02-07,JI-875,32,453000,Credit Card,34.0,Cancelled,
TX_0000007662,CUST0931,2024-12-10,CY-986,28,488000,Debit Card,41.0,Completed,
TX_0000005837,CUST0705,2025-01-21,KX-883,40,376000,Debit Card,,Completed,
TX_0000005113,CUST0618,2025-06-14,UH-652,23,362000,Cash,10.0,Completed,
TX_0000000619,CUST0076,2025-01-04,FD-100,21,157000,Debit Card,14.0,Completed,
TX_0000004126,CUST0500,2025-03-23,WG-374,10,428000,Credit Card,23.0,Completed,
TX_0000003376,CUST0408,2025-01-04,ZD-620,8,77000,Debit Card,20.0,Completed,Fast response from seller
TX_0000004032,CUST0485,2025-05-23,WZ-487,1,112000,Debit Card,24.0,Completed,
TX_0000000774,CUST0097,2024-12-05,ZS-482,7,356000,Debit Card,30.0,Completed,"Packaging not neat, but item is okay"
TX_0000006565,CUST0794,2024-10-10,XP-839,4,427000,Bank Transfer,47.0,Completed,"Professional seller, highly recommended"
TX_0000007797,CUST0949,2025-04-24,NK-335,31,500000,Cash,35.0,Completed,"Quality product, attractive packaging"
TX_0000001821,CUST0223,2024-11-02,KX-761,16,170000,E-wallet,,Completed,
TX_0000003881,CUST0464,2024-11-23,LB-460,19,499000,Credit Card,13.0,Completed,"Quality product, attractive packaging"
TX_0000000051,CUST0007,2025-01-19,JR-685,10,371000,Credit Card,40.0,Completed,
TX_0000005640,CUST0685,2025-01-14,DU-180,22,192000,Bank Transfer,29.0,Completed,Poor quality for this price
TX_0000000734,CUST0092,2024-12-31,NZ-518,19,423000,Cash,17.0,Cancelled,"Good product, meets expectations"
TX_0000000246,CUST0032,2025-05-10,FE-013,28,182000,Bank Transfer,4.0,Completed,"Competitive price, decent quality"
TX_0000004181,CUST0507,2024-12-13,LE-610,27,251000,Debit Card,14.0,Completed,"Honest seller, item as described"
TX_0000000180,CUST0021,2025-09-23,KE-951,18,407000,Cash,17.0,Completed,"Packaging not neat, but item is okay"
TX_0000007620,CUST0926,2025-06-14,UY-490,28,307000,E-wallet,19.0,Completed,"Product meets expectations, great"
TX_0000000018,CUST0004,2024-12-05,PP-149,20,333000,E-wallet,24.0,Completed,
TX_0000005851,CUST0706,2025-08-14,TU-715,38,415000,E-wallet,,Completed,Shipping a bit slow but good item
TX_0000006640,CUST0802,2025-02-07,HU-590,12,291000,Debit Card,41.0,Completed,
TX_0000003438,CUST0415,2024-12-02,PK-861,19,405000,Cash,47.0,Completed,
TX_0000001011,CUST0125,2024-11-09,MN-936,28,376000,Bank Transfer,36.0,Completed,
TX_0000007835,CUST0952,2025-02-17,AB-935,20,312000,Debit Card,30.0,Completed,"Safe shipping, nothing damaged"
TX_0000006748,CUST0818,2024-12-08,CY-135,40,439000,Bank Transfer,3.0,Completed,
TX_0000004101,CUST0496,2025-02-16,JZ-829,30,117000,Cash,29.0,Completed,
TX_0000004774,CUST0575,2024-10-03,CM-287,27,129000,Bank Transfer,30.0,Completed,
TX_0000005352,CUST0650,2024-09-19,CX-038,33,165000,E-wallet,46.0,Completed,"Slow shipping, ordinary item"
TX_0000002303,CUST0281,2024-11-10,NX-508,16,197000,Bank Transfer,8.0,Completed,
TX_0000005611,CUST0682,2025-09-12,NU-932,26,289000,Cash,50.0,Completed,
TX_0000006251,CUST0757,2024-12-08,JE-946,13,107000,Debit Card,50.0,Completed,"Quality is okay, affordable price"
TX_0000000512,CUST0067,2025-01-31,JY-878,20,496000,Credit Card,42.0,Cancelled,Bit disappointing from the photo
TX_0000000322,CUST0042,2025-09-10,AX-639,9,456000,Debit Card,5.0,Refunded,
TX_0000007010,CUST0853,2024-11-18,PW-380,28,138000,Cash,9.0,Completed,Price matches quality
TX_0000002228,CUST0270,2025-09-09,IC-213,16,476000,Bank Transfer,46.0,Completed,
TX_0000005076,CUST0613,2023-12-16,OW-170,38,442000,Bank Transfer,14.0,Cancelled,
TX_0000001413,CUST0179,2024-11-21,MW-982,32,455000,Bank Transfer,50.0,Completed,Original and quality item
TX_0000004479,CUST0541,2025-05-16,JH-660,19,229000,Cash,14.0,Completed,Bit overpriced but quality is okay
TX_0000003126,CUST0381,2024-10-15,NG-755,30,356000,Cash,42.0,Completed,"Honest seller, item as described"
TX_0000005500,CUST0667,2025-03-28,EH-871,21,103000,Debit Card,10.0,Cancelled,"Fast shipping, neat packaging"
TX_0000005716,CUST0694,2025-09-18,WV-209,20,213000,Debit Card,10.0,Completed,
TX_0000005567,CUST0676,2024-12-31,GI-925,34,388000,Debit Card,14.0,Completed,
TX_0000008073,CUST0983,2024-10-31,RZ-960,18,285000,Credit Card,12.0,Cancelled,A bit expensive but worth the quality
TX_0000004285,CUST0517,2025-08-06,XV-992,32,273000,Credit Card,30.0,Completed,"Safe packaging, not damaged"
TX_0000003917,CUST0467,2024-12-14,NF-964,16,197000,Bank Transfer,29.0,Completed,Recommended seller
TX_0000002795,CUST0340,2025-07-31,OC-145,24,298000,Debit Card,19.0,Completed,
TX_0000008065,CUST0981,2025-03-25,UJ-099,26,439000,E-wallet,19.0,Completed,"Item matches picture, very satisfied"
TX_0000003354,CUST0406,2025-05-03,EI-609,23,340000,Bank Transfer,41.0,Completed,"Safe packaging, not damaged"
TX_0000006638,CUST0802,2025-09-20,YP-935,33,100000,Debit Card,9.0,Refunded,
TX_0000002639,CUST0321,2025-02-04,TM-814,37,292000,Credit Card,33.0,Completed,
TX_0000003735,CUST0449,2025-04-14,HX-760,25,327000,Cash,44.0,Completed,
TX_0000005831,CUST0703,2025-08-16,YZ-913,19,100000,Credit Card,13.0,Cancelled,A bit expensive but worth the quality
TX_0000007709,CUST0937,2025-03-18,KF-855,25,423000,Bank Transfer,14.0,Completed,Doesn't match my expectations
TX_0000002134,CUST0262,2024-12-08,XY-908,30,325000,Credit Card,31.0,Refunded,
TX_0000007748,CUST0942,2025-08-10,HY-120,26,354000,Debit Card,20.0,Completed,"Item as ordered, safe packaging"
TX_0000002088,CUST0256,2025-01-21,NS-022,25,163000,E-wallet,6.0,Completed,Item arrived safely
TX_0000007736,CUST0941,2024-11-03,XT-414,18,406000,Credit Card,44.0,Completed,A bit overpriced in my opinion
TX_0000005794,CUST0699,2024-11-15,WC-349,18,141000,Bank Transfer,39.0,Cancelled,"Product meets expectations, great"
TX_0000002834,CUST0346,2025-01-21,MM-742,15,294000,Bank Transfer,38.0,Pending,
TX_0000002289,CUST0280,2025-08-05,NE-895,31,455000,Credit Card,41.0,Completed,"Good product, meets expectations"
TX_0000001415,CUST0179,2025-02-25,AV-584,11,160000,E-wallet,12.0,Completed,
TX_0000005130,CUST0620,2025-02-25,EE-988,25,298000,Bank Transfer,24.0,Completed,Fast response from seller
TX_0000001484,CUST0188,2025-09-15,YB-028,2,324000,E-wallet,34.0,Completed,
TX_0000001742,CUST0214,2024-10-25,XL-506,36,456000,Cash,47.0,Completed,
TX_0000004327,CUST0521,2025-01-11,TX-207,13,455000,Cash,47.0,Completed,
TX_0000005917,CUST0715,2024-11-08,YH-600,16,101000,Bank Transfer,20.0,Completed,
TX_0000005548,CUST0673,2024-10-05,GP-139,13,352000,E-wallet,12.0,Completed,"Poor product, requesting refund"
TX_0000005322,CUST0646,2025-01-04,MT-069,21,88000,Bank Transfer,6.0,Completed,
TX_0000008110,CUST0987,2024-06-19,WO-696,25,402000,Debit Card,7.0,Completed,
TX_0000004943,CUST0598,2025-07-12,XU-118,11,320000,Debit Card,35.0,Completed,
TX_0000006473,CUST0783,2025-02-27,MW-124,28,384000,Credit Card,11.0,Completed,
TX_0000002003,CUST0245,2025-08-06,DU-905,36,278000,Bank Transfer,12.0,Completed,
TX_0000006576,CUST0795,2024-11-25,FC-894,26,430000,Cash,11.0,Completed,Item arrived safely
TX_0000007482,CUST0907,2024-11-08,CP-597,31,352000,Credit Card,9.0,Completed,Product matches description
TX_0000001721,CUST0213,2024-10-21,YF-519,27,113000,Bank Transfer,17.0,Completed,
TX_0000001329,CUST0165,2025-09-22,PI-573,29,391000,E-wallet,23.0,Completed,
TX_0000005949,CUST0719,2025-01-03,AR-039,14,189000,Credit Card,28.0,Completed,
TX_0000000436,CUST0058,2024-11-17,MP-682,39,473000,Debit Card,30.0,Refunded,Price worth it for the quality
TX_0000007079,CUST0741,2025-01-15,ZP-043,24,162000,Cash,50.0,Completed,"Standard quality, reasonable price"
TX_0000001374,CUST0171,2024-12-09,GQ-205,19,15000,Cash,,Completed,"Item arrived quickly, good condition"
TX_0000007394,CUST0897,2025-03-25,GM-008,9,333000,Credit Card,13.0,Completed,Slightly disappointed with the finishing
TX_0000005639,CUST0685,2024-11-16,SN-045,24,353000,Bank Transfer,,Completed,"Good quality, competitive price"
TX_0000008029,CUST0977,2024-12-27,PR-920,8,152000,Cash,48.0,Completed,
TX_0000001045,CUST0128,2025-01-04,YQ-705,13,253000,Cash,21.0,Completed,
TX_0000004609,CUST0554,2025-01-07,LD-034,2,344000,Debit Card,9.0,Completed,
TX_0000001488,CUST0188,2025-09-14,CI-256,16,25000,E-wallet,42.0,Completed,
TX_0000001177,CUST0145,2024-11-26,MZ-578,5,269000,Bank Transfer,20.0,Completed,Item arrived safely
TX_0000007730,CUST0940,2025-05-29,CU-985,33,248000,Credit Card,4.0,Completed,
TX_0000001430,CUST0181,2024-10-14,DG-225,21,475000,E-wallet,8.0,Completed,Product matches description
TX_0000006846,CUST0830,2025-09-01,YU-402,39,121000,Debit Card,49.0,Completed,
TX_0000002150,CUST0264,2025-01-29,SS-335,36,379000,Debit Card,34.0,Completed,Product doesn't match picture
TX_0000002604,CUST0318,2025-01-24,TQ-721,7,142000,E-wallet,5.0,Cancelled,
TX_0000005901,CUST0713,2025-09-11,PS-676,38,227000,Bank Transfer,24.0,Completed,Product matches description
TX_0000002458,CUST0300,2024-10-22,UR-205,38,291000,Bank Transfer,34.0,Completed,
TX_0000007479,CUST0906,2025-02-20,YT-287,36,411000,Cash,48.0,Completed,
TX_0000005680,CUST0689,2025-03-29,GT-741,16,209000,Credit Card,,Cancelled,
TX_0000007700,CUST0937,2024-10-21,MD-561,21,281000,E-wallet,16.0,Completed,
TX_0000003934,CUST0469,2025-03-15,GU-191,21,358000,Credit Card,7.0,Completed,"Friendly seller, item as ordered"
TX_0000000487,CUST0064,2025-02-15,BX-909,22,940000,E-wallet,47.0,Cancelled,Product matches description
TX_0000001058,CUST0129,2025-08-06,KP-707,34,487000,Cash,8.0,Refunded,"Product matches photo, good quality"
TX_0000000200,CUST0023,2024-07-26,VU-109,19,423000,E-wallet,41.0,Completed,A bit expensive but satisfied with result
TX_0000002771,CUST0336,2025-04-17,TG-598,26,482000,Bank Transfer,18.0,Completed,"Professional seller, highly recommended"
TX_0000005408,CUST0657,2025-08-25,ZM-122,36,452000,E-wallet,9.0,Completed,"Great product, will order again"
TX_0000007388,CUST0896,2025-07-14,NJ-012,29,107000,Debit Card,21.0,Completed,A bit expensive but worth the quality
TX_0000006322,CUST0766,2025-08-28,TQ-117,39,471000,Bank Transfer,33.0,Completed,"Product meets expectations, will buy again"
TX_0000003883,CUST0464,2025-03-13,XR-632,32,442000,Credit Card,20.0,Completed,"Amazing product, exceeds expectations"
TX_0000005613,CUST0682,2024-11-17,GW-931,18,335000,E-wallet,29.0,Completed,"Good item, express shipping"
TX_0000004373,CUST0527,2024-12-07,FQ-796,15,253000,Cash,36.0,Completed,
TX_0000005493,CUST0665,2025-08-31,XO-255,14,210000,Bank Transfer,19.0,Completed,
TX_0000007071,CUST0858,2025-03-22,PH-625,15,202000,Debit Card,3.0,Cancelled,
TX_0000006838,CUST0830,2025-07-20,FR-799,27,406000,Cash,,Completed,
TX_0000007384,CUST0896,2025-08-09,ED-376,30,310000,Bank Transfer,,Completed,
TX_0000002578,CUST0315,2024-11-30,FP-044,40,467000,Bank Transfer,16.0,Completed,"Original item, fast shipping"
TX_0000002488,CUST0305,2025-06-20,OG-302,27,345000,Bank Transfer,30.0,Completed,
TX_0000005213,CUST0629,2025-03-12,YW-720,18,21000,Bank Transfer,21.0,Completed,"Seller communicative, item is good"
TX_0000005103,CUST0617,2025-04-12,ZT-225,17,415000,Credit Card,17.0,Completed,"Premium quality, very satisfied"
TX_0000000666,CUST0084,2025-01-06,NH-669,20,139000,Credit Card,20.0,Completed,"Item as ordered, safe packaging"
TX_0000002645,CUST0322,2025-01-12,ME-867,5,308000,Debit Card,40.0,Cancelled,
TX_0000000643,CUST0080,2025-06-09,RY-915,4,243000,Debit Card,6.0,Refunded,
TX_0000002373,CUST0291,2025-06-14,UJ-896,31,330000,E-wallet,23.0,Completed,
TX_0000000177,CUST0021,2025-09-24,HD-700,25,489000,Credit Card,9.0,Completed,
TX_0000003144,CUST0383,2025-02-17,US-338,33,369000,Debit Card,40.0,Cancelled,A bit expensive but satisfied with result
TX_0000003313,CUST0401,2024-11-06,BE-374,8,119000,Debit Card,17.0,Completed,
TX_0000000787,CUST0098,2024-10-05,YR-719,20,102000,Bank Transfer,32.0,Completed,
TX_0000003269,CUST0395,2025-03-27,UD-578,15,99000,Bank Transfer,26.0,Completed,"Quality is okay, affordable price"
TX_0000003411,CUST0412,2024-12-29,AY-575,3,333000,Bank Transfer,16.0,Completed,
TX_0000006632,CUST0802,2024-11-17,LL-337,22,222000,Credit Card,47.0,Completed,
TX_0000000092,CUST0012,2024-11-27,MN-497,25,280000,E-wallet,16.0,Completed,"Product meets expectations, great"
TX_0000005386,CUST0655,2025-03-31,TN-085,11,12000,E-wallet,42.0,Completed,
TX_0000006012,CUST0728,2025-03-08,PP-004,33,411000,Bank Transfer,18.0,Completed,
TX_0000002648,CUST0322,2025-01-09,KN-849,1,14000,Credit Card,33.0,Completed,
TX_0000004982,CUST0603,2025-08-30,FX-690,32,110000,E-wallet,28.0,Completed,
TX_0000000531,CUST0069,2025-01-19,VN-542,19,128000,Credit Card,,Cancelled,
TX_0000003342,CUST0405,2025-09-14,CX-758,20,186000,Debit Card,0.0,Completed,
TX_0000000997,CUST0123,2025-04-03,KH-015,15,250000,E-wallet,9.0,Completed,
TX_0000003170,CUST0385,2025-09-03,SK-004,14,345000,E-wallet,30.0,Completed,
TX_0000006585,CUST0796,2025-03-17,CY-897,4,8000,E-wallet,20.0,Completed,Slightly defective but still usable
TX_0000005889,CUST0711,2025-09-05,UH-521,26,221000,Cash,49.0,Completed,
TX_0000000107,CUST0013,2025-08-07,FW-089,31,201000,Bank Transfer,29.0,Completed,
TX_0000001346,CUST0167,2024-09-30,YE-891,22,493000,Cash,37.0,Completed,
TX_0000001019,CUST0126,2025-01-12,CZ-289,20,345000,E-wallet,27.0,Completed,
TX_0000000132,CUST0016,2025-09-23,WF-709,35,279000,Cash,37.0,Completed,"Item as ordered, safe packaging"
TX_0000001480,CUST0187,2025-01-27,XS-716,14,138000,Bank Transfer,30.0,Completed,
TX_0000001288,CUST0160,2025-04-28,AU-501,18,115000,Credit Card,20.0,Completed,
TX_0000005813,CUST0702,2024-10-21,XK-991,36,243000,Credit Card,19.0,Cancelled,
TX_0000007985,CUST0969,2025-09-24,AL-578,33,153000,Cash,20.0,Completed,"Amazing product, highly recommended"
TX_0000007470,CUST0905,2025-05-05,NH-796,37,248000,Bank Transfer,22.0,Cancelled,A bit expensive but satisfied with result
TX_0000001868,CUST0228,2025-03-05,IT-739,15,84000,Credit Card,32.0,Refunded,"Packaging not neat, but item is okay"
TX_0000002535,CUST0312,2025-02-22,XN-329,7,70000,E-wallet,43.0,Completed,
TX_0000007135,CUST0866,2025-04-20,AE-404,10,469000,Cash,2.0,Refunded,"Original item, fast shipping"
TX_0000007617,CUST0926,2024-10-15,QN-555,19,476000,Bank Transfer,3.0,Completed,
TX_0000006793,CUST0823,2024-11-11,PI-108,17,365000,E-wallet,8.0,Completed,
TX_0000003197,CUST0388,2025-08-25,IJ-208,26,300000,Debit Card,12.0,Completed,
TX_0000004175,CUST0506,2025-01-22,MB-145,39,296000,Debit Card,38.0,Completed,A bit expensive but worth the quality
TX_0000000695,CUST0086,2025-09-09,LF-824,38,347000,Cash,25.0,Completed,"Friendly seller, item as ordered"
TX_0000003754,CUST0451,2025-09-05,IS-183,7,275000,Bank Transfer,27.0,Completed,
TX_0000004571,CUST0551,2025-08-04,DQ-261,38,260000,E-wallet,39.0,Completed,
TX_0000000168,CUST0514,2025-01-24,PC-468,26,160000,Cash,32.0,Completed,
TX_0000000368,CUST0049,2025-03-12,DU-046,12,14000,Debit Card,30.0,Completed,Price worth it for the quality
TX_0000002821,CUST0343,2025-06-18,QV-335,14,85000,Cash,17.0,Completed,
TX_0000007106,CUST0861,2025-02-28,SZ-506,27,470000,Bank Transfer,11.0,Completed,
TX_0000000836,CUST0105,2025-08-23,LW-090,23,16000,Credit Card,27.0,Completed,
TX_0000008003,CUST0972,2025-06-02,CR-774,9,138000,Bank Transfer,10.0,Completed,Item arrived in perfect condition
TX_0000001927,CUST0235,2025-01-09,HI-908,32,333000,Debit Card,,Completed,
TX_0000006088,CUST0735,2024-12-22,XX-101,10,434000,E-wallet,26.0,Completed,
TX_0000002974,CUST0364,2025-06-27,CZ-181,15,411000,E-wallet,42.0,Completed,"Product meets expectations, will buy again"
TX_0000004747,CUST0571,2025-02-11,NJ-424,22,379000,E-wallet,19.0,Completed,
TX_0000007695,CUST0935,2025-01-21,OF-217,15,440000,E-wallet,43.0,Completed,
TX_0000005380,CUST0655,2024-10-23,YW-963,18,374000,Bank Transfer,9.0,Completed,Doesn't meet expectations
TX_0000002624,CUST0320,2024-10-14,ES-831,19,82000,E-wallet,1.0,Completed,
TX_0000002288,CUST0279,2025-01-06,DN-591,7,276000,E-wallet,40.0,Cancelled,
TX_0000008130,CUST0990,2024-09-13,MX-005,26,380000,Credit Card,7.0,Completed,Doesn't meet expectations
TX_0000007082,CUST0859,2024-11-11,TD-836,16,448000,Debit Card,44.0,Completed,"Honest seller, item as described"
TX_0000008147,CUST0992,2025-02-06,LR-215,17,356000,E-wallet,50.0,Completed,5 stars for this product
TX_0000003621,CUST0434,2025-01-09,KT-632,34,1599000,Credit Card,3.0,Completed,
TX_0000002374,CUST0291,2025-05-28,QR-533,39,492000,Credit Card,20.0,Completed,"Amazing product, highly recommended"
TX_0000006084,CUST0735,2024-10-18,XK-293,18,223000,Credit Card,15.0,Completed,
TX_0000004255,CUST0515,2025-08-19,VY-888,21,29000,Bank Transfer,45.0,Completed,
TX_0000005311,CUST0644,2025-01-29,CD-843,34,333000,E-wallet,15.0,Pending,Response was slow but item is good
TX_0000004166,CUST0504,2024-06-11,GP-835,38,153000,Cash,35.0,Completed,
TX_0000002516,CUST0309,2025-08-17,YG-434,23,293000,Credit Card,15.0,Completed,
TX_0000007205,CUST0874,2025-07-21,OU-718,39,395000,Credit Card,41.0,Cancelled,
TX_0000001651,CUST0206,2025-07-07,XF-913,34,166000,Cash,36.0,Completed,"Standard quality, reasonable price"
TX_0000005419,CUST0658,2025-04-08,WN-096,15,13000,Debit Card,33.0,Refunded,
TX_0000004330,CUST0522,2025-03-22,HC-066,17,276000,E-wallet,1.0,Completed,
TX_0000007049,CUST0857,2025-01-30,DI-061,26,294000,Cash,17.0,Refunded,
TX_0000004513,CUST0545,2025-02-02,UN-366,27,314000,Bank Transfer,28.0,Completed,Original and quality item
TX_0000006362,CUST0770,2025-01-13,OX-459,16,260000,E-wallet,,Cancelled,
TX_0000004311,CUST0520,2024-06-17,XU-870,17,313000,Bank Transfer,38.0,Refunded,
TX_0000001759,CUST0216,2025-03-22,AD-842,23,164000,Debit Card,35.0,Completed,"Premium quality product, excellent"
TX_0000005449,CUST0661,2025-09-14,JU-706,31,132000,Cash,10.0,Completed,Doesn't match my expectations
TX_0000002465,CUST0301,2025-05-16,DI-897,34,454000,Bank Transfer,10.0,Refunded,Bit overpriced but quality is okay
TX_0000004408,CUST0533,2025-01-07,MK-515,20,1400,E-wallet,13.0,Completed,
TX_0000005966,CUST0722,2025-06-17,RJ-986,34,206000,E-wallet,48.0,Completed,Disappointed with item quality
TX_0000004304,CUST0519,2024-07-18,QI-087,17,89000,E-wallet,31.0,Completed,"Item as ordered, safe packaging"
TX_0000007048,CUST0857,2025-02-19,KI-407,8,412000,Cash,9.0,Completed,"Poor product, requesting refund"
TX_0000000074,CUST0011,2025-08-31,QH-311,15,314000,Credit Card,30.0,Completed,"Honest seller, item as described"
TX_0000008057,CUST0981,2025-02-12,GF-709,26,462000,Debit Card,3.0,Completed,A bit disappointing for this price
TX_0000004158,CUST0503,2025-02-04,ZW-832,37,481000,Bank Transfer,50.0,Completed,
TX_0000001633,CUST0205,2024-07-09,IV-481,36,402000,Debit Card,9.0,Completed,
TX_0000005596,CUST0680,2025-02-11,PV-617,25,453000,Cash,3.0,Completed,
TX_0000001776,CUST0219,2025-02-17,JP-818,20,220000,Cash,12.0,Completed,"Item as ordered, safe packaging"
TX_0000006886,CUST0836,2025-08-23,VZ-544,32,398000,Credit Card,23.0,Completed,
TX_0000002125,CUST0260,2024-10-18,GB-255,36,196000,Cash,25.0,Refunded,
TX_0000001169,CUST0144,2025-02-05,DS-361,33,500000,Debit Card,6.0,Completed,
TX_0000001551,CUST0194,2024-11-18,WG-041,23,102000,E-wallet,44.0,Completed,"Slow shipping, ordinary item"
TX_0000004576,CUST0551,2025-01-02,YU-295,29,144000,Bank Transfer,11.0,Completed,
TX_0000002389,CUST0292,2025-09-03,SH-146,19,171000,Bank Transfer,26.0,Completed,"Honest seller, item as described"
TX_0000001508,CUST0190,2025-09-08,ET-807,23,412000,Bank Transfer,43.0,Completed,"Product meets expectations, great"
TX_0000004396,CUST0531,2025-09-14,RN-489,17,116000,Debit Card,26.0,Completed,Original and quality item
TX_0000002942,CUST0360,2025-09-14,UZ-631,22,233000,Bank Transfer,11.0,Completed,"High quality product, recommended"
TX_0000001719,CUST0212,2024-12-17,ZJ-002,4,410000,Cash,7.0,Completed,
TX_0000000032,CUST0005,2025-09-10,KH-831,25,256000,Debit Card,48.0,Completed,
TX_0000004092,CUST0495,2025-02-02,TT-162,20,203000,E-wallet,4.0,Cancelled,Quality below expectations
TX_0000006463,CUST0782,2024-11-10,TM-437,15,155000,Credit Card,29.0,Completed,Doesn't match my expectations
TX_0000007156,CUST0868,2025-02-08,KM-380,17,269000,Debit Card,31.0,Completed,
TX_0000000169,CUST0514,2024-10-20,GC-209,4,410000,Bank Transfer,33.0,Completed,"Poor product, requesting refund"
TX_0000004829,CUST0582,2025-07-04,PL-033,21,263000,Bank Transfer,22.0,Completed,
TX_0000003661,CUST0437,2025-07-27,MX-609,1,331000,E-wallet,47.0,Completed,
TX_0000004727,CUST0568,2024-12-15,AH-380,40,388000,E-wallet,26.0,Completed,
TX_0000001756,CUST0216,2024-11-22,PZ-200,20,7000,E-wallet,42.0,Completed,
TX_0000000806,CUST0522,2024-12-14,HM-931,30,442000,Credit Card,19.0,Completed,
TX_0000006880,CUST0836,2025-07-21,RR-512,21,252000,Debit Card,22.0,Completed,Shipping a bit slow but good item
TX_0000004723,CUST0568,2024-11-26,BF-922,30,491000,Cash,42.0,Completed,
TX_0000005574,CUST0676,2024-12-03,EK-892,38,100000,Debit Card,6.0,Completed,"Friendly seller, item as ordered"
TX_0000002211,CUST0661,2025-09-06,LB-579,26,170000,Credit Card,32.0,Completed,"Thank you, very recommended"
TX_0000004693,CUST0563,2025-03-09,EX-208,21,106000,Debit Card,38.0,Completed,Premium quality at affordable price
TX_0000003455,CUST0417,2024-10-30,GL-364,21,345000,Bank Transfer,6.0,Completed,
TX_0000007679,CUST0933,2024-10-30,AS-871,4,133000,Cash,38.0,Completed,Bit disappointing from the photo
TX_0000001427,CUST0181,2025-01-15,JJ-677,18,496000,Bank Transfer,,Completed,
TX_0000001808,CUST0221,2025-09-06,QE-418,7,446000,Cash,10.0,Completed,
TX_0000004410,CUST0533,2025-02-19,EC-400,13,108000,Credit Card,16.0,Completed,
TX_0000004751,CUST0571,2024-12-22,FS-113,25,269000,Credit Card,38.0,Completed,
TX_0000000027,CUST0004,2025-02-22,FP-257,18,419000,Credit Card,14.0,Pending,A bit expensive but worth the quality
TX_0000005769,CUST0697,2025-09-03,FR-903,36,322000,Debit Card,9.0,Pending,Slightly disappointed with the finishing
TX_0000002919,CUST0358,2024-12-19,GU-254,38,387000,Bank Transfer,36.0,Completed,
TX_0000003709,CUST0444,2024-10-20,VF-814,4,327000,Cash,15.0,Completed,
TX_0000001181,CUST0146,2025-01-13,JJ-659,15,362000,Cash,40.0,Completed,
TX_0000005317,CUST0644,2024-12-30,BG-795,34,134000,Credit Card,34.0,Completed,
TX_0000005671,CUST0689,2024-10-13,NU-845,31,164000,Debit Card,49.0,Completed,
TX_0000007978,CUST0969,2025-09-19,QX-288,27,260000,Cash,3.0,Completed,
TX_0000006145,CUST0743,2024-12-12,MO-254,17,409000,Bank Transfer,41.0,Completed,
TX_0000007339,CUST0890,2025-01-25,AZ-069,25,477000,Credit Card,19.0,Completed,
TX_0000000501,CUST0065,2025-01-21,EI-013,1,216000,Cash,19.0,Completed,Price worth it for the quality
TX_0000006466,CUST0782,2024-11-03,BY-885,18,302000,Credit Card,45.0,Completed,"Item matches picture, very satisfied"
TX_0000000438,CUST0058,2024-10-15,QO-216,16,630000,Credit Card,6.0,Completed,"Premium quality, very satisfied"
TX_0000002113,CUST0258,2025-08-21,OD-525,14,241000,E-wallet,36.0,Completed,
TX_0000001546,CUST0194,2025-01-07,XR-314,24,124000,Bank Transfer,45.0,Completed,"Slow shipping, ordinary item"
TX_0000005940,CUST0717,2025-01-02,PW-579,36,101000,Credit Card,13.0,Completed,Quality below expectations
TX_0000008062,CUST0981,2025-02-12,KI-381,28,463000,E-wallet,12.0,Completed,
TX_0000007738,CUST0942,2025-08-08,AI-600,30,145000,Debit Card,20.0,Completed,
TX_0000003893,CUST0465,2025-02-26,RZ-160,19,157000,Bank Transfer,22.0,Completed,"Standard quality, reasonable price"
TX_0000001812,CUST0221,2025-09-06,IE-562,36,383000,Cash,42.0,Completed,
TX_0000002642,CUST0322,2025-06-05,LX-862,24,109000,E-wallet,50.0,Cancelled,
TX_0000001972,CUST0241,2024-10-03,PY-341,23,67000,Debit Card,15.0,Completed,"Cheap price, decent quality"
TX_0000005863,CUST0707,2024-06-03,KB-519,9,8000,Cash,43.0,Completed,
TX_0000007935,CUST0964,2024-09-06,DX-378,26,96000,Cash,13.0,Completed,
TX_0000003077,CUST0376,2025-02-27,TJ-363,17,264000,Credit Card,2.0,Completed,"Responsive seller, good problem solving"
TX_0000001966,CUST0240,2024-10-24,OX-659,29,175000,Debit Card,22.0,Completed,"Great product, will order again"
TX_0000006861,CUST0832,2025-05-26,SU-938,29,151000,Bank Transfer,14.0,Completed,Price worth it for the quality
TX_0000005618,CUST0682,2025-01-28,EX-823,30,351000,Cash,19.0,Completed,
TX_0000003752,CUST0450,2025-09-13,PM-761,9,350000,E-wallet,46.0,Completed,"Professional seller, highly recommended"
TX_0000007635,CUST0929,2025-09-14,XF-933,28,240000,Cash,20.0,Completed,
TX_0000002777,CUST0336,2024-12-10,QG-652,29,201000,Bank Transfer,0.0,Completed,"Amazing product, highly recommended"
TX_0000001923,CUST0234,2024-12-10,YO-090,33,480000,Cash,40.0,Completed,"Product matches photo, good quality"
TX_0000001917,CUST0234,2024-11-12,KV-825,30,205000,Cash,34.0,Cancelled,
TX_0000000535,CUST0070,2024-12-24,JR-721,36,105000,Credit Card,21.0,Completed,Shipping delayed but item is good
TX_0000005399,CUST0656,2025-07-14,GW-579,24,212000,Bank Transfer,5.0,Completed,
TX_0000000586,CUST0073,2024-12-03,MH-018,29,330000,Debit Card,29.0,Completed,
TX_0000006450,CUST0780,2025-01-16,XV-261,24,346000,Cash,47.0,Refunded,"Premium quality, very satisfied"
TX_0000004665,CUST0560,2025-05-01,MU-531,28,497000,Credit Card,33.0,Completed,
TX_0000005287,CUST0640,2024-11-19,KP-385,27,376000,Cash,44.0,Completed,
TX_0000005009,CUST0606,2024-11-10,NB-887,16,277000,E-wallet,22.0,Completed,
TX_0000002319,CUST0284,2025-09-14,UW-932,10,241000,Debit Card,1.0,Completed,
TX_0000003464,CUST0417,2025-07-01,RS-506,27,474000,Credit Card,10.0,Completed,A bit disappointing for this price
TX_0000000492,CUST0064,2025-01-25,SV-674,19,181000,Credit Card,11.0,Completed,"Quality product, satisfying service"
TX_0000007022,CUST0854,2025-08-31,UE-674,18,363000,Cash,36.0,Completed,"Amazing product, exceeds expectations"
TX_0000007828,CUST0952,2025-09-09,OC-246,27,242000,E-wallet,44.0,Completed,
TX_0000007021,CUST0854,2025-03-25,HV-295,37,189000,Bank Transfer,14.0,Completed,
TX_0000004561,CUST0550,2025-02-15,IR-998,23,448000,Credit Card,31.0,Completed,
TX_0000002511,CUST0309,2025-08-03,QC-029,23,115000,Bank Transfer,49.0,Completed,
TX_0000003439,CUST0415,2024-11-30,VG-926,32,371000,Credit Card,38.0,Completed,
TX_0000000853,CUST0412,2024-12-13,ZS-181,1,108000,Debit Card,46.0,Completed,"Product meets expectations, great"
TX_0000001979,CUST0241,2025-03-24,AJ-278,25,433000,Cash,11.0,Completed,"Standard quality, reasonable price"
TX_0000005835,CUST0704,2025-03-01,UF-700,3,491000,E-wallet,15.0,Completed,
TX_0000001700,CUST0210,2024-10-15,UA-363,38,297000,Cash,46.0,Completed,Bit disappointing from the photo
TX_0000006988,CUST0850,2024-10-28,TP-815,23,385000,Debit Card,34.0,Completed,
TX_0000005961,CUST0721,2025-03-16,QG-788,23,302000,Cash,20.0,Completed,
TX_0000002630,CUST0320,2024-08-28,IE-800,3,431000,Credit Card,3.0,Completed,Expensive price but worth it
TX_0000002405,CUST0293,2025-08-18,MM-570,32,211000,Debit Card,25.0,Completed,
TX_0000000398,CUST0053,2025-09-13,UK-300,14,281000,Cash,44.0,Completed,
TX_0000002019,CUST0247,2024-10-17,IN-777,36,164000,Cash,12.0,Completed,
TX_0000004281,CUST0517,2024-11-04,LG-218,37,492000,Bank Transfer,17.0,Completed,
TX_0000000402,CUST0053,2025-09-16,VU-884,5,288000,Bank Transfer,0.0,Completed,"Great product, will order again"
TX_0000007201,CUST0873,2025-02-28,LQ-400,29,394000,Cash,8.0,Cancelled,
TX_0000007534,CUST0912,2024-08-31,ZB-627,25,249000,Bank Transfer,16.0,Completed,
TX_0000006205,CUST0750,2024-10-19,KI-534,39,329000,E-wallet,1.0,Completed,
TX_0000007352,CUST0892,2025-01-23,TV-370,14,181000,Credit Card,4.0,Completed,"100% original item, recommended"
TX_0000005824,CUST0703,2025-02-09,IR-578,22,437000,Debit Card,45.0,Completed,
TX_0000006059,CUST0731,2025-04-12,QJ-055,10,161000,Debit Card,32.0,Completed,
TX_0000005954,CUST0720,2025-09-15,DJ-507,36,415000,Cash,50.0,Completed,
TX_0000006085,CUST0735,2025-02-28,AC-035,1,189000,Cash,48.0,Completed,Premium quality at affordable price
TX_0000004779,CUST0575,2025-06-02,HN-293,18,119000,Cash,10.0,Completed,
TX_0000000574,CUST0072,2024-12-13,SR-209,18,14000,Cash,46.0,Cancelled,Standard quality for the price
TX_0000002496,CUST0306,2024-12-24,XU-113,37,381000,Bank Transfer,7.0,Completed,Size doesn't match expectations
TX_0000004709,CUST0566,2024-10-29,XH-043,15,398000,Debit Card,20.0,Completed,"Original item, fast shipping"
TX_0000002729,CUST0331,2024-09-03,YV-930,38,424000,Bank Transfer,5.0,Completed,
TX_0000006852,CUST0832,2024-11-04,EH-572,8,372000,Debit Card,36.0,Completed,
TX_0000000536,CUST0070,2025-03-18,FL-614,10,129000,Credit Card,34.0,Completed,
TX_0000005857,CUST0707,2025-09-06,ZF-082,11,87000,Credit Card,,Completed,Fast response from seller
TX_0000003906,CUST0466,2024-12-06,CZ-141,30,356000,Bank Transfer,15.0,Completed,
TX_0000004202,CUST0509,2025-02-20,IG-358,23,110000,Bank Transfer,32.0,Completed,
TX_0000004904,CUST0590,2024-12-30,HC-243,15,231000,Cash,46.0,Completed,
TX_0000006745,CUST0817,2025-01-13,AX-873,9,466000,Bank Transfer,36.0,Completed,
TX_0000001222,CUST0152,2025-03-03,QR-886,22,130000,Debit Card,26.0,Completed,"Product matches photo, good quality"
TX_0000003545,CUST0428,2024-12-12,EP-845,37,388000,Cash,,Completed,
TX_0000001502,CUST0189,2024-10-29,AG-142,18,112000,Bank Transfer,7.0,Completed,
TX_0000000474,CUST0062,2025-02-12,CK-605,16,363000,Bank Transfer,24.0,Completed,
TX_0000005694,CUST0690,2025-03-14,KY-622,7,337000,Credit Card,,Completed,"Honest seller, item as described"
TX_0000003525,CUST0425,2024-12-30,TW-475,13,95000,E-wallet,40.0,Refunded,"Good item, express shipping"
TX_0000000882,CUST0111,2025-01-18,DU-180,22,152000,Debit Card,49.0,Completed,
TX_0000000052,CUST0007,2025-04-06,KK-701,17,12000,Debit Card,13.0,Cancelled,
TX_0000005938,CUST0717,2025-03-09,KC-156,23,352000,Cash,17.0,Completed,"Good product, meets expectations"
TX_0000001878,CUST0229,2024-10-20,UD-840,8,106000,Bank Transfer,,Completed,
TX_0000003335,CUST0404,2025-01-01,LI-845,37,370000,E-wallet,6.0,Completed,
TX_0000000470,CUST0062,2025-03-07,RE-082,34,499000,Cash,30.0,Completed,
TX_0000007763,CUST0944,2025-03-10,WP-202,31,305000,E-wallet,7.0,Completed,
TX_0000007687,CUST0934,2024-12-02,CZ-316,21,352000,Credit Card,6.0,Completed,
TX_0000000248,CUST0032,2025-03-30,QB-896,26,354000,Cash,31.0,Completed,
TX_0000003072,CUST0376,2024-12-05,PT-020,7,330000,Bank Transfer,8.0,Completed,"Fast shipping, neat packaging"
TX_0000007645,CUST0930,2025-09-21,NM-386,3,2000,Cash,10.0,Completed,Fast response from seller
TX_0000000866,CUST0108,2025-03-17,DE-349,39,154000,Bank Transfer,29.0,Completed,
TX_0000000762,CUST0096,2025-01-12,EP-536,2,82000,Bank Transfer,21.0,Completed,
TX_0000007085,CUST0859,2025-01-06,WM-760,20,116000,Credit Card,38.0,Completed,"Great product, will order again"
TX_0000001559,CUST0195,2025-01-20,TH-811,16,5000,E-wallet,40.0,Completed,
TX_0000005701,CUST0692,2025-03-28,FV-663,25,342000,Debit Card,13.0,Completed,5 stars for this product
TX_0000007846,CUST0954,2024-09-01,BU-343,15,373000,Bank Transfer,,Completed,
TX_0000003456,CUST0417,2025-01-01,AR-373,20,172000,Credit Card,37.0,Completed,"Quality is okay, affordable price"
TX_0000003347,CUST0406,2025-01-05,MF-524,13,27000,Debit Card,47.0,Completed,Satisfying service
TX_0000000426,CUST0057,2024-12-04,WT-538,16,354000,E-wallet,41.0,Completed,
TX_0000003001,CUST0368,2024-12-27,CW-903,28,417000,Credit Card,20.0,Completed,
TX_0000003348,CUST0406,2024-12-31,ZW-130,9,142000,E-wallet,22.0,Completed,"Honest seller, item as described"
TX_0000007134,CUST0866,2025-04-24,RA-780,9,165000,Debit Card,,Completed,
TX_0000000229,CUST0030,2024-12-15,FH-561,31,473000,Debit Card,31.0,Completed,Item arrived in perfect condition
TX_0000007024,CUST0854,2024-10-17,WH-798,18,149000,Cash,35.0,Completed,"Quality product, attractive packaging"
TX_0000004334,CUST0522,2024-12-27,KE-598,24,406000,Cash,39.0,Refunded,
TX_0000000694,CUST0086,2025-08-07,VM-473,19,159000,Cash,49.0,Completed,
TX_0000001042,CUST0128,2024-11-07,TL-969,34,175000,Cash,18.0,Completed,
TX_0000002772,CUST0336,2024-10-07,WZ-952,31,109000,E-wallet,29.0,Completed,
TX_0000004856,CUST0585,2025-03-13,PH-022,15,89000,E-wallet,17.0,Cancelled,
TX_0000001766,CUST0218,2025-03-14,YP-311,22,325000,E-wallet,45.0,Completed,
TX_0000003478,CUST0420,2024-11-22,LF-684,10,415000,Debit Card,7.0,Refunded,Very slow shipping
TX_0000004033,CUST0485,2025-07-02,YF-163,21,75000,Debit Card,28.0,Completed,Product doesn't match picture
TX_0000005630,CUST0684,2024-10-22,WY-650,16,436000,Credit Card,4.0,Completed,
TX_0000006216,CUST0753,2025-07-25,UF-609,20,366000,E-wallet,16.0,Completed,"Seller communicative, item is good"
TX_0000004762,CUST0573,2024-10-11,HW-222,21,11000,Credit Card,14.0,Completed,
TX_0000001129,CUST0139,2025-07-21,OH-264,21,407000,E-wallet,8.0,Cancelled,
TX_0000005634,CUST0685,2025-03-12,OX-329,17,437000,Bank Transfer,42.0,Cancelled,Item arrived in perfect condition
TX_0000006448,CUST0780,2024-12-22,GT-913,9,390000,Credit Card,12.0,Completed,
TX_0000004631,CUST0556,2025-05-27,QU-391,11,109000,Cash,45.0,Completed,Price matches quality
TX_0000000059,CUST0008,2025-07-03,SX-489,26,398000,Credit Card,5.0,Cancelled,
TX_0000001331,CUST0166,2025-01-19,QL-750,9,210000,Credit Card,17.0,Completed,"Cheap price, decent quality"
TX_0000002400,CUST0293,2025-05-26,CX-178,15,166000,Credit Card,49.0,Completed,Satisfying service
TX_0000001303,CUST0163,2024-11-01,VF-418,20,271000,Debit Card,8.0,Completed,
TX_0000005051,CUST0609,2024-10-21,JK-756,24,450000,Credit Card,37.0,Completed,Size doesn't match expectations
TX_0000007016,CUST0854,2025-03-21,EE-232,20,414000,Debit Card,0.0,Completed,
TX_0000000097,CUST0013,2025-07-18,JT-907,18,214000,Cash,5.0,Completed,Quality below expectations
TX_0000008143,CUST0992,2025-02-03,WC-659,40,389000,Cash,5.0,Completed,
TX_0000000961,CUST0120,2025-07-07,MV-280,19,134000,Cash,24.0,Completed,"Quality product, attractive packaging"
TX_0000003612,CUST0433,2025-09-11,QM-519,39,289000,Debit Card,34.0,Completed,
TX_0000005124,CUST0619,2025-02-22,FF-678,19,457000,Bank Transfer,26.0,Completed,
TX_0000000878,CUST0111,2025-01-31,PB-130,18,195000,Cash,7.0,Completed,"Product not original, very disappointed"
TX_0000007289,CUST0884,2024-11-08,NF-059,26,311000,Credit Card,12.0,Refunded,
TX_0000000157,CUST0020,2025-03-07,FR-485,25,21000,Cash,,Completed,
TX_0000004035,CUST0485,2025-08-17,TX-908,13,323000,E-wallet,13.0,Completed,
TX_0000004246,CUST0514,2024-12-31,HB-956,24,303000,Bank Transfer,1.0,Completed,
TX_0000000612,CUST0075,2024-12-24,CD-789,13,223000,Cash,34.0,Completed,"Standard quality, reasonable price"
TX_0000007911,CUST0962,2025-09-01,VT-505,24,22000,Credit Card,50.0,Completed,Doesn't match my expectations
TX_0000007753,CUST0943,2025-01-03,PN-210,21,457000,Debit Card,23.0,Completed,
TX_0000001189,CUST0148,2025-09-23,WT-571,34,461000,E-wallet,47.0,Completed,
TX_0000004344,CUST0523,2025-09-15,QK-873,18,497000,Cash,13.0,Completed,
TX_0000000448,CUST0059,2025-09-15,IT-757,26,490000,Credit Card,0.0,Completed,
TX_0000008134,CUST0991,2025-07-24,ZG-823,21,483000,Debit Card,19.0,Completed,"Fast shipping, neat packaging"
TX_0000002276,CUST0279,2025-02-08,NQ-274,14,55000,Bank Transfer,0.0,Completed,Premium quality at affordable price
TX_0000004343,CUST0523,2025-09-19,PF-492,15,334000,E-wallet,13.0,Completed,
TX_0000000593,CUST0073,2024-11-25,QS-664,27,108000,Credit Card,28.0,Completed,"Quality matches the price, decent enough"
TX_0000001889,CUST0230,2025-08-21,OW-480,38,235000,Cash,33.0,Completed,
TX_0000006286,CUST0762,2025-03-05,CK-915,22,87000,Credit Card,28.0,Completed,Size doesn't match expectations
TX_0000007360,CUST0892,2024-12-01,AU-743,28,155000,Bank Transfer,35.0,Completed,"Quality product, attractive packaging"
TX_0000003091,CUST0378,2025-06-10,PT-991,22,119000,Bank Transfer,29.0,Completed,
TX_0000007862,CUST0957,2024-12-26,AC-984,35,393000,Bank Transfer,48.0,Completed,Good product for this price range
TX_0000006509,CUST0786,2025-01-04,JZ-225,27,338000,E-wallet,3.0,Completed,Slightly disappointed with the finishing
TX_0000000848,CUST0412,2024-12-06,RL-794,5,445000,Credit Card,19.0,Completed,Slightly disappointed with the finishing
TX_0000006115,CUST0738,2024-11-08,MW-293,19,485000,Debit Card,31.0,Completed,
TX_0000008122,CUST0988,2024-11-12,IB-540,27,189000,E-wallet,4.0,Completed,Quality below expectations
TX_0000000625,CUST0076,2024-10-15,PT-779,30,147000,Bank Transfer,33.0,Completed,Expensive price but worth it
TX_0000002179,CUST0267,2025-02-21,WQ-922,33,129000,Cash,30.0,Cancelled,"Cheap price, decent quality"
TX_0000007713,CUST0937,2025-06-12,MX-413,18,104000,Credit Card,21.0,Completed,
TX_0000004775,CUST0575,2024-11-23,RR-839,26,119000,Bank Transfer,41.0,Completed,
TX_0000004642,CUST0557,2024-10-21,LM-776,19,223000,E-wallet,4.0,Completed,
TX_0000003932,CUST0469,2025-02-04,NL-906,18,316000,Cash,25.0,Completed,5 stars for this product
TX_0000000757,CUST0094,2025-02-20,JY-969,8,126000,Cash,25.0,Completed,
TX_0000002816,CUST0343,2025-09-24,JG-510,30,141000,Debit Card,34.0,Completed,
TX_0000007702,CUST0937,2024-10-30,TU-974,24,181000,Debit Card,49.0,Completed,"Safe shipping, nothing damaged"
TX_0000004589,CUST0552,2025-03-08,KS-950,21,441000,Credit Card,36.0,Completed,Size doesn't match expectations
TX_0000007051,CUST0857,2024-10-30,FF-192,39,109000,Credit Card,14.0,Completed,Original and quality item
TX_0000006645,CUST0803,2025-08-30,BA-480,35,182000,E-wallet,19.0,Completed,
TX_0000001558,CUST0195,2024-04-25,PY-865,14,409000,Credit Card,2.0,Completed,Won't buy here again
TX_0000006703,CUST0812,2025-08-28,YH-272,30,260000,Bank Transfer,17.0,Completed,
TX_0000005809,CUST0701,2025-09-23,ZX-571,2,120000,Debit Card,45.0,Refunded,
TX_0000003155,CUST0383,2025-01-01,PU-798,38,136000,Cash,46.0,Completed,Shipping a bit slow but good item
TX_0000005853,CUST0706,2024-10-07,PC-760,35,460000,Cash,44.0,Completed,"Good product, meets expectations"
TX_0000001587,CUST0198,2025-08-28,KE-588,20,133000,Cash,15.0,Completed,Price matches quality
TX_0000002030,CUST0248,2024-12-05,WB-954,17,290000,E-wallet,28.0,Completed,Recommended seller
TX_0000000765,CUST0096,2024-10-01,PS-164,9,176000,E-wallet,26.0,Completed,"Great product, will order again"
TX_0000004797,CUST0578,2025-07-17,DD-809,23,449000,Debit Card,31.0,Cancelled,Recommended seller
TX_0000004509,CUST0544,2024-11-28,RT-749,24,67000,E-wallet,10.0,Completed,
TX_0000007312,CUST0887,2025-09-02,VF-984,31,467000,Credit Card,1.0,Completed,"Safe packaging, not damaged"
TX_0000007059,CUST0857,2024-12-24,GH-249,23,166000,Debit Card,49.0,Completed,Poor quality for this price
TX_0000005413,CUST0658,2025-06-08,CB-691,20,262000,Bank Transfer,,Refunded,
TX_0000001260,CUST0156,2025-02-12,XP-784,21,364000,Debit Card,16.0,Completed,Item arrived safely
TX_0000001516,CUST0190,2025-07-11,NQ-133,25,196000,Bank Transfer,43.0,Completed,
TX_0000004076,CUST0493,2024-10-20,XI-007,15,497000,Cash,11.0,Completed,
TX_0000001025,CUST0126,2025-03-04,DY-905,37,274000,Debit Card,2.0,Completed,
TX_0000004059,CUST0489,2025-05-17,WW-127,29,224000,Cash,13.0,Completed,
TX_0000000753,CUST0094,2025-03-26,GX-219,3,79000,E-wallet,46.0,Completed,
TX_0000001403,CUST0178,2025-06-01,LV-467,35,394000,Debit Card,50.0,Completed,A bit expensive but worth the quality
TX_0000002442,CUST0299,2024-10-28,ES-790,36,252000,Credit Card,16.0,Cancelled,
TX_0000000352,CUST0047,2025-03-25,YJ-974,26,217000,Bank Transfer,1.0,Completed,
TX_0000002928,CUST0359,2025-09-23,CM-780,23,135000,Bank Transfer,11.0,Completed,
TX_0000001431,CUST0181,2025-01-02,JO-718,17,273000,Credit Card,23.0,Completed,
TX_0000001941,CUST0236,2025-08-25,EY-660,32,166000,E-wallet,35.0,Completed,
TX_0000004754,CUST0571,2025-04-27,EL-536,17,112000,Cash,36.0,Completed,
TX_0000005926,CUST0716,2025-05-04,ZP-263,21,284000,Bank Transfer,32.0,Completed,
TX_0000003690,CUST0442,2025-05-26,JZ-975,35,146000,Cash,43.0,Completed,
TX_0000003215,CUST0390,2025-01-17,ZW-454,2,197000,E-wallet,15.0,Completed,
TX_0000000562,CUST0679,2025-09-24,WP-706,7,193000,E-wallet,9.0,Completed,"Poor product, requesting refund"
TX_0000004657,CUST0559,2025-07-14,LV-863,19,1109000,Credit Card,45.0,Completed,"Defective item, please replace"
TX_0000004382,CUST0528,2024-11-15,KY-107,12,482000,Debit Card,,Cancelled,
TX_0000004223,CUST0511,2024-12-01,GG-052,18,375000,Credit Card,35.0,Completed,
TX_0000004528,CUST0546,2025-09-19,DT-335,30,308000,Credit Card,14.0,Completed,
TX_0000008182,CUST0997,2024-08-01,AA-713,32,105000,Cash,7.0,Completed,
TX_0000005462,CUST0662,2025-07-12,TN-821,18,398000,Credit Card,12.0,Completed,"Friendly seller, item as ordered"
TX_0000001048,CUST0128,2025-01-18,RR-120,30,391000,Credit Card,42.0,Refunded,
TX_0000007307,CUST0886,2025-02-26,ZP-091,19,117000,Debit Card,42.0,Completed,"Seller communicative, item is good"
TX_0000007548,CUST0913,2025-02-26,MJ-739,16,34000,Credit Card,30.0,Completed,"Packaging not neat, but item is okay"
TX_0000000415,CUST0055,2024-04-21,UZ-901,18,436000,Cash,39.0,Completed,
TX_0000002489,CUST0305,2025-06-26,ON-923,34,125000,Cash,32.0,Completed,
TX_0000007053,CUST0857,2024-11-07,YL-251,35,385000,Cash,18.0,Completed,
TX_0000005429,CUST0659,2024-11-07,TU-012,31,409000,Bank Transfer,10.0,Completed,"100% original item, recommended"
TX_0000003834,CUST0458,2025-01-10,QM-079,32,161000,Bank Transfer,38.0,Completed,
TX_0000003275,CUST0397,2024-11-05,FR-328,18,116000,Debit Card,14.0,Completed,
TX_0000004960,CUST0601,2025-01-27,BZ-960,27,462000,Credit Card,30.0,Completed,
TX_0000004817,CUST0579,2025-03-21,KP-293,24,400000,Bank Transfer,32.0,Completed,"Poor product, requesting refund"
TX_0000007098,CUST0860,2025-09-05,YT-790,23,323000,Debit Card,7.0,Completed,
TX_0000001836,CUST0225,2024-12-25,UX-928,6,264000,Bank Transfer,31.0,Completed,"Great product, will order again"
TX_0000006486,CUST0784,2024-10-02,WF-099,5,19000,Cash,32.0,Completed,"Item damaged upon arrival, disappointed"
TX_0000003318,CUST0402,2025-02-05,VY-343,34,380000,Debit Card,40.0,Completed,"Product meets expectations, great"
TX_0000007243,CUST0878,2024-10-04,VD-781,38,12000,Cash,40.0,Cancelled,
TX_0000005861,CUST0707,2024-12-23,YD-529,14,15000,Debit Card,8.0,Pending,"Professional seller, highly recommended"
TX_0000003143,CUST0383,2025-04-16,HV-522,22,444000,E-wallet,35.0,Completed,
TX_0000007904,CUST0961,2025-05-31,DQ-694,20,483000,Credit Card,41.0,Completed,A bit disappointing for this price
TX_0000000843,CUST0412,2025-03-07,BA-996,12,340000,Debit Card,,Completed,"Amazing product, exceeds expectations"
TX_0000001147,CUST0141,2025-02-24,QA-311,25,202000,E-wallet,40.0,Refunded,
TX_0000001996,CUST0243,2025-04-02,DR-552,3,127000,Debit Card,,Completed,
TX_0000001872,CUST0229,2024-12-29,JS-164,15,51000,Credit Card,,Completed,"Original item, fast shipping"
TX_0000006674,CUST0808,2025-08-11,SH-946,21,121000,E-wallet,3.0,Completed,
TX_0000001254,CUST0156,2025-03-11,OJ-248,28,145000,E-wallet,45.0,Completed,"Premium quality, very satisfied"
TX_0000003783,CUST0453,2025-02-02,WY-713,40,471000,E-wallet,11.0,Refunded,
TX_0000004604,CUST0553,2024-12-07,YS-375,10,391000,Debit Card,35.0,Completed,
TX_0000004915,CUST0593,2025-03-06,QQ-061,29,382000,Cash,5.0,Completed,
TX_0000003705,CUST0443,2024-12-07,CX-393,5,282000,Bank Transfer,20.0,Completed,
TX_0000005492,CUST0665,2025-08-05,OB-390,13,154000,E-wallet,44.0,Completed,Response was slow but item is good
TX_0000007533,CUST0912,2024-10-18,DX-185,17,286000,Debit Card,3.0,Completed,
TX_0000000379,CUST0051,2024-11-14,LN-817,8,428000,E-wallet,2.0,Completed,"Quality matches the price, decent enough"
TX_0000003516,CUST0424,2025-08-18,AY-585,37,346000,Cash,28.0,Completed,
TX_0000005538,CUST0671,2025-03-16,AG-714,22,300000,Cash,10.0,Completed,
TX_0000001336,CUST0166,2025-04-26,WG-151,24,410000,Debit Card,30.0,Completed,
TX_0000001224,CUST0153,2025-09-23,FU-185,37,462000,Debit Card,23.0,Completed,"Super fast shipping, thanks"
TX_0000002727,CUST0330,2024-10-12,UR-738,29,445000,E-wallet,1.0,Completed,"Good quality, competitive price"
TX_0000004907,CUST0591,2025-06-09,OW-407,35,197000,Debit Card,13.0,Completed,
TX_0000005272,CUST0636,2024-11-01,UB-299,18,195000,Debit Card,20.0,Completed,
TX_0000004686,CUST0562,2025-05-26,KV-949,30,316000,Bank Transfer,23.0,Completed,Satisfying service
TX_0000003204,CUST0388,2025-02-17,QZ-927,29,162000,Bank Transfer,1.0,Completed,
TX_0000007651,CUST0930,2025-08-11,SP-359,14,73000,Debit Card,31.0,Completed,Product doesn't match picture
TX_0000004293,CUST0518,2024-12-18,LC-823,16,178000,Debit Card,0.0,Completed,"Safe packaging, not damaged"
TX_0000004670,CUST0561,2025-03-01,HX-605,18,432000,Bank Transfer,25.0,Completed,
TX_0000005532,CUST0670,2025-09-20,AX-625,24,248000,Bank Transfer,47.0,Cancelled,
TX_0000006146,CUST0743,2025-03-14,BR-583,15,315000,Debit Card,50.0,Completed,"Item matches picture, very satisfied"
TX_0000004481,CUST0541,2025-09-14,MU-133,19,111000,Cash,22.0,Completed,"Good item, express shipping"
TX_0000005077,CUST0614,2025-02-23,DC-252,26,308000,Bank Transfer,34.0,Completed,
TX_0000004160,CUST0503,2025-01-03,AJ-858,23,359000,Debit Card,10.0,Refunded,Shipping delayed but item is good
TX_0000002888,CUST0354,2024-10-11,ZM-423,18,159000,Debit Card,3.0,Completed,
TX_0000003160,CUST0384,2024-11-14,GK-627,17,263000,E-wallet,38.0,Completed,
TX_0000003837,CUST0458,2024-12-31,VD-740,23,124000,Debit Card,49.0,Completed,
TX_0000001510,CUST0190,2025-08-08,LT-200,21,160000,Credit Card,,Completed,
TX_0000004129,CUST0501,2024-10-13,KR-082,21,182000,E-wallet,42.0,Completed,
TX_0000008023,CUST0976,2025-09-24,DM-767,26,385000,Cash,12.0,Completed,
TX_0000008019,CUST0976,2025-09-15,OD-157,33,361000,Credit Card,27.0,Completed,
TX_0000002499,CUST0307,2025-08-28,LL-347,27,117000,E-wallet,43.0,Completed,
TX_0000001455,CUST0184,2024-10-22,ZU-161,20,157000,Debit Card,10.0,Completed,"High quality product, recommended"
TX_0000004819,CUST0580,2025-01-08,AG-518,22,143000,Bank Transfer,48.0,Completed,"Defective item, please replace"
TX_0000001407,CUST0178,2024-12-22,EM-074,30,387000,Debit Card,22.0,Completed,Bit overpriced but quality is okay
TX_0000005687,CUST0690,2025-02-15,BL-024,30,297000,Bank Transfer,33.0,Completed,"Product meets expectations, will buy again"
TX_0000001176,CUST0145,2025-01-06,XQ-958,18,147000,Cash,41.0,Completed,
TX_0000007150,CUST0867,2025-04-26,UE-416,22,448000,Credit Card,1.0,Completed,
TX_0000001567,CUST0196,2025-09-15,KB-986,22,191000,Bank Transfer,17.0,Pending,Very satisfied with this purchase
TX_0000005821,CUST0703,2024-11-22,EI-496,24,206000,Bank Transfer,16.0,Completed,Responsive and helpful seller
TX_0000001841,CUST0225,2025-02-05,PS-345,18,365000,Credit Card,26.0,Completed,
TX_0000003746,CUST0450,2025-08-06,GL-721,18,313000,Bank Transfer,25.0,Completed,"Super fast shipping, thanks"
TX_0000004748,CUST0571,2025-01-28,FI-339,27,422000,Cash,43.0,Completed,
TX_0000007505,CUST0909,2025-05-06,DS-264,14,351000,Cash,33.0,Completed,
TX_0000000548,CUST0071,2025-01-12,YC-650,34,379000,E-wallet,28.0,Completed,
TX_0000007398,CUST0897,2024-10-27,BY-474,18,493000,Credit Card,42.0,Completed,
TX_0000002883,CUST0353,2025-08-26,FU-411,30,180000,Debit Card,26.0,Completed,"Good quality, competitive price"
TX_0000004668,CUST0560,2025-06-17,ZQ-552,16,469000,Debit Card,21.0,Completed,"Item arrived quickly, good condition"
TX_0000007676,CUST0933,2025-04-03,OJ-903,17,344000,Debit Card,41.0,Completed,"Quality is okay, affordable price"
TX_0000000173,CUST0021,2025-09-23,AF-821,18,389000,E-wallet,12.0,Completed,
TX_0000005590,CUST0680,2024-11-03,XS-507,13,294000,Debit Card,25.0,Completed,
TX_0000008178,CUST0997,2025-02-06,KB-346,29,218000,Credit Card,45.0,Completed,Slightly defective but still usable
TX_0000001731,CUST0213,2025-03-23,PY-295,26,220000,Credit Card,43.0,Completed,"Item damaged upon arrival, disappointed"
TX_0000005139,CUST0621,2025-01-20,BM-973,16,409000,E-wallet,8.0,Completed,
TX_0000001733,CUST0213,2025-02-06,SR-436,30,412000,Bank Transfer,30.0,Completed,"Product meets expectations, great"
TX_0000002992,CUST0366,2025-06-03,AO-545,24,278000,E-wallet,,Completed,
TX_0000003103,CUST0379,2025-01-08,YT-989,30,222000,Debit Card,26.0,Completed,
TX_0000008193,CUST0998,2024-12-30,SO-249,22,306000,E-wallet,15.0,Cancelled,Friendly and professional service
TX_0000002587,CUST0316,2025-03-21,KS-039,12,470000,Debit Card,17.0,Cancelled,
TX_0000002961,CUST0362,2025-05-17,WS-313,23,184000,Credit Card,11.0,Completed,Bit overpriced but quality is okay
TX_0000007091,CUST0860,2025-08-23,RU-460,26,228000,Cash,0.0,Completed,"Fast shipping, neat packaging"
TX_0000004370,CUST0527,2024-10-05,NT-800,5,21000,Credit Card,7.0,Cancelled,
TX_0000006806,CUST0825,2024-11-13,KQ-388,20,130000,Debit Card,10.0,Completed,
TX_0000003104,CUST0379,2025-03-15,QM-521,16,248000,Cash,36.0,Completed,
TX_0000001039,CUST0127,2025-08-07,JC-402,18,154000,Bank Transfer,,Completed,
TX_0000000324,CUST0043,2025-03-02,CJ-969,36,121000,Cash,0.0,Completed,
TX_0000006877,CUST0835,2025-05-22,RF-783,16,492000,Cash,47.0,Completed,
TX_0000004197,CUST0508,2024-10-24,TX-403,38,463000,E-wallet,39.0,Refunded,
TX_0000002267,CUST0278,2025-02-07,PE-109,38,130000,E-wallet,14.0,Completed,
TX_0000003962,CUST0474,2025-08-22,DH-393,40,470000,Credit Card,21.0,Completed,
TX_0000004236,CUST0513,2025-03-24,SA-762,36,399000,Debit Card,30.0,Completed,
TX_0000002292,CUST0280,2025-01-21,FL-293,39,949000,E-wallet,48.0,Completed,
TX_0000000894,CUST0112,2025-02-18,XH-854,14,350000,Credit Card,,Completed,
TX_0000001536,CUST0193,2025-09-11,LT-858,7,74000,Debit Card,9.0,Completed,5 stars for this product
TX_0000005161,CUST0624,2024-05-17,MN-338,29,118000,Credit Card,34.0,Completed,
TX_0000000325,CUST0043,2025-02-09,WS-497,38,279000,E-wallet,39.0,Completed,
TX_0000001216,CUST0152,2024-12-10,UQ-620,15,375000,Debit Card,40.0,Completed,High quality product
TX_0000003182,CUST0387,2024-10-26,BV-445,23,3000,Bank Transfer,41.0,Completed,
TX_0000005524,CUST0670,2025-09-23,VI-640,39,492000,E-wallet,8.0,Completed,
TX_0000007461,CUST0904,2025-07-08,PR-273,15,217000,Bank Transfer,25.0,Completed,
TX_0000007464,CUST0905,2024-11-30,SS-641,35,340000,Cash,45.0,Completed,Expensive price but worth it
TX_0000005144,CUST0621,2024-11-13,PR-810,22,177000,Credit Card,25.0,Completed,
TX_0000004270,CUST0516,2025-01-30,SG-944,21,428000,Debit Card,49.0,Completed,
TX_0000001130,CUST0139,2025-03-05,XU-610,30,491000,E-wallet,32.0,Completed,
TX_0000004959,CUST0601,2024-12-26,SJ-476,17,431000,Debit Card,35.0,Completed,"Super fast shipping, thanks"
TX_0000002184,CUST0267,2023-12-21,YB-023,36,479000,Credit Card,29.0,Completed,
TX_0000002923,CUST0359,2025-08-23,CE-813,39,266000,Credit Card,33.0,Completed,"Thick bubble wrap packaging, safe"
TX_0000000665,CUST0084,2025-02-14,AM-411,30,327000,Debit Card,13.0,Refunded,
TX_0000004627,CUST0556,2025-08-01,FJ-365,22,455000,Cash,18.0,Cancelled,
TX_0000003321,CUST0402,2025-01-13,LP-956,38,427000,Debit Card,12.0,Completed,
TX_0000000209,CUST0025,2025-03-03,YG-444,22,244000,Cash,24.0,Completed,Price matches quality
TX_0000005098,CUST0616,2024-11-19,SB-538,27,447000,Debit Card,0.0,Completed,
TX_0000000748,CUST0093,2025-02-07,XW-286,38,450000,E-wallet,23.0,Cancelled,
TX_0000003594,CUST0432,2025-09-13,UV-392,22,268000,Cash,16.0,Completed,
TX_0000004562,CUST0550,2024-10-18,GO-485,14,434000,E-wallet,43.0,Completed,A bit overpriced in my opinion
TX_0000000799,CUST0101,2025-08-27,MV-009,7,155000,E-wallet,6.0,Completed,
TX_0000000089,CUST0012,2025-01-12,QW-369,34,220000,E-wallet,45.0,Completed,
TX_0000000735,CUST0093,2024-11-28,EL-087,36,331000,Credit Card,44.0,Completed,
TX_0000007218,CUST0875,2025-01-10,WB-798,17,240000,Debit Card,2.0,Completed,
TX_0000006226,CUST0753,2025-06-23,GK-991,22,45000,Credit Card,,Completed,Shipping delayed but item is good
TX_0000002819,CUST0343,2025-08-16,CQ-787,25,319000,Credit Card,43.0,Completed,
TX_0000001175,CUST0145,2025-07-24,CW-475,14,392000,Debit Card,23.0,Completed,
TX_0000002037,CUST0250,2025-09-14,AA-669,23,232000,Cash,,Completed,"Quality item, packaging OK"
TX_0000005319,CUST0645,2025-01-26,XJ-669,1,177000,Bank Transfer,46.0,Completed,"Quality product, attractive packaging"
TX_0000001154,CUST0142,2025-03-06,SW-478,24,309000,Cash,49.0,Completed,
TX_0000000199,CUST0023,2024-12-05,AN-986,39,395000,E-wallet,23.0,Completed,
TX_0000002689,CUST0327,2025-03-21,EH-090,22,612000,E-wallet,30.0,Completed,
TX_0000005553,CUST0674,2025-01-10,ZW-773,15,335000,E-wallet,27.0,Completed,
TX_0000001098,CUST0135,2025-08-02,US-248,24,174000,Credit Card,,Completed,Price worth it for the quality
TX_0000000549,CUST0071,2024-11-11,HQ-616,32,430000,Cash,27.0,Completed,"Item damaged upon arrival, disappointed"
TX_0000007704,CUST0937,2025-05-15,GK-986,24,427000,Cash,28.0,Completed,
TX_0000006221,CUST0753,2025-08-24,HO-995,15,152000,Bank Transfer,36.0,Completed,
TX_0000006644,CUST0803,2025-08-23,CD-620,36,500000,Bank Transfer,3.0,Completed,
TX_0000006524,CUST0788,2024-11-26,YJ-109,10,192000,Bank Transfer,5.0,Completed,"Friendly seller, item as ordered"
TX_0000001322,CUST0165,2025-09-23,LM-340,30,388000,Bank Transfer,34.0,Completed,Slightly defective but still usable
TX_0000003410,CUST0412,2025-02-18,BR-204,17,471000,Credit Card,3.0,Cancelled,Expensive price but worth it
TX_0000002064,CUST0253,2024-12-30,KD-243,28,263000,Credit Card,37.0,Completed,Won't buy here again
TX_0000002265,CUST0278,2025-01-02,KA-211,18,122000,Bank Transfer,38.0,Completed,
TX_0000004923,CUST0595,2024-12-11,GW-366,37,495000,E-wallet,37.0,Cancelled,"Poor product, requesting refund"
TX_0000003916,CUST0467,2025-01-09,MB-059,5,271000,Credit Card,35.0,Completed,Size doesn't match expectations
TX_0000005367,CUST0654,2024-10-23,LG-686,17,304000,Cash,,Completed,Bit overpriced but quality is okay
TX_0000003981,CUST0476,2025-09-04,AU-725,25,129000,Bank Transfer,17.0,Completed,Bit overpriced but quality is okay
TX_0000008146,CUST0992,2025-02-13,AN-373,19,285000,Debit Card,49.0,Cancelled,"Premium quality product, excellent"
TX_0000006734,CUST0816,2024-10-03,IF-641,29,325000,E-wallet,40.0,Completed,
TX_0000005301,CUST0643,2025-08-29,AJ-361,38,288000,Cash,,Completed,
TX_0000007483,CUST0907,2025-03-28,OW-168,38,72000,Bank Transfer,43.0,Completed,"Amazing product, highly recommended"
TX_0000006887,CUST0836,2025-08-20,VM-473,32,103000,Cash,8.0,Pending,Satisfying service
TX_0000002264,CUST0278,2025-01-29,QV-653,19,163000,Cash,45.0,Completed,Friendly and professional service
TX_0000003616,CUST0433,2025-02-03,GR-680,26,273000,Credit Card,22.0,Completed,
TX_0000000938,CUST0119,2024-09-30,LW-315,21,475000,Debit Card,41.0,Pending,
TX_0000004728,CUST0568,2024-12-24,GC-418,37,106000,Credit Card,49.0,Cancelled,
TX_0000002800,CUST0341,2024-11-25,AR-811,16,137000,Debit Card,49.0,Completed,
TX_0000001804,CUST0221,2025-07-17,BV-057,30,477000,Debit Card,1.0,Completed,Size doesn't match expectations
TX_0000004333,CUST0522,2024-09-10,BE-047,32,239000,Credit Card,26.0,Completed,"Thick bubble wrap packaging, safe"
TX_0000007591,CUST0923,2025-01-19,BW-634,39,227000,Bank Transfer,50.0,Completed,
TX_0000007640,CUST0929,2025-06-28,CI-991,20,215000,Cash,32.0,Completed,
TX_0000004889,CUST0589,2025-08-17,YI-950,29,290000,Bank Transfer,50.0,Completed,
TX_0000004280,CUST0517,2024-12-27,MW-852,17,291000,E-wallet,33.0,Completed,
TX_0000005066,CUST0611,2025-05-11,RE-791,16,218000,Bank Transfer,7.0,Completed,
TX_0000007225,CUST0875,2025-03-17,QA-420,16,393000,E-wallet,1.0,Completed,
TX_0000002797,CUST0341,2024-11-26,LV-642,3,180000,Bank Transfer,48.0,Completed,
TX_0000004392,CUST0529,2025-09-01,NW-813,25,466000,Credit Card,7.0,Completed,Standard quality for the price
TX_0000006582,CUST0796,2025-03-27,NI-821,8,28000,Bank Transfer,,Completed,
TX_0000006963,CUST0846,2024-10-21,DM-474,15,124000,Cash,,Completed,
TX_0000000621,CUST0076,2025-01-04,PJ-174,39,166000,Bank Transfer,,Completed,
TX_0000004087,CUST0494,2025-01-21,NE-833,28,275000,Bank Transfer,50.0,Completed,
TX_0000007720,CUST0939,2025-07-02,TA-493,32,414000,Credit Card,39.0,Completed,
TX_0000004221,CUST0511,2024-10-01,MJ-361,19,64000,E-wallet,50.0,Completed,
TX_0000007406,CUST0898,2024-12-26,UF-933,23,262000,E-wallet,41.0,Completed,"Item matches picture, very satisfied"
TX_0000000479,CUST0063,2025-07-13,GG-714,37,387000,Debit Card,31.0,Completed,"Good item, express shipping"
TX_0000001353,CUST0167,2025-02-02,JT-296,34,361000,E-wallet,40.0,Completed,
TX_0000007970,CUST0968,2025-02-06,JS-240,18,178000,Credit Card,46.0,Completed,Very satisfied with this purchase
TX_0000005970,CUST0722,2023-12-01,KT-044,32,319000,E-wallet,41.0,Completed,Original and quality item
TX_0000005895,CUST0713,2025-03-10,BO-497,21,141000,Credit Card,48.0,Completed,
TX_0000001871,CUST0229,2024-11-15,MY-467,17,496000,Credit Card,16.0,Completed,
TX_0000002518,CUST0309,2025-09-11,ZU-457,11,457000,Credit Card,20.0,Completed,
TX_0000005929,CUST0716,2025-08-01,GT-238,31,43000,E-wallet,49.0,Completed,High quality product
TX_0000001034,CUST0127,2025-09-18,PU-019,29,235000,Debit Card,44.0,Completed,
TX_0000004047,CUST0488,2023-12-21,BI-248,23,167000,Credit Card,8.0,Cancelled,"Good quality, competitive price"
TX_0000000287,CUST0036,2025-08-12,MY-507,38,144000,Bank Transfer,24.0,Completed,"Quality is okay, affordable price"
TX_0000000551,CUST0071,2024-12-10,XX-595,27,47000,E-wallet,35.0,Completed,"Slow shipping, ordinary item"
TX_0000001769,CUST0218,2025-02-20,VD-133,39,393000,Cash,29.0,Completed,"Product not original, very disappointed"
TX_0000005678,CUST0689,2025-01-21,DI-842,15,500000,Bank Transfer,26.0,Completed,
TX_0000006866,CUST0834,2025-09-20,YA-499,23,231000,Debit Card,17.0,Completed,"Thick bubble wrap packaging, safe"
TX_0000005000,CUST0605,2024-10-23,QD-132,16,333000,Bank Transfer,23.0,Completed,"Product meets expectations, great"
TX_0000005657,CUST0687,2024-12-31,QG-174,38,458000,Credit Card,39.0,Cancelled,
TX_0000007813,CUST0950,2025-09-20,OT-475,24,206000,Debit Card,47.0,Cancelled,
TX_0000001673,CUST0208,2025-01-13,EI-817,16,358000,Cash,8.0,Completed,
TX_0000001426,CUST0181,2024-11-16,QD-624,14,341000,Debit Card,,Completed,
TX_0000005479,CUST0665,2025-09-14,WK-036,25,388000,Credit Card,22.0,Completed,
TX_0000005980,CUST0723,2025-09-17,DD-867,12,149000,Bank Transfer,24.0,Cancelled,Disappointed with item quality
TX_0000003625,CUST0434,2025-03-13,JD-095,30,448000,Credit Card,47.0,Refunded,
TX_0000001727,CUST0213,2024-10-30,TM-673,39,444000,Credit Card,24.0,Completed,
TX_0000005065,CUST0611,2025-08-21,HX-197,31,318000,Cash,21.0,Completed,
TX_0000006774,CUST0822,2024-10-22,JG-902,27,1795000,Debit Card,4.0,Completed,"Friendly seller, item as ordered"
TX_0000006076,CUST0734,2025-01-04,AK-813,16,54000,Debit Card,17.0,Completed,
TX_0000007038,CUST0856,2025-01-25,NB-754,23,197000,Debit Card,39.0,Completed,"Standard quality, reasonable price"
TX_0000006952,CUST0844,2024-11-27,IS-743,29,198000,Credit Card,26.0,Completed,
TX_0000001748,CUST0215,2024-12-06,XY-543,35,240000,Bank Transfer,29.0,Completed,
TX_0000006654,CUST0804,2024-12-17,SC-914,33,306000,E-wallet,8.0,Completed,"Premium quality product, excellent"
TX_0000006693,CUST0811,2025-09-14,XN-799,22,139000,Debit Card,48.0,Completed,
TX_0000006540,CUST0791,2025-03-12,QZ-634,27,452000,E-wallet,38.0,Cancelled,A bit expensive but satisfied with result
TX_0000004596,CUST0553,2024-11-15,GK-510,19,402000,Bank Transfer,18.0,Completed,
TX_0000003382,CUST0409,2025-09-11,KU-004,20,256000,Bank Transfer,19.0,Completed,
TX_0000002133,CUST0261,2025-07-15,TT-456,26,369000,Credit Card,47.0,Completed,"Item damaged upon arrival, disappointed"
TX_0000008069,CUST0982,2025-08-26,YO-046,19,105000,Debit Card,1.0,Completed,
TX_0000005201,CUST0628,2024-10-30,WQ-172,32,237000,Bank Transfer,38.0,Completed,Response was slow but item is good
TX_0000003904,CUST0466,2024-12-11,RK-315,25,481000,Credit Card,4.0,Completed,
TX_0000002989,CUST0366,2024-03-31,FN-155,27,344000,Bank Transfer,21.0,Completed,"Item arrived quickly, good condition"
TX_0000000702,CUST0087,2025-09-11,AP-102,12,178000,Cash,44.0,Completed,Item arrived in perfect condition
TX_0000006920,CUST0842,2024-11-27,TF-220,3,217000,E-wallet,48.0,Completed,
TX_0000004962,CUST0601,2024-09-29,HP-052,32,432000,E-wallet,42.0,Completed,
TX_0000004079,CUST0493,2025-01-22,OK-123,31,91000,Debit Card,7.0,Completed,
TX_0000005839,CUST0705,2025-03-11,GX-253,29,161000,Cash,36.0,Completed,
TX_0000005587,CUST0679,2025-09-20,DH-331,3,457000,Bank Transfer,8.0,Completed,
TX_0000001555,CUST0195,2025-03-11,PA-770,1,455000,E-wallet,24.0,Completed,
TX_0000004514,CUST0545,2024-12-13,SB-526,30,1728000,Bank Transfer,6.0,Completed,
TX_0000001942,CUST0236,2025-09-06,CH-511,23,404000,Debit Card,11.0,Pending,Won't buy here again
TX_0000002880,CUST0353,2025-08-17,EY-033,20,374000,E-wallet,24.0,Completed,
TX_0000003870,CUST0462,2025-09-21,VO-132,10,375000,Credit Card,5.0,Completed,
TX_0000007686,CUST0934,2024-11-20,LZ-373,22,97000,Credit Card,8.0,Completed,"Good item, express shipping"
TX_0000000834,CUST0105,2025-07-13,ZL-869,33,1546000,Bank Transfer,22.0,Completed,
TX_0000006922,CUST0842,2025-08-06,IC-564,15,117000,Debit Card,2.0,Completed,Item arrived faster than expected
TX_0000007235,CUST0876,2024-10-28,AS-430,22,405000,Cash,39.0,Completed,Satisfying service
TX_0000000550,CUST0071,2025-03-03,DJ-404,25,152000,Debit Card,21.0,Completed,
TX_0000001021,CUST0126,2024-11-15,ZY-711,30,303000,Bank Transfer,39.0,Completed,
TX_0000000249,CUST0032,2024-10-11,TA-200,38,275000,Bank Transfer,37.0,Completed,Very satisfied with this purchase
TX_0000004442,CUST0537,2024-11-28,IN-170,18,349000,Credit Card,,Pending,
TX_0000006215,CUST0752,2025-07-24,WB-603,15,212000,E-wallet,5.0,Completed,
TX_0000000297,CUST0039,2025-08-03,JE-148,25,475000,Cash,25.0,Completed,
TX_0000002868,CUST0351,2025-09-22,ZO-634,9,4000,Credit Card,46.0,Completed,A bit expensive but satisfied with result
TX_0000000058,CUST0008,2025-05-29,LA-122,15,190000,Credit Card,34.0,Completed,Bit disappointing from the photo
TX_0000003711,CUST0444,2024-12-16,QN-646,2,293000,Cash,48.0,Completed,Recommended seller
TX_0000004111,CUST0498,2025-09-10,FL-965,24,319000,Debit Card,20.0,Completed,High quality product
TX_0000005842,CUST0705,2025-08-12,UZ-409,30,327000,E-wallet,22.0,Completed,Product matches description
TX_0000002964,CUST0363,2024-11-11,XL-282,13,292000,E-wallet,32.0,Cancelled,
TX_0000004099,CUST0496,2025-02-17,DZ-566,38,199000,Cash,0.0,Completed,
TX_0000000101,CUST0013,2025-07-10,DC-663,31,207000,Bank Transfer,9.0,Refunded,
TX_0000004744,CUST0571,2024-12-18,GC-415,27,118000,Bank Transfer,39.0,Completed,
TX_0000001929,CUST0235,2024-11-25,MU-299,35,813000,Credit Card,39.0,Completed,"Good item, express shipping"
TX_0000006721,CUST0813,2025-02-14,TW-756,23,124000,E-wallet,40.0,Completed,Quality below expectations
TX_0000002998,CUST0367,2025-06-21,VT-882,31,320000,Bank Transfer,30.0,Completed,"Quality is okay, affordable price"
TX_0000002359,CUST0290,2024-10-30,PZ-732,25,311000,E-wallet,23.0,Completed,"Quality product, attractive packaging"
TX_0000000533,CUST0070,2025-03-26,UQ-964,19,153000,Credit Card,25.0,Completed,
TX_0000007465,CUST0905,2024-11-03,YV-254,28,176000,Credit Card,44.0,Completed,
TX_0000002250,CUST0275,2024-12-22,ZD-976,33,417000,E-wallet,16.0,Cancelled,
TX_0000006752,CUST0818,2024-10-29,CM-418,24,196000,Debit Card,27.0,Completed,Item arrived in perfect condition
TX_0000001371,CUST0171,2025-01-06,OW-849,6,232000,E-wallet,10.0,Completed,
TX_0000006023,CUST0728,2025-03-07,BM-978,19,377000,Bank Transfer,16.0,Completed,
TX_0000000347,CUST0047,2025-04-04,WZ-732,39,435000,Credit Card,22.0,Completed,Recommended seller
TX_0000007875,CUST0958,2025-07-30,CA-574,24,46000,Cash,34.0,Completed,"Quality item, packaging OK"
TX_0000005829,CUST0703,2024-11-25,VQ-842,27,172000,Debit Card,28.0,Completed,
TX_0000002485,CUST0305,2025-07-24,IP-109,19,145000,Bank Transfer,21.0,Completed,
TX_0000005509,CUST0667,2024-12-09,RZ-787,15,107000,E-wallet,26.0,Completed,
TX_0000000682,CUST0085,2024-12-09,IP-743,28,111000,Bank Transfer,24.0,Completed,
TX_0000000435,CUST0058,2025-01-16,TQ-579,18,280000,E-wallet,23.0,Completed,
TX_0000003520,CUST0424,2025-09-19,EP-014,31,288000,E-wallet,24.0,Completed,"Poor product, requesting refund"
TX_0000002612,CUST0318,2025-01-25,ZE-539,17,449000,E-wallet,36.0,Completed,
TX_0000003890,CUST0464,2025-02-17,VP-008,30,131000,E-wallet,8.0,Completed,
TX_0000001490,CUST0188,2025-08-28,UZ-436,19,101000,Bank Transfer,0.0,Refunded,Disappointed with item quality
TX_0000007006,CUST0853,2024-11-14,QS-610,23,471000,Credit Card,12.0,Completed,
TX_0000005318,CUST0645,2024-12-28,TE-355,20,238000,Debit Card,47.0,Completed,
TX_0000007968,CUST0968,2024-11-24,XS-184,23,142000,Credit Card,44.0,Completed,A bit overpriced in my opinion
TX_0000003290,CUST0399,2025-06-19,CH-013,35,448000,E-wallet,9.0,Completed,
TX_0000002032,CUST0248,2024-07-16,OA-145,16,372000,Cash,39.0,Completed,
TX_0000006836,CUST0829,2025-02-05,HZ-267,19,396000,Cash,49.0,Cancelled,
TX_0000005196,CUST0628,2024-12-25,BO-220,26,416000,Debit Card,17.0,Completed,
TX_0000002749,CUST0333,2024-10-18,BA-214,39,490000,Credit Card,15.0,Pending,
TX_0000003099,CUST0379,2025-04-09,KE-656,40,153000,E-wallet,36.0,Completed,
TX_0000001182,CUST0146,2024-11-10,DG-376,39,433000,Cash,44.0,Refunded,"Item arrived quickly, good condition"
TX_0000001376,CUST0171,2025-01-14,YP-744,25,204000,Bank Transfer,31.0,Completed,"Slow shipping, ordinary item"
TX_0000005770,CUST0698,2025-09-06,DG-029,13,197000,Debit Card,17.0,Completed,"Quality product, satisfying service"
TX_0000007037,CUST0856,2025-01-21,AQ-138,16,284000,Bank Transfer,36.0,Cancelled,
TX_0000003536,CUST0426,2025-05-13,NX-037,33,116000,E-wallet,29.0,Completed,
TX_0000006881,CUST0836,2025-07-21,ZD-617,27,139000,Bank Transfer,22.0,Completed,
TX_0000000627,CUST0078,2024-12-26,PW-675,19,239000,Cash,25.0,Completed,
TX_0000002165,CUST0265,2025-07-15,TY-806,3,373000,Credit Card,39.0,Completed,Responsive and helpful seller
TX_0000004268,CUST0516,2024-11-20,AP-721,4,351000,E-wallet,6.0,Completed,
TX_0000006272,CUST0760,2024-11-29,FC-784,35,275000,Debit Card,12.0,Cancelled,
TX_0000001644,CUST0206,2024-10-12,EF-808,28,459000,E-wallet,33.0,Refunded,Shipping delayed but item is good
TX_0000007956,CUST0967,2025-09-07,QT-026,12,417000,E-wallet,48.0,Completed,A bit expensive but worth the quality
TX_0000000085,CUST0012,2024-12-07,NJ-803,15,465000,E-wallet,33.0,Completed,
TX_0000006006,CUST0726,2024-09-30,TN-944,24,61000,E-wallet,40.0,Completed,
TX_0000004248,CUST0514,2025-01-09,PV-159,36,423000,E-wallet,40.0,Completed,Shipping a bit slow but good item
TX_0000002938,CUST0360,2025-08-12,NN-572,36,475000,E-wallet,50.0,Cancelled,"Amazing product, highly recommended"
TX_0000004715,CUST0567,2024-10-27,JS-114,40,294000,Cash,,Completed,
TX_0000002116,CUST0258,2025-06-28,HQ-223,38,264000,Debit Card,40.0,Completed,
TX_0000002579,CUST0315,2025-09-12,YS-738,37,480000,Cash,1.0,Completed,Bit disappointing from the photo
TX_0000003693,CUST0442,2025-08-01,BQ-070,38,345000,Credit Card,20.0,Completed,
TX_0000000419,CUST0056,2025-07-22,MU-576,23,143000,Debit Card,21.0,Completed,
TX_0000004292,CUST0518,2025-02-09,DN-786,21,179000,Bank Transfer,29.0,Completed,Very satisfied with this purchase
TX_0000004468,CUST0540,2025-03-04,PF-550,35,110000,Cash,2.0,Completed,
TX_0000003405,CUST0412,2024-10-04,WO-791,3,192000,E-wallet,24.0,Refunded,
TX_0000005793,CUST0699,2024-05-06,NX-384,19,455000,E-wallet,5.0,Completed,Recommended seller
TX_0000005087,CUST0615,2024-11-26,TX-290,39,134000,Debit Card,36.0,Completed,"Thick bubble wrap packaging, safe"
TX_0000002900,CUST0356,2025-01-26,NH-495,21,492000,Credit Card,27.0,Pending,
TX_0000000294,CUST0039,2025-06-13,SJ-663,37,230000,Debit Card,35.0,Completed,
TX_0000007197,CUST0873,2025-01-08,SU-492,25,240000,Credit Card,26.0,Completed,"Quality product, satisfying service"
TX_0000004465,CUST0540,2024-10-22,MG-240,40,105000,Credit Card,48.0,Cancelled,
TX_0000004455,CUST0539,2024-11-17,US-547,26,444000,Cash,30.0,Completed,Shipping delayed but item is good
TX_0000006746,CUST0818,2025-03-17,MH-131,28,415000,Cash,38.0,Completed,
TX_0000004978,CUST0602,2025-08-06,QS-794,11,175000,Credit Card,6.0,Completed,
TX_0000001635,CUST0205,2024-11-23,RE-487,23,260000,Bank Transfer,8.0,Completed,"Thank you, very recommended"
TX_0000005947,CUST0718,2024-12-27,AJ-774,39,168000,E-wallet,25.0,Completed,
TX_0000007731,CUST0940,2025-05-14,VF-260,24,477000,Bank Transfer,27.0,Completed,
TX_0000005118,CUST0619,2024-10-17,PV-479,35,248000,Debit Card,17.0,Completed,
TX_0000001150,CUST0141,2025-01-28,CD-854,15,486000,Credit Card,1.0,Completed,"Friendly seller, item as ordered"
TX_0000003553,CUST0428,2025-03-28,OU-900,31,171000,Debit Card,18.0,Completed,
TX_0000003863,CUST0462,2025-09-18,HS-906,16,1800,Credit Card,10.0,Cancelled,
TX_0000006902,CUST0838,2025-01-06,UX-392,32,420000,Bank Transfer,38.0,Completed,
TX_0000002035,CUST0250,2025-09-16,UJ-411,9,188000,E-wallet,21.0,Completed,
TX_0000006580,CUST0795,2025-01-23,DR-551,38,390000,Credit Card,,Completed,
TX_0000006204,CUST0750,2025-03-12,MM-236,28,272000,E-wallet,36.0,Completed,Recommended seller
TX_0000006302,CUST0764,2024-10-06,ZS-548,11,194000,Cash,21.0,Completed,
TX_0000000439,CUST0058,2024-12-14,GV-199,2,198000,Bank Transfer,19.0,Completed,
TX_0000002949,CUST0361,2024-10-19,XR-127,7,331000,E-wallet,50.0,Completed,"100% original item, recommended"
TX_0000001299,CUST0162,2024-12-19,YA-206,30,453000,Credit Card,48.0,Completed,
TX_0000007912,CUST0962,2025-09-14,NH-935,6,94000,Debit Card,27.0,Cancelled,A bit overpriced in my opinion
TX_0000005644,CUST0686,2025-08-03,JU-015,36,103000,E-wallet,10.0,Completed,
TX_0000003818,CUST0456,2024-12-30,VO-839,26,261000,Credit Card,29.0,Pending,
TX_0000002246,CUST0274,2023-11-27,WU-968,9,499000,E-wallet,27.0,Completed,
TX_0000006303,CUST0764,2025-03-07,MW-834,24,240000,E-wallet,49.0,Refunded,Response was slow but item is good
TX_0000005477,CUST0664,2025-05-02,GM-204,16,112000,E-wallet,50.0,Pending,
TX_0000006313,CUST0765,2025-09-19,MT-163,40,412000,Credit Card,,Completed,
TX_0000004211,CUST0509,2025-02-02,YL-818,20,337000,Debit Card,1.0,Cancelled,"Thick bubble wrap packaging, safe"
TX_0000006798,CUST0824,2025-01-23,DA-831,23,371000,Debit Card,39.0,Completed,
TX_0000004739,CUST0569,2025-08-20,DT-691,23,439000,E-wallet,40.0,Completed,Good product for this price range
TX_0000000374,CUST0051,2025-05-20,PX-280,1,103000,Cash,31.0,Completed,Shipping a bit slow but good item
TX_0000004575,CUST0551,2025-01-04,TC-277,17,398000,Bank Transfer,29.0,Cancelled,
TX_0000005932,CUST0717,2024-07-23,DC-168,20,169000,E-wallet,43.0,Completed,
TX_0000003393,CUST0410,2024-11-20,KK-629,38,308000,Credit Card,46.0,Completed,
TX_0000003602,CUST0432,2025-08-04,ZL-974,15,152000,Cash,23.0,Cancelled,"Item arrived quickly, good condition"
TX_0000004503,CUST0543,2024-12-30,KA-865,10,423000,Cash,49.0,Completed,
TX_0000006326,CUST0766,2025-09-07,OI-971,38,236000,Bank Transfer,45.0,Completed,Poor quality for this price
TX_0000007885,CUST0959,2025-02-07,CF-681,31,474000,Credit Card,12.0,Completed,
TX_0000004225,CUST0511,2025-06-08,WX-801,4,195000,E-wallet,40.0,Completed,
TX_0000006859,CUST0832,2024-12-31,KJ-000,24,279000,Bank Transfer,5.0,Completed,
TX_0000005545,CUST0673,2024-10-02,QO-381,8,310000,Bank Transfer,15.0,Completed,
TX_0000002413,CUST0294,2025-07-08,AE-631,23,264000,Credit Card,50.0,Pending,
TX_0000002860,CUST0351,2025-09-20,MU-231,2,224000,Cash,46.0,Completed,
TX_0000008068,CUST0981,2025-03-04,UR-781,26,273000,Bank Transfer,4.0,Completed,
TX_0000001794,CUST0220,2024-10-17,ED-609,38,452000,Bank Transfer,9.0,Completed,
TX_0000001394,CUST0174,2025-06-25,TS-073,32,205000,Cash,13.0,Completed,Original and quality item
TX_0000000813,CUST0522,2024-11-28,QR-867,20,202000,E-wallet,14.0,Refunded,
TX_0000002349,CUST0288,2024-10-20,AP-098,1,46000,Debit Card,2.0,Completed,"Product matches photo, good quality"
TX_0000005982,CUST0724,2024-11-24,TN-128,27,128000,Bank Transfer,8.0,Completed,"Standard quality, reasonable price"
TX_0000006072,CUST0733,2024-12-01,DO-104,10,384000,E-wallet,16.0,Completed,"Amazing product, exceeds expectations"
TX_0000006265,CUST0760,2025-01-20,FN-923,23,350000,Cash,,Completed,"Poor product, requesting refund"
TX_0000003015,CUST0369,2025-02-11,QS-584,29,252000,Debit Card,33.0,Completed,Price worth it for the quality
TX_0000002167,CUST0265,2024-12-28,PU-547,5,108000,Cash,47.0,Completed,
TX_0000004887,CUST0588,2025-03-09,MP-056,18,357000,Cash,,Completed,"High quality product, recommended"
TX_0000004412,CUST0534,2024-12-19,VB-182,19,177000,Credit Card,23.0,Completed,
TX_0000005104,CUST0618,2024-12-25,CZ-177,24,430000,E-wallet,41.0,Completed,
TX_0000003310,CUST0401,2024-10-03,RP-875,1,393000,Bank Transfer,6.0,Completed,
TX_0000006689,CUST0810,2025-07-03,GH-970,18,354000,Debit Card,1.0,Completed,
TX_0000007780,CUST0948,2025-03-17,RC-081,34,252000,Bank Transfer,45.0,Completed,
TX_0000002322,CUST0285,2025-01-23,GI-949,35,394000,Credit Card,11.0,Completed,"Quality product, attractive packaging"
TX_0000005885,CUST0710,2025-08-12,BC-063,28,247000,Credit Card,8.0,Completed,
TX_0000000922,CUST0117,2025-01-01,WL-119,17,498000,Bank Transfer,12.0,Completed,
TX_0000000323,CUST0043,2025-06-02,KK-496,30,396000,Debit Card,13.0,Refunded,Doesn't match my expectations
TX_0000006872,CUST0835,2025-01-29,IO-995,5,438000,E-wallet,22.0,Completed,Won't buy here again
TX_0000007257,CUST0880,2024-12-24,NS-678,16,292000,Bank Transfer,26.0,Completed,
TX_0000006343,CUST0768,2025-07-01,AX-422,36,169000,Credit Card,40.0,Completed,
TX_0000004554,CUST0550,2025-01-30,MA-645,25,108000,Debit Card,3.0,Completed,
TX_0000004249,CUST0514,2025-02-20,RJ-916,17,134000,Bank Transfer,13.0,Completed,
TX_0000002472,CUST0303,2025-01-12,TP-790,36,376000,Debit Card,39.0,Cancelled,
TX_0000005059,CUST0610,2024-11-07,VG-984,25,328000,Cash,33.0,Completed,
TX_0000003093,CUST0378,2025-02-07,NP-192,21,331000,E-wallet,22.0,Completed,
TX_0000000232,CUST0031,2025-07-04,GP-746,9,346000,Debit Card,6.0,Completed,"Product not original, very disappointed"
TX_0000003593,CUST0432,2025-08-15,FR-274,33,245000,Bank Transfer,38.0,Completed,
TX_0000000111,CUST0014,2025-05-02,OF-741,20,115000,Debit Card,27.0,Completed,Good product for this price range
TX_0000002841,CUST0347,2025-02-24,WR-876,18,486000,Bank Transfer,33.0,Refunded,
TX_0000004557,CUST0550,2025-02-16,NT-782,24,154000,Cash,27.0,Completed,
TX_0000001080,CUST0133,2025-03-21,MH-273,39,421000,Cash,47.0,Completed,"Premium quality, very satisfied"
TX_0000004936,CUST0596,2024-11-18,GT-775,29,468000,Cash,23.0,Completed,
TX_0000001116,CUST0137,2025-05-30,IR-830,37,341000,Debit Card,15.0,Completed,
TX_0000007175,CUST0871,2025-08-07,HO-574,36,48000,E-wallet,14.0,Completed,Disappointed with item quality
TX_0000006898,CUST0838,2025-02-22,LB-028,37,410000,Bank Transfer,,Completed,"Quality is okay, affordable price"
TX_0000001468,CUST0186,2025-08-13,XV-298,37,159000,Cash,46.0,Completed,
TX_0000003065,CUST0373,2025-01-18,FX-823,23,481000,E-wallet,20.0,Completed,"Premium quality product, excellent"
TX_0000002448,CUST0299,2025-01-18,RD-327,40,392000,Cash,18.0,Completed,
TX_0000001579,CUST0197,2025-01-11,HA-713,21,187000,Credit Card,33.0,Completed,"Honest seller, item as described"
TX_0000003750,CUST0450,2025-05-29,XK-777,22,295000,Cash,34.0,Refunded,"Seller communicative, item is good"
TX_0000002826,CUST0345,2025-03-09,DO-353,21,287000,Bank Transfer,17.0,Completed,High quality product
TX_0000001919,CUST0234,2024-11-08,TB-629,20,152000,Credit Card,40.0,Cancelled,
TX_0000001845,CUST0226,2025-02-18,DG-279,16,435000,Cash,48.0,Completed,
TX_0000001451,CUST0183,2025-01-19,TD-348,1,2000,Bank Transfer,15.0,Completed,Price worth it for the quality
TX_0000002406,CUST0293,2025-06-06,ZT-814,6,204000,Bank Transfer,43.0,Completed,Responsive and helpful seller
TX_0000004731,CUST0568,2025-01-26,WR-568,33,121000,Cash,49.0,Completed,
TX_0000002099,CUST0257,2025-01-19,JK-076,17,362000,Bank Transfer,31.0,Cancelled,
TX_0000002615,CUST0318,2024-02-15,WJ-878,21,439000,Bank Transfer,14.0,Cancelled,
TX_0000003957,CUST0474,2025-09-10,QO-871,17,408000,Credit Card,19.0,Refunded,
TX_0000006283,CUST0762,2025-04-15,HF-905,21,92000,Credit Card,12.0,Completed,
TX_0000006400,CUST0775,2024-10-09,NR-135,33,428000,Bank Transfer,39.0,Cancelled,
TX_0000002685,CUST0326,2025-05-16,KE-318,34,127000,Debit Card,36.0,Completed,"100% original item, recommended"
TX_0000005460,CUST0662,2024-10-11,CQ-279,35,467000,Debit Card,15.0,Completed,
TX_0000003152,CUST0383,2025-03-03,AD-962,25,279000,Debit Card,36.0,Cancelled,
TX_0000001489,CUST0188,2025-08-31,XC-928,21,116000,Credit Card,14.0,Completed,
TX_0000005205,CUST0628,2025-09-08,OA-815,37,212000,E-wallet,8.0,Completed,
TX_0000003681,CUST0441,2025-08-22,KE-954,11,497000,E-wallet,41.0,Completed,
TX_0000005047,CUST0609,2025-02-20,NS-073,23,32000,Credit Card,32.0,Completed,"Thank you, very recommended"
TX_0000004664,CUST0559,2025-09-10,YT-050,26,421000,Cash,34.0,Completed,
TX_0000006370,CUST0770,2024-11-26,BR-841,39,275000,Cash,12.0,Completed,
TX_0000004387,CUST0528,2024-05-25,VX-174,16,363000,Bank Transfer,,Completed,Bit overpriced but quality is okay
TX_0000007457,CUST0904,2025-03-08,HB-889,34,174000,Cash,,Completed,
TX_0000002544,CUST0312,2025-03-31,VI-403,21,270000,Bank Transfer,49.0,Completed,"Premium quality, very satisfied"
TX_0000001515,CUST0190,2025-05-16,LD-908,19,413000,Bank Transfer,16.0,Completed,
TX_0000000266,CUST0033,2024-12-17,AK-986,26,211000,Debit Card,48.0,Completed,Friendly and professional service
TX_0000000001,CUST0001,2025-06-07,ET-242,1,144000,Credit Card,,Completed,
TX_0000001452,CUST0183,2025-04-20,FF-322,7,3000,Cash,45.0,Completed,"Good quality, competitive price"
TX_0000003781,CUST0453,2024-09-30,MZ-641,39,269000,E-wallet,10.0,Completed,
TX_0000005754,CUST0696,2024-12-22,NM-095,10,488000,Cash,5.0,Completed,"Defective item, please replace"
TX_0000005979,CUST0723,2025-09-23,JT-601,6,203000,Cash,12.0,Completed,
TX_0000003210,CUST0389,2024-12-17,ET-852,21,412000,Credit Card,35.0,Completed,
TX_0000003613,CUST0433,2024-12-18,XA-182,20,181000,Bank Transfer,4.0,Completed,"Good quality, competitive price"
TX_0000000839,CUST0105,2025-06-13,QP-650,19,313000,Cash,27.0,Completed,
TX_0000000015,CUST0003,2024-12-01,AD-225,17,448000,E-wallet,5.0,Refunded,"Safe packaging, not damaged"
TX_0000000327,CUST0043,2025-03-21,HP-967,34,411000,Debit Card,28.0,Completed,"Quality product, attractive packaging"
TX_0000002390,CUST0292,2025-08-31,GN-749,25,199000,Cash,13.0,Completed,"Standard quality, reasonable price"
TX_0000001840,CUST0225,2025-05-12,SO-459,2,356000,Cash,36.0,Refunded,
TX_0000002023,CUST0248,2025-02-23,CK-848,20,212000,Cash,36.0,Completed,
TX_0000000009,CUST0003,2025-05-31,CU-358,30,279000,Debit Card,39.0,Completed,"Great product, will order again"
TX_0000002573,CUST0315,2025-09-24,TK-442,34,236000,Credit Card,3.0,Completed,
TX_0000002652,CUST0322,2025-03-16,DK-880,6,157000,E-wallet,32.0,Completed,"Amazing product, highly recommended"
TX_0000004177,CUST0506,2024-11-18,II-157,38,277000,Cash,28.0,Cancelled,
TX_0000001040,CUST0127,2025-09-06,AQ-046,23,177000,E-wallet,6.0,Completed,
TX_0000003239,CUST0392,2025-08-11,VB-590,20,95000,Bank Transfer,25.0,Completed,
TX_0000006187,CUST0748,2025-08-31,PB-626,23,105000,Debit Card,,Completed,Quality below expectations
TX_0000004790,CUST0576,2024-11-03,RP-479,34,238000,Cash,45.0,Completed,5 stars for this product
TX_0000003412,CUST0412,2025-08-15,GW-931,1,214000,Bank Transfer,9.0,Completed,Doesn't meet expectations
TX_0000006075,CUST0734,2025-04-02,NC-787,25,184000,Cash,19.0,Completed,
TX_0000003856,CUST0461,2025-01-18,QD-205,4,239000,Cash,49.0,Completed,
TX_0000000340,CUST0044,2024-07-12,DS-492,19,427000,Credit Card,12.0,Completed,
TX_0000000122,CUST0015,2025-03-16,PF-840,19,102000,Bank Transfer,2.0,Completed,
TX_0000004049,CUST0488,2024-10-07,HR-157,16,137000,E-wallet,44.0,Completed,
TX_0000006392,CUST0773,2025-05-28,DN-450,22,340000,Debit Card,20.0,Completed,
TX_0000001091,CUST0135,2025-08-25,MK-752,16,323000,Credit Card,32.0,Completed,"Standard quality, reasonable price"
TX_0000004772,CUST0574,2025-03-01,EZ-742,4,127000,Credit Card,3.0,Completed,"Responsive seller, good problem solving"
TX_0000001373,CUST0171,2024-12-31,BD-514,6,342000,Credit Card,39.0,Completed,
TX_0000006174,CUST0747,2025-08-21,RR-775,31,163000,Credit Card,5.0,Completed,"Cheap price, decent quality"
TX_0000001318,CUST0164,2025-04-06,BL-698,38,163000,Debit Card,4.0,Completed,
TX_0000000623,CUST0076,2024-10-29,IF-741,16,266000,Bank Transfer,14.0,Completed,
TX_0000001420,CUST0180,2024-06-12,ER-248,22,163000,E-wallet,30.0,Completed,"Friendly seller, item as ordered"
TX_0000001542,CUST0194,2025-05-05,UT-609,19,243000,Debit Card,37.0,Pending,Response was slow but item is good
TX_0000008118,CUST0988,2025-01-14,JT-184,38,1783000,Cash,4.0,Completed,"100% original item, recommended"
TX_0000004386,CUST0528,2024-12-05,BT-750,36,115000,E-wallet,46.0,Refunded,
TX_0000006943,CUST0843,2025-01-06,NT-996,38,334000,Credit Card,30.0,Completed,
TX_0000004913,CUST0593,2025-01-16,EH-809,26,492000,Bank Transfer,26.0,Completed,
TX_0000002224,CUST0270,2025-09-18,AU-130,34,322000,Bank Transfer,31.0,Completed,Original and quality item
TX_0000007449,CUST0903,2025-01-25,GV-088,2,147000,Bank Transfer,20.0,Cancelled,A bit expensive but worth the quality
TX_0000001411,CUST0178,2025-06-26,PA-140,32,198000,Cash,1.0,Completed,
TX_0000006214,CUST0752,2025-07-25,HI-597,18,374000,Cash,46.0,Completed,
TX_0000004419,CUST0534,2024-10-07,FB-890,33,1970000,Bank Transfer,20.0,Completed,
TX_0000005781,CUST0698,2025-09-21,CJ-491,26,311000,Credit Card,50.0,Completed,Shipping a bit slow but good item
TX_0000000890,CUST0111,2025-03-16,MG-508,24,121000,Bank Transfer,15.0,Refunded,A bit disappointing for this price
TX_0000007685,CUST0934,2023-10-17,PE-652,16,211000,Credit Card,45.0,Cancelled,
TX_0000007284,CUST0883,2025-09-20,JB-602,12,381000,E-wallet,41.0,Cancelled,
TX_0000006830,CUST0828,2024-09-25,KJ-685,37,470000,Bank Transfer,7.0,Completed,
TX_0000003283,CUST0397,2024-07-20,BJ-938,20,175000,Credit Card,50.0,Completed,
TX_0000008079,CUST0983,2024-10-23,MT-675,26,345000,E-wallet,5.0,Completed,
TX_0000004938,CUST0597,2025-08-07,RC-140,31,490000,Debit Card,30.0,Completed,"Cheap price, decent quality"
TX_0000000197,CUST0023,2025-02-26,FC-797,23,290000,Cash,35.0,Completed,A bit expensive but satisfied with result
TX_0000008151,CUST0993,2024-10-08,JY-007,5,249000,Cash,9.0,Completed,
TX_0000003820,CUST0457,2025-02-24,PJ-940,31,246000,Credit Card,26.0,Completed,"100% original item, recommended"
TX_0000000416,CUST0055,2025-03-11,TJ-809,7,256000,Bank Transfer,33.0,Completed,Very slow shipping
TX_0000008183,CUST0997,2025-01-14,LH-504,21,180000,Credit Card,23.0,Completed,"Product matches photo, good quality"
TX_0000002192,CUST0268,2024-12-15,TW-509,32,344000,E-wallet,11.0,Completed,
TX_0000007390,CUST0896,2025-08-27,OW-950,28,487000,E-wallet,44.0,Completed,"100% original item, recommended"
TX_0000007087,CUST0859,2024-10-05,BT-222,40,478000,Credit Card,13.0,Completed,"Friendly seller, item as ordered"
TX_0000000433,CUST0058,2025-01-28,PJ-866,39,456000,E-wallet,45.0,Cancelled,
TX_0000003051,CUST0372,2025-02-16,BR-497,25,231000,Bank Transfer,32.0,Completed,
TX_0000007783,CUST0948,2025-02-16,ET-106,32,498000,Credit Card,6.0,Completed,
TX_0000002837,CUST0347,2025-01-26,AK-703,3,263000,Debit Card,35.0,Completed,
TX_0000002304,CUST0281,2025-04-16,XC-135,21,335000,Cash,33.0,Completed,Bit overpriced but quality is okay
TX_0000007310,CUST0887,2025-09-16,ST-842,40,237000,E-wallet,0.0,Completed,
TX_0000003978,CUST0476,2025-09-15,RA-123,23,359000,Bank Transfer,29.0,Completed,
TX_0000002252,CUST0275,2024-10-24,ZG-674,39,476000,E-wallet,48.0,Completed,"Seller communicative, item is good"
TX_0000006030,CUST0729,2025-04-16,TN-943,20,387000,E-wallet,41.0,Completed,"Amazing product, highly recommended"
TX_0000002761,CUST0334,2025-02-16,LN-504,4,370000,E-wallet,28.0,Completed,
TX_0000001109,CUST0136,2025-03-15,CQ-572,19,256000,Credit Card,35.0,Cancelled,
TX_0000007383,CUST0896,2025-09-13,HT-145,22,299000,Credit Card,36.0,Refunded,
TX_0000008018,CUST0976,2025-09-19,FZ-018,30,149000,Credit Card,50.0,Completed,
TX_0000004371,CUST0527,2025-01-25,YV-356,18,343000,Debit Card,17.0,Completed,
TX_0000006126,CUST0740,2025-03-19,IA-867,24,329000,E-wallet,0.0,Completed,
TX_0000007998,CUST0971,2024-12-17,PP-588,6,261000,Credit Card,32.0,Completed,"Safe shipping, nothing damaged"
TX_0000004880,CUST0587,2025-06-02,KK-137,36,349000,Cash,34.0,Completed,
TX_0000001196,CUST0149,2024-11-27,PV-945,22,276000,Credit Card,12.0,Cancelled,"Original item, fast shipping"
TX_0000006495,CUST0784,2025-02-20,ER-086,4,66000,Cash,3.0,Completed,"Cheap price, decent quality"
TX_0000003814,CUST0456,2025-01-07,RL-517,33,136000,Credit Card,36.0,Completed,"Item arrived quickly, good condition"
TX_0000000605,CUST0074,2025-08-18,HM-428,17,289000,E-wallet,0.0,Completed,
TX_0000003708,CUST0443,2024-12-25,KW-376,6,5000,Credit Card,7.0,Completed,
TX_0000000881,CUST0111,2024-12-27,LJ-414,20,394000,Cash,,Completed,
TX_0000001220,CUST0152,2025-02-19,LZ-959,23,188000,Credit Card,41.0,Cancelled,
TX_0000006140,CUST0742,2025-06-15,LS-756,35,285000,Debit Card,18.0,Completed,
TX_0000002575,CUST0315,2024-11-18,YZ-324,32,251000,E-wallet,17.0,Completed,"Competitive price, decent quality"
TX_0000005968,CUST0722,2025-03-05,YL-704,22,454000,Bank Transfer,8.0,Completed,
TX_0000006736,CUST0816,2025-04-18,QB-176,37,377000,Credit Card,3.0,Completed,
TX_0000007889,CUST0960,2025-05-26,YE-084,24,401000,Bank Transfer,27.0,Completed,
TX_0000004717,CUST0567,2025-02-25,KJ-412,29,304000,Debit Card,38.0,Cancelled,Product matches description
TX_0000005486,CUST0665,2025-07-12,JK-919,17,67000,Credit Card,8.0,Completed,"Thank you, very recommended"
TX_0000006248,CUST0757,2024-12-13,ZU-721,15,336000,Cash,45.0,Completed,
TX_0000006480,CUST0783,2025-02-18,TJ-696,22,466000,Credit Card,38.0,Completed,
TX_0000006832,CUST0829,2024-11-11,MP-349,34,117000,Credit Card,45.0,Completed,
TX_0000003443,CUST0416,2025-09-21,VP-108,27,386000,Cash,15.0,Refunded,
TX_0000005921,CUST0715,2025-01-30,TF-086,19,461000,Debit Card,46.0,Completed,Shipping delayed but item is good
TX_0000001707,CUST0211,2025-02-18,BQ-164,22,439000,Credit Card,27.0,Completed,
TX_0000001159,CUST0143,2025-03-25,FJ-499,18,256000,Credit Card,30.0,Completed,
TX_0000004916,CUST0593,2025-05-05,LX-504,16,240000,Cash,30.0,Refunded,
TX_0000006435,CUST0778,2025-01-09,LI-055,29,185000,Cash,1.0,Completed,
TX_0000006442,CUST0779,2025-09-04,CY-853,9,461000,E-wallet,40.0,Completed,Doesn't match my expectations
TX_0000004484,CUST0542,2024-11-25,QK-392,20,284000,E-wallet,8.0,Completed,
TX_0000002752,CUST0334,2024-11-22,VF-188,20,198000,Debit Card,31.0,Completed,
TX_0000005248,CUST0634,2025-03-21,VM-442,18,141000,Bank Transfer,29.0,Completed,
TX_0000002649,CUST0322,2024-12-05,LE-177,12,351000,Credit Card,38.0,Completed,
TX_0000006154,CUST0744,2024-12-23,WN-729,12,345000,E-wallet,33.0,Completed,"Competitive price, decent quality"
TX_0000005461,CUST0662,2025-01-25,SJ-762,33,163000,Debit Card,14.0,Completed,"Responsive seller, good problem solving"
TX_0000004310,CUST0520,2024-11-22,BY-743,19,395000,E-wallet,38.0,Pending,
TX_0000006445,CUST0780,2025-07-13,OH-445,15,282000,Cash,30.0,Cancelled,
TX_0000008061,CUST0981,2024-08-06,PA-696,21,350000,Bank Transfer,20.0,Refunded,
TX_0000001783,CUST0219,2024-10-27,AV-351,10,473000,Debit Card,,Completed,
TX_0000002577,CUST0315,2024-12-30,BL-347,12,498000,Credit Card,25.0,Completed,
TX_0000002550,CUST0313,2025-02-26,UQ-540,2,300000,E-wallet,41.0,Refunded,
TX_0000007211,CUST0874,2025-08-09,XU-477,27,111000,E-wallet,,Completed,
TX_0000000905,CUST0113,2025-01-03,XD-825,19,248000,E-wallet,,Completed,
TX_0000001447,CUST0183,2025-03-20,SQ-309,1,395000,Debit Card,10.0,Completed,"Item arrived quickly, good condition"
TX_0000007696,CUST0935,2025-03-06,RE-751,15,316000,Credit Card,1.0,Completed,
TX_0000008149,CUST0993,2025-05-21,VN-358,10,141000,E-wallet,25.0,Completed,Price worth it for the quality
TX_0000006665,CUST0806,2025-02-11,LG-256,29,166000,Debit Card,31.0,Completed,Responsive and helpful seller
TX_0000006172,CUST0747,2025-07-07,FQ-174,22,398000,E-wallet,24.0,Completed,
TX_0000006795,CUST0824,2025-04-15,KX-913,31,83000,E-wallet,48.0,Completed,
TX_0000007988,CUST0969,2025-09-22,UU-574,25,260000,Cash,3.0,Completed,"Original item, fast shipping"
TX_0000001785,CUST0219,2025-04-15,FN-448,12,453000,Bank Transfer,25.0,Completed,"Item arrived quickly, good condition"
TX_0000001566,CUST0196,2025-09-21,VM-726,20,460000,Cash,44.0,Cancelled,
TX_0000006583,CUST0796,2025-02-24,JY-830,20,16000,Bank Transfer,6.0,Completed,
TX_0000004161,CUST0504,2024-11-06,UT-138,28,400000,Cash,17.0,Completed,
TX_0000007725,CUST0939,2025-08-20,BC-832,15,158000,E-wallet,14.0,Completed,
TX_0000004320,CUST0521,2024-12-19,QK-109,6,31000,E-wallet,,Completed,
TX_0000003480,CUST0421,2025-09-21,MN-635,15,174000,Debit Card,32.0,Pending,Slightly defective but still usable
TX_0000004988,CUST0604,2025-01-26,RX-138,34,144000,Credit Card,39.0,Completed,
TX_0000003378,CUST0408,2025-02-27,JZ-271,20,387000,Credit Card,29.0,Completed,
TX_0000005293,CUST0641,2025-03-26,BZ-984,34,171000,Debit Card,29.0,Completed,
TX_0000007569,CUST0919,2025-02-07,HV-913,10,151000,Debit Card,43.0,Completed,
TX_0000004252,CUST0515,2025-09-05,ZK-941,23,372000,Cash,42.0,Completed,Size doesn't match expectations
TX_0000006156,CUST0744,2024-08-25,LR-114,17,78000,E-wallet,,Completed,
TX_0000003459,CUST0417,2025-02-13,AL-999,36,437000,Cash,29.0,Completed,
TX_0000006916,CUST0841,2025-08-18,AY-415,25,233000,E-wallet,2.0,Pending,
TX_0000005467,CUST0663,2024-10-14,NZ-412,32,463000,Credit Card,4.0,Completed,Doesn't meet expectations
TX_0000004040,CUST0486,2025-08-04,IT-736,37,175000,Cash,3.0,Completed,"Packaging not neat, but item is okay"
TX_0000004831,CUST0582,2024-12-30,WH-356,31,1925000,Credit Card,29.0,Completed,
TX_0000007957,CUST0967,2025-08-24,DE-819,7,14000,Debit Card,35.0,Completed,
TX_0000004413,CUST0534,2025-02-07,VD-068,27,227000,Bank Transfer,29.0,Completed,
TX_0000002334,CUST0287,2025-08-24,AH-106,25,338000,Bank Transfer,42.0,Pending,"Good product, meets expectations"
TX_0000007431,CUST0900,2025-03-11,BL-802,3,320000,Bank Transfer,16.0,Completed,Quality below expectations
TX_0000000255,CUST0032,2025-03-02,TM-530,22,320000,Bank Transfer,22.0,Completed,
TX_0000004086,CUST0493,2025-03-31,AT-790,19,440000,Debit Card,10.0,Completed,"Poor product, requesting refund"
TX_0000001114,CUST0137,2025-01-05,VE-847,31,108000,Credit Card,49.0,Completed,
TX_0000008135,CUST0991,2025-06-17,MB-603,16,421000,Debit Card,25.0,Completed,
TX_0000005284,CUST0639,2025-02-16,FQ-622,23,396000,Credit Card,1.0,Completed,Quality below expectations
TX_0000000222,CUST0029,2024-04-07,WB-357,17,445000,Credit Card,39.0,Completed,Disappointed with item quality
TX_0000000268,CUST0033,2025-03-23,IL-018,39,106000,Cash,17.0,Completed,Fast response from seller
TX_0000000108,CUST0014,2025-01-13,MG-363,6,154000,Debit Card,1.0,Completed,
TX_0000004845,CUST0583,2025-02-13,IX-708,25,162000,Bank Transfer,23.0,Completed,"Thick bubble wrap packaging, safe"
TX_0000001227,CUST0153,2025-09-17,MQ-864,35,133000,Debit Card,37.0,Completed,"Super fast shipping, thanks"
TX_0000007403,CUST0897,2024-12-02,QR-826,18,428000,Debit Card,2.0,Cancelled,Item arrived safely
TX_0000004763,CUST0573,2025-03-14,NZ-882,21,212000,Bank Transfer,42.0,Completed,
TX_0000003299,CUST0399,2025-06-24,PK-587,33,36000,Debit Card,43.0,Completed,High quality product
TX_0000005713,CUST0694,2025-09-13,PG-228,13,450000,Cash,31.0,Completed,Bit overpriced but quality is okay
TX_0000001513,CUST0190,2025-04-30,XC-530,31,111000,Bank Transfer,37.0,Completed,"Cheap price, decent quality"
TX_0000007017,CUST0854,2025-03-23,YI-286,20,168000,Debit Card,15.0,Completed,
TX_0000007019,CUST0854,2024-11-18,WO-842,33,329000,Debit Card,43.0,Completed,
TX_0000000304,CUST0039,2025-08-06,IT-806,31,452000,Bank Transfer,46.0,Refunded,
TX_0000002084,CUST0255,2024-11-27,FL-224,23,64000,Cash,33.0,Completed,Expensive price but worth it
TX_0000004210,CUST0509,2024-12-11,EX-213,26,223000,Credit Card,25.0,Completed,Responsive and helpful seller
TX_0000003013,CUST0368,2024-11-26,PK-101,29,277000,Cash,17.0,Completed,
TX_0000007837,CUST0952,2024-10-07,IE-186,15,169000,E-wallet,45.0,Completed,
TX_0000004921,CUST0595,2025-02-13,AI-218,20,255000,Cash,29.0,Completed,Doesn't meet expectations
TX_0000001211,CUST0151,2024-11-06,UK-750,33,368000,Credit Card,,Completed,Size doesn't match expectations
TX_0000001787,CUST0220,2025-01-02,TJ-775,19,390000,Bank Transfer,7.0,Cancelled,"Professional seller, highly recommended"
TX_0000007962,CUST0968,2025-03-10,PC-951,37,350000,Bank Transfer,27.0,Completed,
TX_0000003514,CUST0424,2025-07-26,HE-035,32,321000,Debit Card,42.0,Completed,
TX_0000000528,CUST0069,2024-11-29,WW-178,27,101000,Cash,36.0,Completed,"Original item, fast shipping"
TX_0000001437,CUST0182,2025-08-12,NM-384,36,77000,E-wallet,9.0,Completed,"Safe shipping, nothing damaged"
TX_0000002127,CUST0260,2024-03-14,IO-857,17,338000,Bank Transfer,12.0,Completed,
TX_0000005385,CUST0655,2025-07-02,QA-365,20,401000,Credit Card,38.0,Cancelled,"Poor product, requesting refund"
TX_0000005891,CUST0712,2025-07-12,FP-226,30,312000,Cash,35.0,Completed,
TX_0000000377,CUST0051,2024-10-08,FM-974,16,17000,E-wallet,16.0,Completed,
TX_0000001870,CUST0229,2024-10-23,ZR-301,11,16000,Cash,42.0,Cancelled,
TX_0000006155,CUST0744,2024-07-21,DJ-638,3,61000,Bank Transfer,21.0,Completed,Shipping a bit slow but good item
TX_0000002209,CUST0661,2025-09-18,VW-303,27,360000,Credit Card,,Cancelled,
TX_0000006776,CUST0822,2025-02-13,SR-937,30,150000,Credit Card,30.0,Completed,
TX_0000006150,CUST0743,2024-12-15,XP-502,13,392000,Credit Card,25.0,Completed,"Professional seller, highly recommended"
TX_0000000756,CUST0094,2025-03-14,PU-360,2,14000,Bank Transfer,23.0,Cancelled,
TX_0000000292,CUST0038,2024-11-15,GE-034,25,163000,Cash,30.0,Completed,
TX_0000003095,CUST0379,2025-01-03,OG-756,39,117000,Debit Card,35.0,Cancelled,
TX_0000006368,CUST0770,2025-01-24,PV-030,31,89000,Credit Card,0.0,Completed,
TX_0000001544,CUST0194,2025-08-12,IE-433,15,179000,Bank Transfer,33.0,Completed,
TX_0000000291,CUST0037,2025-06-29,QD-612,40,397000,E-wallet,14.0,Completed,
TX_0000000189,CUST0023,2024-03-15,CS-273,36,130000,Credit Card,49.0,Completed,Price worth it for the quality
TX_0000006884,CUST0836,2025-08-29,XA-899,27,185000,Bank Transfer,44.0,Completed,"Poor product, requesting refund"
TX_0000001202,CUST0149,2025-02-09,OM-674,34,100000,Credit Card,43.0,Completed,"Quality matches the price, decent enough"
TX_0000006814,CUST0826,2025-03-28,JH-096,33,297000,Cash,8.0,Completed,Price matches quality
TX_0000007584,CUST0922,2024-11-30,RB-700,2,278000,E-wallet,15.0,Completed,Doesn't meet expectations
TX_0000001537,CUST0193,2025-09-15,BU-297,12,243000,Bank Transfer,46.0,Completed,
TX_0000004152,CUST0503,2024-12-05,RC-490,28,294000,Debit Card,23.0,Completed,
TX_0000006847,CUST0831,2025-02-17,IC-694,17,471000,Debit Card,9.0,Completed,"Original item, fast shipping"
TX_0000000502,CUST0065,2024-11-25,ZY-402,11,201000,Bank Transfer,50.0,Completed,"Professional seller, highly recommended"
TX_0000002227,CUST0270,2025-09-06,GR-258,40,138000,E-wallet,13.0,Completed,"Defective item, please replace"
TX_0000003529,CUST0425,2025-02-09,TE-686,39,326000,Bank Transfer,45.0,Refunded,
TX_0000003425,CUST0414,2025-06-19,KD-495,29,297000,E-wallet,45.0,Completed,
TX_0000001540,CUST0194,2025-03-19,IQ-786,2,348000,Cash,3.0,Completed,Satisfying service
TX_0000007623,CUST0927,2025-08-24,HF-959,16,398000,Debit Card,,Completed,Slightly defective but still usable
TX_0000007345,CUST0891,2025-09-16,IT-129,9,182000,Cash,35.0,Cancelled,Friendly and professional service
TX_0000006138,CUST0742,2024-10-30,RS-377,35,407000,E-wallet,42.0,Refunded,
TX_0000007764,CUST0944,2024-10-06,TD-113,36,147000,E-wallet,44.0,Completed,
TX_0000007593,CUST0923,2025-03-16,NG-604,23,190000,Bank Transfer,30.0,Completed,
TX_0000000673,CUST0084,2025-07-18,PC-290,39,146000,Debit Card,38.0,Completed,
TX_0000006347,CUST0768,2025-06-14,WG-921,22,342000,E-wallet,20.0,Completed,Item arrived in perfect condition
TX_0000002517,CUST0309,2025-07-25,SY-786,4,188000,E-wallet,43.0,Completed,
TX_0000007152,CUST0868,2025-02-01,CZ-447,22,21000,Bank Transfer,27.0,Cancelled,
TX_0000007295,CUST0885,2024-10-25,UC-591,35,301000,Bank Transfer,26.0,Completed,
TX_0000004315,CUST0521,2025-02-17,RT-295,20,83000,E-wallet,36.0,Completed,Bit disappointing from the photo
TX_0000008168,CUST0996,2025-08-25,CD-469,39,267000,Debit Card,21.0,Completed,
TX_0000001465,CUST0185,2025-08-01,VO-670,23,245000,E-wallet,22.0,Completed,
TX_0000002926,CUST0359,2025-08-20,GW-197,38,388000,Cash,37.0,Refunded,"Honest seller, item as described"
TX_0000006432,CUST0778,2025-01-18,WS-959,40,219000,Bank Transfer,38.0,Completed,
TX_0000001193,CUST0148,2025-09-22,DD-380,40,373000,Credit Card,13.0,Completed,
TX_0000002599,CUST0317,2025-06-20,FR-062,17,2000,Bank Transfer,22.0,Completed,
TX_0000003048,CUST0372,2024-10-19,SQ-252,2,284000,E-wallet,37.0,Completed,
TX_0000002112,CUST0258,2025-06-12,VA-856,16,277000,Debit Card,39.0,Completed,
TX_0000004536,CUST0547,2025-07-07,WE-299,39,203000,E-wallet,20.0,Completed,"Poor product, requesting refund"
TX_0000007385,CUST0896,2025-08-09,HH-980,20,433000,E-wallet,45.0,Completed,
TX_0000001514,CUST0190,2025-05-17,KU-317,22,160000,Cash,42.0,Completed,
TX_0000000217,CUST0029,2025-02-18,UE-091,30,279000,Cash,37.0,Completed,
TX_0000006995,CUST0852,2024-12-28,GT-730,11,221000,Credit Card,1.0,Refunded,"Responsive seller, good problem solving"
TX_0000005563,CUST0675,2025-01-26,UO-352,31,134000,Debit Card,25.0,Refunded,
TX_0000000422,CUST0056,2025-08-11,TE-778,27,125000,Cash,6.0,Completed,Doesn't meet expectations
TX_0000000506,CUST0065,2025-09-04,ZQ-709,11,100000,Cash,25.0,Completed,
TX_0000005706,CUST0693,2024-10-09,UN-600,14,277000,Credit Card,3.0,Completed,
TX_0000002311,CUST0283,2025-07-04,MY-560,24,316000,Cash,34.0,Cancelled,"Quality product, attractive packaging"
TX_0000006132,CUST0741,2025-02-18,FE-391,23,310000,Debit Card,42.0,Completed,
TX_0000007632,CUST0928,2025-08-10,KX-977,36,493000,Bank Transfer,8.0,Completed,"Seller communicative, item is good"
TX_0000001583,CUST0197,2025-09-08,AK-625,25,315000,Debit Card,50.0,Completed,
TX_0000000507,CUST0065,2025-03-02,AH-906,18,60000,Debit Card,34.0,Completed,
TX_0000002274,CUST0278,2024-12-20,MM-461,40,169000,Credit Card,13.0,Completed,
TX_0000004393,CUST0529,2025-07-09,QD-718,26,300000,Bank Transfer,30.0,Completed,
TX_0000006513,CUST0786,2024-11-12,VV-026,27,439000,Credit Card,4.0,Completed,
TX_0000003766,CUST0451,2025-09-02,TL-047,7,71000,Credit Card,46.0,Completed,
TX_0000006581,CUST0795,2025-01-17,JO-845,36,269000,E-wallet,48.0,Completed,
TX_0000005305,CUST0643,2025-09-18,JI-782,24,220000,E-wallet,9.0,Completed,
TX_0000002376,CUST0291,2025-09-07,QT-099,29,269000,E-wallet,34.0,Completed,
TX_0000002930,CUST0359,2025-08-24,JI-038,19,159000,E-wallet,8.0,Completed,Doesn't meet expectations
TX_0000003784,CUST0453,2024-11-28,ZG-687,21,317000,Debit Card,46.0,Completed,Disappointed with item quality
TX_0000005197,CUST0628,2024-07-09,EW-589,17,277000,Cash,26.0,Completed,
TX_0000003413,CUST0412,2025-03-10,WT-446,8,329000,E-wallet,12.0,Completed,"Slow shipping, ordinary item"
TX_0000002543,CUST0312,2025-02-24,EJ-968,19,331000,Credit Card,26.0,Completed,
TX_0000005262,CUST0635,2025-09-06,RL-853,7,272000,Bank Transfer,3.0,Completed,"Item as ordered, safe packaging"
TX_0000002698,CUST0327,2024-10-14,RH-317,29,269000,Debit Card,33.0,Completed,
TX_0000000348,CUST0047,2025-03-21,QY-861,37,200000,Debit Card,5.0,Completed,
TX_0000007240,CUST0878,2024-08-07,ZP-750,36,362000,Credit Card,0.0,Pending,
TX_0000006875,CUST0835,2025-01-26,NQ-701,5,63000,Debit Card,9.0,Completed,
TX_0000000334,CUST0044,2025-01-11,DW-086,22,363000,Bank Transfer,15.0,Completed,
TX_0000007424,CUST0899,2024-10-27,YQ-518,22,212000,Debit Card,31.0,Completed,
TX_0000002305,CUST0282,2025-09-15,LJ-920,33,228000,E-wallet,33.0,Completed,
TX_0000007562,CUST0917,2024-11-07,LA-820,24,373000,Credit Card,22.0,Completed,
TX_0000007767,CUST0945,2025-09-10,BT-877,25,181000,Credit Card,8.0,Completed,Very satisfied with this purchase
TX_0000003081,CUST0376,2025-05-02,OJ-040,8,494000,Bank Transfer,1.0,Completed,"Product matches photo, good quality"
TX_0000007174,CUST0871,2025-07-13,BT-972,32,491000,Bank Transfer,43.0,Completed,"Good product, meets expectations"
TX_0000007130,CUST0865,2025-08-26,YH-631,5,467000,Credit Card,37.0,Pending,
TX_0000007683,CUST0934,2024-12-28,BM-160,20,265000,Credit Card,2.0,Completed,Response was slow but item is good
TX_0000003795,CUST0454,2025-03-06,MG-469,32,258000,Credit Card,,Completed,
TX_0000002665,CUST0323,2025-05-07,CN-189,37,123000,Bank Transfer,45.0,Completed,
TX_0000000747,CUST0093,2024-09-25,KB-927,34,146000,Cash,15.0,Completed,
TX_0000001564,CUST0196,2025-09-12,NH-894,4,75000,Bank Transfer,17.0,Completed,
TX_0000007900,CUST0960,2025-09-22,BT-276,35,206000,Cash,,Completed,
TX_0000006544,CUST0792,2024-11-21,WI-215,33,113000,Debit Card,19.0,Completed,
TX_0000003519,CUST0424,2025-08-14,RQ-479,19,370000,Bank Transfer,33.0,Completed,"Product not original, very disappointed"
TX_0000004848,CUST0583,2025-02-13,WD-631,22,256000,Credit Card,18.0,Completed,
TX_0000002025,CUST0248,2024-10-15,NS-590,11,83000,E-wallet,2.0,Completed,
TX_0000002570,CUST0315,2024-11-04,RX-691,29,477000,Bank Transfer,40.0,Completed,"Great product, will order again"
TX_0000002909,CUST0357,2025-01-28,LM-088,26,306000,Credit Card,30.0,Completed,Shipping delayed but item is good
TX_0000006958,CUST0845,2024-10-07,KE-102,24,107000,Credit Card,34.0,Completed,
TX_0000002440,CUST0299,2024-12-22,WZ-407,20,193000,Credit Card,9.0,Completed,
TX_0000005439,CUST0660,2025-01-09,JE-857,11,447000,E-wallet,39.0,Completed,"Item as ordered, safe packaging"
TX_0000004585,CUST0552,2024-11-11,WR-353,23,451000,Debit Card,26.0,Refunded,
TX_0000003341,CUST0405,2025-01-04,XK-447,26,170000,Debit Card,27.0,Completed,
TX_0000004167,CUST0505,2025-03-07,VC-549,18,466000,Debit Card,42.0,Completed,
TX_0000003045,CUST0372,2024-12-09,EG-731,16,255000,Credit Card,9.0,Completed,"Product matches photo, good quality"
TX_0000000260,CUST0033,2025-03-01,EB-694,18,335000,E-wallet,21.0,Completed,
TX_0000006947,CUST0844,2024-07-23,OM-007,33,240000,E-wallet,13.0,Completed,
TX_0000000381,CUST0051,2024-12-19,ZF-907,13,197000,Debit Card,0.0,Completed,
TX_0000004105,CUST0496,2025-08-23,KP-927,30,279000,Debit Card,26.0,Completed,
TX_0000002690,CUST0327,2024-12-12,HH-518,20,245000,E-wallet,47.0,Completed,"Quality product, attractive packaging"
TX_0000001913,CUST0233,2025-07-31,KS-328,38,345000,Credit Card,10.0,Pending,
TX_0000006471,CUST0782,2025-02-28,TG-055,20,183000,Cash,15.0,Completed,"Item arrived quickly, good condition"
TX_0000000600,CUST0074,2025-08-07,QR-229,20,438000,Bank Transfer,0.0,Completed,"Item matches picture, very satisfied"
TX_0000000046,CUST0006,2025-07-12,TJ-770,31,169000,Credit Card,18.0,Completed,
TX_0000001445,CUST0183,2025-06-29,YH-654,10,149000,Bank Transfer,34.0,Completed,Item arrived in perfect condition
TX_0000001653,CUST0206,2025-03-19,BE-202,21,435000,Credit Card,3.0,Completed,Shipping a bit slow but good item
TX_0000006626,CUST0801,2025-02-01,KC-225,38,1174000,Cash,21.0,Completed,
TX_0000001894,CUST0231,2025-07-26,FI-898,15,383000,Bank Transfer,8.0,Completed,"Good product, meets expectations"
TX_0000003056,CUST0373,2025-02-16,OP-719,11,460000,Cash,5.0,Completed,
TX_0000006567,CUST0795,2024-12-29,FJ-357,25,495000,Bank Transfer,5.0,Cancelled,
TX_0000007845,CUST0954,2024-11-13,PA-854,14,451000,E-wallet,42.0,Completed,
TX_0000004792,CUST0577,2025-02-05,VD-976,24,212000,Cash,20.0,Cancelled,
TX_0000001967,CUST0240,2025-03-11,AZ-320,37,299000,Credit Card,7.0,Completed,
TX_0000005922,CUST0715,2025-03-26,TR-184,19,212000,Credit Card,4.0,Completed,"Standard quality, reasonable price"
TX_0000002830,CUST0345,2025-06-30,DJ-561,8,126000,Cash,22.0,Completed,
TX_0000003297,CUST0399,2025-08-18,GK-127,28,274000,Cash,48.0,Completed,Quality below expectations
TX_0000001601,CUST0200,2025-01-12,PL-069,11,237000,Debit Card,0.0,Completed,
TX_0000005034,CUST0860,2025-09-18,FH-374,23,418000,Cash,29.0,Completed,"Product meets expectations, great"
TX_0000007805,CUST0949,2025-08-30,NC-530,21,224000,E-wallet,24.0,Completed,
TX_0000006357,CUST0769,2025-06-11,GZ-185,29,362000,Bank Transfer,36.0,Refunded,"Fast shipping, neat packaging"
TX_0000005153,CUST0623,2024-12-12,BR-103,40,455000,Bank Transfer,50.0,Completed,
TX_0000003027,CUST0370,2025-01-20,YM-274,23,232000,Cash,18.0,Completed,
TX_0000005235,CUST0632,2025-06-20,IH-859,21,435000,Bank Transfer,9.0,Completed,
TX_0000000427,CUST0057,2025-05-28,YE-966,14,307000,Cash,13.0,Completed,
TX_0000000411,CUST0054,2025-05-05,JJ-991,40,174000,Credit Card,1.0,Completed,Doesn't match my expectations
TX_0000006853,CUST0832,2025-03-07,GJ-535,23,221000,Debit Card,28.0,Completed,A bit expensive but satisfied with result
TX_0000002580,CUST0315,2025-04-18,MZ-750,33,148000,E-wallet,16.0,Completed,
TX_0000002969,CUST0364,2025-07-26,XL-604,25,369000,Cash,42.0,Completed,
TX_0000003017,CUST0369,2025-01-03,CU-428,18,196000,E-wallet,1.0,Completed,Fast response from seller
TX_0000002843,CUST0347,2025-03-20,YF-985,19,348000,Debit Card,27.0,Refunded,"Good item, express shipping"
TX_0000000211,CUST0026,2025-01-17,HC-261,40,286000,Bank Transfer,13.0,Completed,
TX_0000005141,CUST0621,2024-12-01,YW-484,25,146000,E-wallet,31.0,Completed,
TX_0000005503,CUST0667,2025-01-25,GD-769,16,260000,E-wallet,34.0,Completed,
TX_0000007133,CUST0866,2025-03-20,GO-793,8,361000,Debit Card,15.0,Completed,"Amazing product, highly recommended"
TX_0000008195,CUST0999,2025-02-06,CN-233,8,40000,Cash,3.0,Completed,
TX_0000001050,CUST0128,2025-01-28,MU-820,30,81000,Debit Card,3.0,Completed,Satisfying service
TX_0000003188,CUST0387,2024-10-31,EU-017,13,230000,Cash,31.0,Completed,"Quality product, satisfying service"
TX_0000006815,CUST0826,2024-12-09,CU-914,19,271000,Credit Card,36.0,Completed,Standard quality for the price
TX_0000003019,CUST0369,2025-02-09,YD-260,16,224000,Cash,5.0,Completed,
TX_0000001973,CUST0241,2024-10-01,OG-874,14,33000,Debit Card,29.0,Completed,
TX_0000001500,CUST0189,2025-09-24,WF-703,21,489000,E-wallet,34.0,Completed,Slightly disappointed with the finishing
TX_0000001110,CUST0136,2025-02-03,MR-400,38,182000,Debit Card,37.0,Completed,5 stars for this product
TX_0000005437,CUST0660,2025-05-26,YK-792,21,416000,Debit Card,49.0,Completed,"Original item, fast shipping"
TX_0000000653,CUST0081,2024-11-14,XE-465,19,329000,Cash,20.0,Completed,
TX_0000005326,CUST0648,2025-06-05,IC-722,20,109000,Cash,48.0,Completed,
TX_0000006961,CUST0845,2024-12-09,NM-580,21,378000,Debit Card,41.0,Completed,
TX_0000001796,CUST0220,2025-03-21,NR-339,29,260000,E-wallet,29.0,Completed,Very satisfied with this purchase
TX_0000001703,CUST0210,2023-12-05,MN-483,27,1698000,Bank Transfer,47.0,Completed,
TX_0000007031,CUST0855,2025-03-08,EQ-579,4,171000,Cash,28.0,Cancelled,"Responsive seller, good problem solving"
TX_0000004706,CUST0565,2025-05-05,HD-698,25,294000,Debit Card,10.0,Completed,
TX_0000001499,CUST0189,2024-10-04,MM-140,16,401000,Bank Transfer,45.0,Completed,"Quality product, satisfying service"
TX_0000004339,CUST0523,2025-09-14,LH-754,38,338000,Bank Transfer,42.0,Completed,"Item damaged upon arrival, disappointed"
TX_0000006224,CUST0753,2025-06-30,EY-112,17,197000,Bank Transfer,7.0,Completed,
TX_0000006530,CUST0789,2024-12-12,SU-602,7,480000,E-wallet,,Completed,Very slow shipping
TX_0000005403,CUST0656,2025-08-31,ZH-561,28,283000,Cash,18.0,Completed,
TX_0000002629,CUST0320,2025-01-27,GJ-754,18,440000,Credit Card,8.0,Completed,
TX_0000000706,CUST0087,2025-09-12,LM-718,14,105000,Cash,18.0,Cancelled,
TX_0000001873,CUST0229,2024-10-20,KV-844,16,409000,E-wallet,4.0,Completed,Slightly defective but still usable
TX_0000005788,CUST0699,2025-03-09,EC-424,20,468000,Credit Card,30.0,Completed,
TX_0000003012,CUST0368,2024-12-30,VW-254,34,397000,E-wallet,42.0,Completed,"Competitive price, decent quality"
TX_0000005910,CUST0714,2025-09-17,HB-933,38,458000,Credit Card,8.0,Completed,
TX_0000004020,CUST0483,2025-08-31,PE-163,21,485000,Bank Transfer,21.0,Completed,
TX_0000004998,CUST0605,2024-10-30,WF-457,35,189000,Credit Card,42.0,Completed,Responsive and helpful seller
TX_0000004377,CUST0528,2025-03-24,MN-152,26,162000,Credit Card,11.0,Completed,Item arrived in perfect condition
TX_0000006292,CUST0762,2025-04-08,AN-513,14,444000,E-wallet,34.0,Completed,
TX_0000000566,CUST0072,2025-01-30,YF-531,2,6000,Bank Transfer,49.0,Completed,
TX_0000004839,CUST0583,2024-10-19,FX-845,30,487000,Bank Transfer,31.0,Completed,
TX_0000003200,CUST0388,2025-07-11,YV-163,27,487000,E-wallet,,Cancelled,
TX_0000005313,CUST0644,2024-10-11,HS-952,28,412000,Cash,16.0,Completed,
TX_0000000641,CUST0080,2025-08-12,KU-537,10,398000,Bank Transfer,27.0,Cancelled,
TX_0000006119,CUST0739,2025-06-02,SH-179,30,258000,Credit Card,32.0,Completed,
TX_0000007143,CUST0867,2025-04-08,VW-099,31,288000,Credit Card,20.0,Pending,
TX_0000003102,CUST0379,2025-07-02,ZR-184,36,276000,Bank Transfer,0.0,Completed,
TX_0000005072,CUST0612,2025-02-16,JQ-390,24,38000,Credit Card,1.0,Completed,A bit expensive but worth the quality
TX_0000001965,CUST0239,2024-12-18,AE-464,17,156000,E-wallet,35.0,Completed,"Quality is okay, affordable price"
TX_0000005431,CUST0659,2025-02-23,WL-984,40,380000,Bank Transfer,23.0,Completed,
TX_0000005050,CUST0609,2024-10-14,KI-155,5,412000,Debit Card,31.0,Completed,"Item arrived quickly, good condition"
TX_0000000326,CUST0043,2025-01-16,UB-093,24,428000,Cash,27.0,Completed,
TX_0000006371,CUST0770,2025-03-08,XO-828,20,227000,Bank Transfer,47.0,Completed,Shipping a bit slow but good item
TX_0000002885,CUST0354,2024-11-30,DD-604,17,14000,Credit Card,16.0,Completed,"Professional seller, highly recommended"
TX_0000002482,CUST0305,2025-08-13,IT-970,37,168000,Credit Card,25.0,Completed,Expensive price but worth it
TX_0000005426,CUST0658,2025-07-18,CL-299,13,398000,E-wallet,48.0,Completed,Quality below expectations
TX_0000004678,CUST0561,2024-11-27,QJ-968,25,333000,Cash,36.0,Completed,
TX_0000004483,CUST0541,2025-06-22,AZ-220,38,497000,E-wallet,50.0,Completed,"Product meets expectations, will buy again"
TX_0000007692,CUST0934,2024-12-04,WO-685,24,481000,E-wallet,17.0,Completed,Bit disappointing from the photo
TX_0000002681,CUST0326,2024-11-13,AJ-018,35,228000,Bank Transfer,43.0,Completed,Quality below expectations
TX_0000002524,CUST0310,2025-03-15,CP-405,16,59000,Cash,26.0,Completed,
TX_0000000865,CUST0108,2025-01-09,ZF-608,31,472000,Credit Card,18.0,Completed,
TX_0000006079,CUST0734,2025-02-08,SI-913,20,900,E-wallet,23.0,Pending,
TX_0000007072,CUST0858,2025-03-13,NX-194,21,451000,Debit Card,35.0,Completed,Friendly and professional service
TX_0000005511,CUST0668,2024-11-18,DJ-340,38,211000,Bank Transfer,0.0,Completed,
TX_0000005364,CUST0652,2025-01-04,ZV-463,24,385000,Debit Card,,Completed,
TX_0000000372,CUST0050,2025-05-13,RP-138,39,126000,Cash,41.0,Completed,
TX_0000006523,CUST0788,2025-02-12,GC-446,9,412000,Debit Card,37.0,Cancelled,"Thick bubble wrap packaging, safe"
TX_0000004120,CUST0498,2025-09-22,AO-110,24,218000,Bank Transfer,13.0,Completed,
TX_0000006475,CUST0783,2025-08-28,IC-385,24,494000,Debit Card,48.0,Cancelled,
TX_0000003718,CUST0445,2024-03-21,IW-401,16,125000,E-wallet,0.0,Pending,
TX_0000005808,CUST0701,2025-06-22,XU-392,31,288000,Credit Card,,Cancelled,A bit disappointing for this price
TX_0000007876,CUST0958,2025-08-07,OL-169,37,191000,Cash,22.0,Completed,Very satisfied with this purchase
TX_0000007863,CUST0957,2024-12-05,WK-593,15,297000,Debit Card,32.0,Cancelled,
TX_0000001361,CUST0168,2025-05-30,XT-296,34,306000,Credit Card,6.0,Completed,
TX_0000000912,CUST0114,2024-10-16,TB-603,34,307000,Cash,13.0,Completed,"Premium quality, very satisfied"
TX_0000002514,CUST0309,2025-09-12,YQ-052,24,456000,E-wallet,38.0,Completed,
TX_0000004406,CUST0532,2024-12-28,IY-290,1,490000,Cash,14.0,Completed,"Safe packaging, not damaged"
TX_0000003108,CUST0380,2024-01-22,SA-857,11,456000,Credit Card,13.0,Completed,Price worth it for the quality
TX_0000007991,CUST0970,2024-10-10,BG-647,25,138000,Debit Card,49.0,Completed,"Quality product, satisfying service"
TX_0000000965,CUST0120,2025-09-03,QP-485,38,479000,E-wallet,21.0,Completed,Original and quality item
TX_0000001424,CUST0181,2025-02-26,XV-808,12,162000,Debit Card,6.0,Completed,Standard quality for the price
TX_0000000123,CUST0015,2025-01-11,FG-678,16,420000,E-wallet,47.0,Completed,
TX_0000000480,CUST0063,2025-05-22,VO-716,17,201000,E-wallet,5.0,Completed,Responsive and helpful seller
TX_0000000663,CUST0083,2024-10-20,HO-794,29,303000,Debit Card,10.0,Cancelled,Won't buy here again
TX_0000002230,CUST0272,2025-09-08,ZG-279,15,153000,Bank Transfer,40.0,Completed,"Good product, meets expectations"
TX_0000004450,CUST0539,2024-12-26,CQ-515,19,428000,E-wallet,40.0,Completed,
TX_0000005346,CUST0649,2024-11-23,CN-032,33,212000,Credit Card,21.0,Completed,"Safe shipping, nothing damaged"
TX_0000002692,CUST0327,2024-11-13,VE-503,37,795000,Debit Card,35.0,Completed,"Competitive price, decent quality"
TX_0000000440,CUST0058,2025-01-17,RW-622,25,396000,Cash,46.0,Completed,Poor quality for this price
TX_0000001380,CUST0172,2024-12-04,DP-817,15,38000,Debit Card,31.0,Completed,
TX_0000001444,CUST0183,2024-10-02,LY-516,18,75000,Debit Card,6.0,Completed,
TX_0000004490,CUST0542,2025-02-17,UI-257,35,322000,Credit Card,37.0,Completed,
TX_0000002922,CUST0359,2025-09-07,PM-751,16,454000,Cash,1.0,Completed,
TX_0000001478,CUST0187,2025-07-11,IO-761,2,417000,Cash,29.0,Cancelled,
TX_0000006909,CUST0838,2025-05-15,SY-991,16,408000,Debit Card,8.0,Completed,Quality below expectations
TX_0000001174,CUST0144,2025-03-14,LM-734,20,462000,Debit Card,19.0,Completed,
TX_0000004646,CUST0558,2025-09-23,FU-787,8,64000,Credit Card,48.0,Completed,
TX_0000003995,CUST0478,2025-09-24,VF-068,7,341000,Debit Card,37.0,Completed,
TX_0000005494,CUST0666,2025-03-23,RL-035,28,162000,Cash,24.0,Completed,"Original item, fast shipping"
TX_0000004296,CUST0519,2024-10-12,TO-829,13,119000,E-wallet,19.0,Refunded,Standard quality for the price
TX_0000008013,CUST0974,2025-01-02,OS-625,29,367000,Credit Card,34.0,Completed,
TX_0000000280,CUST0035,2025-03-03,BI-851,22,181000,E-wallet,16.0,Completed,
TX_0000007186,CUST0872,2025-01-21,EO-421,16,275000,Cash,43.0,Completed,
TX_0000004547,CUST0548,2024-12-30,JG-053,31,424000,Bank Transfer,19.0,Completed,Good product for this price range
TX_0000004740,CUST0569,2025-09-24,GW-275,34,449000,Bank Transfer,32.0,Completed,"Item arrived quickly, good condition"
TX_0000001102,CUST0135,2025-09-20,FA-649,20,453000,Bank Transfer,32.0,Completed,
TX_0000007668,CUST0933,2024-11-14,CB-919,7,167000,Bank Transfer,38.0,Completed,
TX_0000001695,CUST0210,2024-12-05,YS-841,20,444000,Debit Card,15.0,Completed,
TX_0000007208,CUST0874,2025-09-05,KL-315,39,320000,Cash,29.0,Cancelled,
TX_0000004267,CUST0516,2025-01-27,JA-687,16,220000,E-wallet,2.0,Completed,
TX_0000005005,CUST0605,2025-03-22,KD-565,22,493000,Debit Card,29.0,Completed,Item arrived safely
TX_0000006441,CUST0779,2025-09-08,YS-371,12,111000,Bank Transfer,2.0,Completed,
TX_0000004833,CUST0582,2024-12-28,DC-380,40,101000,Cash,9.0,Completed,
TX_0000000578,CUST0072,2025-09-16,LX-751,6,432000,E-wallet,45.0,Completed,5 stars for this product
TX_0000000060,CUST0008,2025-07-20,FD-940,23,472000,Cash,,Completed,
TX_0000000788,CUST0099,2025-04-22,WR-555,31,169000,Bank Transfer,1.0,Completed,
TX_0000006819,CUST0827,2025-02-09,PT-965,36,467000,Debit Card,33.0,Completed,
TX_0000002253,CUST0275,2024-10-11,TY-656,28,141000,E-wallet,19.0,Completed,
TX_0000005240,CUST0633,2025-03-07,FI-728,37,105000,Debit Card,23.0,Completed,
TX_0000004415,CUST0534,2025-02-05,AD-428,20,234000,E-wallet,14.0,Completed,
TX_0000003468,CUST0419,2025-03-23,YW-472,39,191000,Cash,30.0,Completed,"Great product, will order again"
TX_0000004935,CUST0596,2025-02-25,EA-822,16,349000,E-wallet,9.0,Completed,
TX_0000003899,CUST0466,2025-03-12,MA-376,23,157000,Debit Card,34.0,Cancelled,Quality below expectations
TX_0000002339,CUST0287,2025-07-24,HM-436,18,375000,Debit Card,27.0,Completed,
TX_0000003850,CUST0459,2025-05-08,SQ-531,22,463000,Debit Card,30.0,Cancelled,"100% original item, recommended"
TX_0000007951,CUST0966,2024-12-01,JQ-499,18,469000,Credit Card,40.0,Completed,Product doesn't match picture
TX_0000007665,CUST0932,2025-03-14,SD-768,13,242000,E-wallet,41.0,Completed,Product doesn't match picture
TX_0000007588,CUST0923,2024-10-10,YM-113,34,387000,Credit Card,42.0,Completed,A bit expensive but worth the quality
TX_0000006953,CUST0844,2025-08-31,GQ-253,29,254000,Credit Card,2.0,Completed,
TX_0000000185,CUST0022,2025-07-31,VZ-026,23,77000,Bank Transfer,32.0,Completed,Quality below expectations
TX_0000003066,CUST0374,2024-12-14,AB-312,23,228000,E-wallet,49.0,Completed,"Product meets expectations, will buy again"
TX_0000003699,CUST0442,2024-10-31,TU-939,4,444000,Bank Transfer,25.0,Completed,"Quality item, packaging OK"
TX_0000000421,CUST0056,2025-07-24,YX-057,21,187000,Debit Card,38.0,Refunded,
TX_0000000554,CUST0679,2025-09-22,IH-513,24,206000,Bank Transfer,33.0,Completed,"Competitive price, decent quality"
TX_0000001398,CUST0176,2025-09-04,LL-818,33,201000,Credit Card,23.0,Completed,
TX_0000007333,CUST0889,2024-11-11,TT-885,15,383000,Credit Card,34.0,Completed,"Seller communicative, item is good"
TX_0000002523,CUST0310,2025-02-07,SV-038,7,5000,Debit Card,6.0,Completed,
TX_0000006500,CUST0785,2025-09-21,GQ-702,36,281000,Cash,2.0,Completed,
TX_0000001761,CUST0216,2025-01-14,OY-718,19,77000,Debit Card,15.0,Completed,"100% original item, recommended"
TX_0000005748,CUST0627,2025-01-17,JC-411,26,160000,Credit Card,39.0,Completed,"Thick bubble wrap packaging, safe"
TX_0000000298,CUST0039,2025-05-30,NH-101,14,358000,E-wallet,24.0,Completed,
TX_0000000444,CUST0058,2024-10-24,MX-191,21,344000,Debit Card,30.0,Completed,
TX_0000004603,CUST0553,2024-10-01,TE-185,19,217000,Credit Card,23.0,Completed,
TX_0000001120,CUST0137,2024-10-27,JX-023,23,340000,Cash,9.0,Completed,
TX_0000002803,CUST0342,2025-08-26,IQ-775,40,424000,E-wallet,2.0,Completed,
TX_0000002581,CUST0316,2024-12-22,SI-258,17,1400,E-wallet,25.0,Completed,Product matches description
TX_0000001922,CUST0234,2025-03-14,VQ-161,26,219000,Bank Transfer,36.0,Completed,Original and quality item
TX_0000000656,CUST0082,2025-02-24,XL-306,36,387000,E-wallet,16.0,Completed,
TX_0000002317,CUST0284,2025-08-19,YR-280,13,474000,Credit Card,18.0,Completed,"Quality item, packaging OK"
TX_0000005672,CUST0689,2024-12-08,IO-770,17,447000,Bank Transfer,19.0,Completed,Poor quality for this price
TX_0000004093,CUST0495,2024-11-28,GA-357,1,254000,E-wallet,5.0,Cancelled,
TX_0000006987,CUST0850,2024-12-26,PZ-678,13,25000,Bank Transfer,0.0,Completed,"Cheap price, decent quality"
TX_0000006358,CUST0770,2025-01-20,IT-365,22,463000,Debit Card,38.0,Completed,
TX_0000002437,CUST0299,2024-10-03,UB-619,25,116000,E-wallet,50.0,Completed,
TX_0000006571,CUST0795,2025-07-12,ND-952,6,86000,Debit Card,36.0,Pending,Price worth it for the quality
TX_0000002261,CUST0277,2024-08-14,BQ-970,24,228000,Credit Card,16.0,Completed,
TX_0000000559,CUST0679,2025-09-20,XF-803,13,260000,E-wallet,8.0,Completed,
TX_0000006899,CUST0838,2024-10-20,ZA-963,2,289000,Debit Card,24.0,Completed,Doesn't meet expectations
TX_0000001372,CUST0171,2025-01-13,DM-066,18,335000,Credit Card,34.0,Completed,
TX_0000000908,CUST0114,2025-02-19,UY-609,19,122000,Debit Card,40.0,Completed,"Item arrived quickly, good condition"
TX_0000003950,CUST0473,2025-03-09,DK-744,37,384000,E-wallet,16.0,Completed,
TX_0000001434,CUST0181,2025-02-19,WW-826,25,364000,E-wallet,23.0,Completed,
TX_0000006532,CUST0790,2025-01-26,AO-639,20,289000,Debit Card,8.0,Pending,"Premium quality, very satisfied"
TX_0000004523,CUST0546,2025-09-07,FT-242,17,465000,Bank Transfer,1.0,Completed,
TX_0000003218,CUST0390,2025-09-05,AL-592,9,213000,E-wallet,44.0,Completed,
TX_0000006117,CUST0739,2025-02-20,NF-590,31,421000,Cash,16.0,Completed,Response was slow but item is good
TX_0000006773,CUST0822,2025-01-07,YV-552,17,336000,Credit Card,47.0,Completed,Price matches quality
TX_0000000927,CUST0117,2025-01-28,PK-597,24,499000,Credit Card,2.0,Refunded,
TX_0000003351,CUST0406,2025-05-06,HC-925,4,334000,Credit Card,,Completed,
TX_0000000016,CUST0003,2025-01-31,XY-271,22,206000,Credit Card,22.0,Completed,
TX_0000007497,CUST0908,2025-01-04,HN-001,35,410000,Credit Card,29.0,Completed,
TX_0000006141,CUST0743,2025-02-22,LK-358,17,17000,Credit Card,2.0,Completed,"Defective item, please replace"
TX_0000004411,CUST0533,2024-11-22,AM-518,3,192000,Cash,21.0,Completed,"Friendly seller, item as ordered"
TX_0000005849,CUST0706,2025-01-12,FE-795,32,130000,E-wallet,28.0,Pending,
TX_0000001162,CUST0143,2025-04-26,XJ-228,35,124000,E-wallet,28.0,Completed,
TX_0000003510,CUST0424,2025-08-27,TB-690,33,360000,Credit Card,24.0,Completed,
TX_0000005516,CUST0668,2025-03-01,OS-179,35,417000,Credit Card,26.0,Completed,Good product for this price range
TX_0000003004,CUST0368,2025-03-03,IK-372,35,383000,Credit Card,5.0,Completed,Friendly and professional service
TX_0000004349,CUST0523,2025-09-05,FU-883,30,317000,E-wallet,14.0,Completed,"Responsive seller, good problem solving"
TX_0000007204,CUST0874,2025-04-19,NZ-962,35,252000,E-wallet,14.0,Completed,
TX_0000002273,CUST0278,2025-02-28,MM-597,18,393000,Bank Transfer,,Cancelled,
TX_0000001363,CUST0169,2024-04-14,VE-444,29,150000,Cash,3.0,Completed,
TX_0000001213,CUST0152,2025-01-16,MU-634,22,293000,Credit Card,27.0,Completed,
TX_0000001877,CUST0229,2025-04-17,ZO-328,2,267000,Credit Card,30.0,Completed,"100% original item, recommended"
TX_0000002532,CUST0311,2024-11-18,AH-573,40,475000,E-wallet,28.0,Completed,
TX_0000003183,CUST0387,2024-11-07,RU-333,6,280000,E-wallet,4.0,Completed,
TX_0000007081,CUST0859,2024-11-02,PI-860,32,203000,Credit Card,47.0,Completed,Original and quality item
TX_0000003214,CUST0390,2025-03-16,AL-964,5,479000,Debit Card,18.0,Completed,
TX_0000001171,CUST0144,2025-04-19,ZD-205,18,471000,Debit Card,,Completed,Item arrived in perfect condition
TX_0000000580,CUST0072,2024-11-19,NX-352,3,463000,E-wallet,50.0,Completed,Price worth it for the quality
TX_0000002183,CUST0267,2024-12-05,CM-200,34,362000,Credit Card,19.0,Pending,"Premium quality, very satisfied"
TX_0000002846,CUST0347,2024-12-25,FY-596,20,220000,E-wallet,12.0,Completed,Poor quality for this price
TX_0000002313,CUST0283,2025-06-16,MB-260,24,345000,Cash,40.0,Completed,
TX_0000001834,CUST0225,2025-07-26,DD-981,14,275000,Credit Card,36.0,Completed,
TX_0000003771,CUST0452,2025-02-01,LD-261,21,86000,E-wallet,46.0,Completed,Bit disappointing from the photo
TX_0000001860,CUST0228,2025-03-07,VQ-448,26,241000,Cash,15.0,Completed,Shipping delayed but item is good
TX_0000002651,CUST0322,2024-11-03,HU-377,23,350000,Credit Card,5.0,Completed,Won't buy here again
TX_0000003540,CUST0427,2025-01-19,GQ-166,5,263000,Cash,37.0,Completed,Price matches quality
TX_0000007119,CUST0864,2024-09-04,GL-739,11,485000,Bank Transfer,3.0,Completed,High quality product
TX_0000007467,CUST0905,2024-12-28,QX-061,32,93000,E-wallet,46.0,Completed,Quality below expectations
TX_0000005625,CUST0683,2025-05-18,VZ-887,17,480000,Bank Transfer,11.0,Refunded,Original and quality item
TX_0000000388,CUST0052,2025-09-24,RC-676,7,57000,Debit Card,9.0,Cancelled,"Quality item, packaging OK"
TX_0000005243,CUST0633,2024-11-03,HY-744,9,169000,Cash,19.0,Completed,"Original item, fast shipping"
TX_0000001033,CUST0127,2025-09-15,RI-405,35,446000,Debit Card,43.0,Completed,"100% original item, recommended"
TX_0000006194,CUST0749,2024-10-04,KD-269,39,127000,Bank Transfer,35.0,Completed,
TX_0000007067,CUST0858,2024-12-19,PY-389,35,272000,E-wallet,20.0,Cancelled,
TX_0000007977,CUST0969,2025-09-20,EI-159,16,1659000,Credit Card,35.0,Cancelled,
TX_0000004639,CUST0557,2025-02-21,JB-593,30,362000,Cash,9.0,Completed,"Good product, meets expectations"
TX_0000006341,CUST0768,2025-07-23,KX-412,23,330000,Cash,23.0,Cancelled,
TX_0000000932,CUST0118,2025-09-18,UJ-491,31,110000,Cash,33.0,Completed,
TX_0000004253,CUST0515,2025-07-26,QS-333,23,139000,Credit Card,47.0,Completed,
TX_0000000692,CUST0086,2025-07-12,ST-129,33,397000,Cash,49.0,Completed,"Quality matches the price, decent enough"
TX_0000001892,CUST0231,2025-02-12,DM-330,18,397000,Cash,36.0,Cancelled,A bit expensive but worth the quality
TX_0000002269,CUST0278,2024-07-28,MZ-142,20,304000,Debit Card,31.0,Completed,
TX_0000003937,CUST0469,2025-01-29,FE-248,36,151000,Bank Transfer,41.0,Completed,
TX_0000003300,CUST0399,2025-08-16,CE-028,16,471000,E-wallet,11.0,Completed,
TX_0000006519,CUST0787,2024-11-26,VZ-640,4,42000,E-wallet,29.0,Refunded,"Amazing product, exceeds expectations"
TX_0000006430,CUST0778,2025-07-16,UD-706,34,189000,Bank Transfer,43.0,Completed,"Fast shipping, neat packaging"
TX_0000006929,CUST0842,2024-09-17,PT-410,8,309000,Bank Transfer,50.0,Completed,Product matches description
TX_0000000045,CUST0006,2025-06-16,QF-306,21,297000,Credit Card,9.0,Completed,
TX_0000003762,CUST0451,2025-08-18,GX-819,24,302000,Bank Transfer,47.0,Completed,"Product meets expectations, will buy again"
TX_0000003556,CUST0429,2024-10-26,VM-772,30,139000,Debit Card,12.0,Completed,"Responsive seller, good problem solving"
TX_0000007232,CUST0876,2025-06-10,HK-109,34,387000,Debit Card,27.0,Completed,
TX_0000006260,CUST0759,2025-09-15,BE-756,29,360000,Credit Card,34.0,Completed,Won't buy here again
TX_0000005557,CUST0674,2025-02-23,AI-691,26,377000,Bank Transfer,8.0,Completed,
TX_0000005330,CUST0648,2025-08-01,PW-213,19,384000,E-wallet,12.0,Completed,
TX_0000001684,CUST0209,2025-09-24,EO-730,2,160000,Credit Card,5.0,Completed,
TX_0000006127,CUST0740,2025-09-10,FF-287,18,263000,E-wallet,31.0,Completed,"Honest seller, item as described"
TX_0000003127,CUST0381,2024-12-16,KV-155,40,255000,Cash,47.0,Pending,"Fast shipping, neat packaging"
TX_0000007052,CUST0857,2025-04-04,AT-877,32,215000,Credit Card,46.0,Completed,
TX_0000000064,CUST0009,2024-10-07,WR-147,8,188000,Credit Card,48.0,Completed,High quality product
TX_0000005874,CUST0709,2024-10-06,TK-096,34,331000,Bank Transfer,24.0,Completed,High quality product
TX_0000004205,CUST0509,2025-06-25,IZ-954,30,484000,E-wallet,9.0,Completed,
TX_0000005122,CUST0619,2025-02-22,YB-778,17,337000,Bank Transfer,10.0,Completed,Price matches quality
TX_0000000228,CUST0030,2024-12-06,TZ-684,33,465000,Debit Card,29.0,Completed,"Thick bubble wrap packaging, safe"
TX_0000005814,CUST0702,2024-11-28,UP-035,28,340000,Credit Card,44.0,Completed,"Packaging not neat, but item is okay"
TX_0000005142,CUST0621,2024-08-10,EG-478,17,446000,E-wallet,5.0,Completed,
TX_0000005220,CUST0630,2024-09-29,YN-442,29,372000,Cash,21.0,Completed,
TX_0000004443,CUST0537,2025-06-09,CO-402,20,339000,Credit Card,24.0,Completed,
TX_0000000970,CUST0121,2024-11-01,EJ-245,28,297000,Debit Card,13.0,Completed,
TX_0000001806,CUST0221,2025-07-14,AQ-548,16,111000,Credit Card,23.0,Completed,
TX_0000002997,CUST0367,2025-06-10,PQ-301,22,388000,Cash,22.0,Completed,
TX_0000006730,CUST0816,2025-01-11,OP-694,30,273000,Debit Card,8.0,Completed,A bit expensive but worth the quality
TX_0000004356,CUST0524,2024-11-26,LZ-537,31,371000,Debit Card,27.0,Completed,Recommended seller
TX_0000005828,CUST0703,2025-03-05,NY-630,15,438000,Bank Transfer,,Completed,"Poor product, requesting refund"
TX_0000005401,CUST0656,2025-08-28,LS-046,32,330000,Cash,47.0,Completed,High quality product
TX_0000003479,CUST0421,2024-10-27,PU-514,25,296000,Credit Card,32.0,Completed,
TX_0000001861,CUST0228,2024-10-29,MB-286,26,224000,Bank Transfer,47.0,Completed,
TX_0000004142,CUST0502,2024-11-12,MB-668,21,434000,Debit Card,25.0,Completed,
TX_0000005260,CUST0635,2025-06-12,DK-822,2,490000,E-wallet,39.0,Completed,
TX_0000006319,CUST0766,2025-09-12,WO-237,17,82000,E-wallet,30.0,Completed,
TX_0000003222,CUST0390,2025-02-08,XR-813,16,404000,Cash,29.0,Cancelled,
TX_0000000253,CUST0032,2025-05-08,UE-741,38,161000,Credit Card,43.0,Completed,
TX_0000007288,CUST0884,2025-02-15,GF-523,24,105000,Bank Transfer,22.0,Completed,
TX_0000005323,CUST0646,2025-02-16,DX-798,16,146000,Debit Card,27.0,Refunded,
TX_0000001790,CUST0220,2025-01-28,SE-394,22,460000,Cash,7.0,Completed,"Quality item, packaging OK"
TX_0000005227,CUST0630,2025-03-06,LG-279,40,1679000,Bank Transfer,30.0,Refunded,
TX_0000002060,CUST0253,2025-02-07,SH-860,20,385000,E-wallet,,Completed,
TX_0000005256,CUST0634,2024-04-08,CB-963,18,433000,E-wallet,23.0,Pending,
TX_0000004630,CUST0556,2024-12-03,JV-026,24,163000,Credit Card,11.0,Completed,
TX_0000004898,CUST0590,2025-01-12,UF-660,23,219000,E-wallet,22.0,Completed,A bit overpriced in my opinion
TX_0000001903,CUST0232,2025-01-20,DU-898,34,464000,Bank Transfer,13.0,Cancelled,Premium quality at affordable price
TX_0000002120,CUST0259,2024-10-27,PV-850,23,403000,Debit Card,41.0,Completed,
TX_0000006055,CUST0731,2024-10-29,EI-441,19,5000,Debit Card,8.0,Completed,Bit overpriced but quality is okay
TX_0000005215,CUST0629,2025-03-07,XT-599,22,137000,E-wallet,29.0,Completed,
TX_0000002813,CUST0342,2025-08-20,TI-131,23,415000,Debit Card,42.0,Refunded,"Safe shipping, nothing damaged"
TX_0000003440,CUST0416,2025-09-21,YJ-671,17,177000,Bank Transfer,6.0,Completed,
TX_0000007559,CUST0916,2025-06-12,IH-182,6,279000,E-wallet,49.0,Completed,
TX_0000004680,CUST0561,2025-03-19,GL-633,7,146000,E-wallet,0.0,Completed,Poor quality for this price
TX_0000000076,CUST0011,2025-02-04,OX-074,23,228000,Debit Card,,Completed,
TX_0000002346,CUST0287,2025-05-26,RO-253,3,402000,E-wallet,31.0,Completed,
TX_0000002352,CUST0288,2024-12-07,ME-692,20,161000,Cash,1.0,Completed,
TX_0000006676,CUST0808,2025-09-03,YU-917,35,180000,Bank Transfer,2.0,Completed,
TX_0000000431,CUST0057,2024-11-21,YR-437,40,863000,E-wallet,4.0,Completed,
TX_0000007809,CUST0950,2025-07-31,NA-128,39,433000,Bank Transfer,18.0,Completed,"Safe shipping, nothing damaged"
TX_0000008008,CUST0973,2025-02-28,SC-063,31,223000,Cash,18.0,Completed,"Quality matches the price, decent enough"
TX_0000006275,CUST0760,2025-02-07,CJ-122,39,362000,E-wallet,4.0,Completed,
TX_0000003622,CUST0434,2024-12-11,HH-934,31,184000,E-wallet,19.0,Completed,
TX_0000002848,CUST0348,2025-05-16,EL-377,13,399000,Debit Card,16.0,Completed,
TX_0000002474,CUST0303,2024-10-29,CL-940,19,125000,Debit Card,45.0,Completed,Item arrived faster than expected
TX_0000006521,CUST0787,2025-01-14,GE-886,10,800,Credit Card,1.0,Refunded,
TX_0000007221,CUST0875,2024-10-17,LM-116,22,463000,Cash,43.0,Completed,A bit expensive but worth the quality
TX_0000002407,CUST0293,2025-07-21,TL-774,28,256000,Credit Card,25.0,Completed,
TX_0000007975,CUST0969,2025-09-23,UH-135,16,489000,Bank Transfer,,Pending,
TX_0000000241,CUST0031,2025-06-30,WT-951,12,472000,Bank Transfer,43.0,Cancelled,Original and quality item
TX_0000000784,CUST0097,2025-05-18,AQ-703,10,439000,Credit Card,3.0,Completed,Very satisfied with this purchase
TX_0000001355,CUST0167,2025-08-22,IH-833,23,454000,Bank Transfer,7.0,Completed,
TX_0000003615,CUST0433,2025-03-02,GO-611,21,294000,Debit Card,21.0,Completed,
TX_0000000978,CUST0121,2024-12-29,BB-632,36,135000,Cash,34.0,Completed,
TX_0000000810,CUST0522,2024-11-04,FY-034,11,316000,Credit Card,50.0,Cancelled,
TX_0000002169,CUST0266,2024-07-17,JR-413,1,465000,Cash,,Completed,"Product matches photo, good quality"
TX_0000003662,CUST0437,2025-08-10,RA-148,33,267000,E-wallet,32.0,Completed,"Honest seller, item as described"
TX_0000001600,CUST0199,2025-03-08,IS-139,28,232000,Credit Card,21.0,Completed,
TX_0000005314,CUST0644,2025-02-15,KV-339,36,190000,E-wallet,41.0,Completed,"Seller communicative, item is good"
TX_0000003280,CUST0397,2025-06-29,EV-096,30,370000,Debit Card,5.0,Completed,Expensive price but worth it
TX_0000001621,CUST0202,2025-06-02,PH-553,19,190000,Cash,17.0,Completed,Bit overpriced but quality is okay
TX_0000002956,CUST0362,2025-05-12,UY-061,22,167000,Credit Card,13.0,Completed,
TX_0000001483,CUST0188,2025-09-19,GZ-569,15,32000,Cash,,Completed,Price matches quality
TX_0000004051,CUST0488,2024-11-25,DK-190,30,291000,Bank Transfer,1.0,Completed,
TX_0000001802,CUST0221,2025-08-26,JZ-520,9,308000,Debit Card,40.0,Completed,"Honest seller, item as described"
TX_0000002096,CUST0256,2024-12-25,RT-999,11,155000,Cash,33.0,Completed,
TX_0000005342,CUST0649,2025-03-12,QL-490,10,260000,E-wallet,13.0,Completed,
TX_0000001358,CUST0168,2025-06-05,JB-432,16,309000,E-wallet,36.0,Cancelled,"Quality matches the price, decent enough"
TX_0000005420,CUST0658,2025-04-12,EN-654,13,398000,Debit Card,28.0,Completed,
TX_0000006614,CUST0800,2025-04-29,MA-253,11,25000,E-wallet,9.0,Completed,Premium quality at affordable price
TX_0000007279,CUST0883,2024-12-20,QY-148,20,203000,E-wallet,29.0,Completed,Satisfying service
TX_0000007430,CUST0899,2024-12-11,OE-934,37,269000,Debit Card,2.0,Cancelled,
TX_0000007914,CUST0962,2025-09-16,BR-514,11,429000,Bank Transfer,3.0,Refunded,
TX_0000008194,CUST0998,2025-03-11,JX-811,18,192000,Debit Card,25.0,Completed,"Amazing product, highly recommended"
TX_0000004169,CUST0505,2024-11-13,FV-473,28,245000,Cash,6.0,Completed,
TX_0000003886,CUST0464,2025-03-16,AQ-684,38,279000,Debit Card,38.0,Completed,
TX_0000006729,CUST0815,2025-04-01,RP-123,1,32000,Cash,35.0,Completed,
TX_0000007145,CUST0867,2025-04-24,JA-584,22,272000,Credit Card,10.0,Completed,
TX_0000002329,CUST0286,2025-07-07,SX-714,31,202000,E-wallet,26.0,Completed,
TX_0000000030,CUST0005,2025-09-14,TJ-842,33,186000,E-wallet,22.0,Refunded,Standard quality for the price
TX_0000005340,CUST0649,2025-02-27,HZ-999,24,422000,Debit Card,22.0,Completed,
TX_0000005771,CUST0698,2025-09-05,ZV-103,28,326000,Bank Transfer,,Completed,
TX_0000001093,CUST0135,2025-09-05,JR-433,22,199000,Bank Transfer,24.0,Completed,
TX_0000000125,CUST0015,2024-12-24,PK-478,19,449000,Debit Card,33.0,Completed,
TX_0000007689,CUST0934,2025-07-13,DK-520,6,13000,Debit Card,42.0,Cancelled,
TX_0000005994,CUST0725,2025-02-26,QR-115,35,102000,E-wallet,26.0,Completed,"Product matches photo, good quality"
TX_0000004085,CUST0493,2025-03-12,ZH-756,16,125000,Cash,15.0,Completed,
TX_0000005020,CUST0607,2025-01-02,LN-554,22,340000,E-wallet,13.0,Completed,"Honest seller, item as described"
TX_0000002299,CUST0281,2024-12-03,FM-863,16,293000,Bank Transfer,0.0,Completed,
TX_0000005225,CUST0630,2024-10-02,TM-610,39,151000,E-wallet,34.0,Completed,"Thick bubble wrap packaging, safe"
TX_0000001554,CUST0195,2024-12-16,YV-767,9,245000,Cash,8.0,Completed,
TX_0000006927,CUST0842,2025-03-09,IM-469,13,39000,Credit Card,22.0,Completed,
TX_0000000599,CUST0074,2025-09-07,AE-519,28,64000,Credit Card,47.0,Completed,"Quality item, packaging OK"
TX_0000003430,CUST0414,2025-05-27,XO-904,29,285000,E-wallet,37.0,Refunded,
TX_0000001417,CUST0179,2025-01-22,WO-720,34,368000,Cash,16.0,Completed,
TX_0000003862,CUST0462,2025-07-06,WZ-211,1,348000,Cash,33.0,Completed,"Product meets expectations, great"
TX_0000004418,CUST0534,2024-11-14,NR-029,27,193000,Debit Card,42.0,Completed,"Cheap price, decent quality"
TX_0000005673,CUST0689,2025-03-10,XZ-881,30,349000,Debit Card,35.0,Completed,"Cheap price, decent quality"
TX_0000003857,CUST0461,2025-07-22,EH-120,30,326000,Cash,24.0,Completed,High quality product
TX_0000002198,CUST0269,2025-02-14,WZ-613,25,310000,Bank Transfer,0.0,Completed,"Thank you, very recommended"
TX_0000005776,CUST0698,2025-09-06,QJ-276,29,460000,Cash,,Completed,
TX_0000004398,CUST0532,2025-07-02,BI-739,38,472000,Cash,18.0,Completed,
TX_0000002852,CUST0348,2025-07-10,BS-502,9,419000,Credit Card,2.0,Refunded,Size doesn't match expectations
TX_0000000809,CUST0522,2025-03-07,RQ-371,25,156000,Debit Card,,Completed,
TX_0000005615,CUST0682,2024-11-28,SX-304,32,409000,Credit Card,0.0,Completed,
TX_0000000959,CUST0120,2025-09-20,QI-542,27,350000,Credit Card,50.0,Completed,
TX_0000004012,CUST0482,2025-03-23,EY-839,18,487000,Credit Card,35.0,Completed,"Honest seller, item as described"
TX_0000003414,CUST0412,2025-02-05,GU-961,13,119000,Credit Card,48.0,Completed,
TX_0000000811,CUST0522,2025-01-06,VN-088,4,317000,Cash,22.0,Completed,
TX_0000000835,CUST0105,2025-09-13,SD-297,35,316000,Credit Card,,Completed,"Product meets expectations, great"
TX_0000007794,CUST0949,2024-11-12,YN-704,20,155000,Cash,6.0,Completed,Poor quality for this price
TX_0000002424,CUST0297,2024-10-16,SJ-189,17,56000,Cash,32.0,Completed,"Amazing product, highly recommended"
TX_0000008158,CUST0996,2025-01-21,MO-414,32,251000,Credit Card,6.0,Completed,
TX_0000001236,CUST0154,2025-09-13,WA-133,37,401000,E-wallet,5.0,Completed,"High quality product, recommended"
TX_0000001226,CUST0153,2025-09-22,MO-819,35,490000,E-wallet,28.0,Completed,"Premium quality product, excellent"
TX_0000005362,CUST0652,2025-01-05,ZR-332,39,146000,E-wallet,47.0,Completed,
TX_0000006065,CUST0733,2025-06-18,SJ-521,13,169000,Debit Card,35.0,Completed,Slightly disappointed with the finishing
TX_0000005698,CUST0691,2024-10-16,LW-415,40,121000,Debit Card,21.0,Completed,
TX_0000002593,CUST0317,2025-03-20,CB-769,4,449000,Debit Card,24.0,Completed,
TX_0000002906,CUST0357,2025-01-05,IR-165,16,179000,Cash,16.0,Completed,Satisfying service
TX_0000005023,CUST0607,2024-06-28,QL-722,4,161000,E-wallet,21.0,Completed,
TX_0000007929,CUST0963,2025-03-09,LG-457,36,150000,Bank Transfer,49.0,Completed,"Item damaged upon arrival, disappointed"
TX_0000006712,CUST0812,2025-08-04,VJ-733,31,483000,Debit Card,13.0,Completed,
TX_0000001658,CUST0207,2025-09-23,CG-952,8,49000,E-wallet,28.0,Pending,"Friendly seller, item as ordered"
TX_0000006984,CUST0850,2024-12-22,YJ-139,14,107000,Cash,1.0,Cancelled,"Slow shipping, ordinary item"
TX_0000007214,CUST0875,2024-12-29,EQ-538,15,167000,Debit Card,39.0,Cancelled,
TX_0000000453,CUST0060,2025-02-17,IT-491,2,62000,Cash,2.0,Completed,Product matches description
TX_0000005925,CUST0716,2025-09-22,WJ-006,36,212000,Cash,11.0,Completed,Satisfying service
TX_0000002459,CUST0300,2025-02-08,RV-553,10,209000,Credit Card,29.0,Completed,A bit overpriced in my opinion
TX_0000000423,CUST0056,2025-07-22,KI-846,16,241000,Credit Card,13.0,Completed,
TX_0000001221,CUST0152,2024-09-30,UD-735,30,288000,E-wallet,42.0,Completed,
TX_0000003186,CUST0387,2025-01-04,BB-893,16,416000,Cash,5.0,Cancelled,
TX_0000003806,CUST0456,2024-12-13,QC-768,40,319000,E-wallet,25.0,Completed,"Safe packaging, not damaged"
TX_0000007650,CUST0930,2025-08-03,AX-653,24,252000,Credit Card,49.0,Completed,"Quality product, attractive packaging"
TX_0000003366,CUST0407,2025-03-26,NF-943,19,156000,Debit Card,39.0,Completed,
TX_0000000103,CUST0013,2025-08-10,JK-046,15,316000,Cash,19.0,Completed,
TX_0000002419,CUST0296,2025-05-25,BD-418,36,260000,Bank Transfer,23.0,Completed,
TX_0000005038,CUST0860,2025-09-20,HW-806,32,329000,Cash,44.0,Completed,
TX_0000003304,CUST0399,2025-05-25,DF-224,18,327000,E-wallet,25.0,Pending,Good product for this price range
TX_0000001581,CUST0197,2024-10-17,CG-751,32,249000,Credit Card,7.0,Completed,Poor quality for this price
TX_0000006964,CUST0846,2024-05-20,UP-811,35,251000,Bank Transfer,4.0,Completed,
TX_0000002207,CUST0661,2025-09-06,PT-144,20,203000,Credit Card,4.0,Completed,
TX_0000000171,CUST0514,2024-12-21,ER-424,26,128000,Debit Card,28.0,Cancelled,
TX_0000006067,CUST0733,2025-05-18,UV-371,9,248000,Credit Card,3.0,Completed,
TX_0000000136,CUST0016,2025-06-26,LX-948,27,202000,Bank Transfer,28.0,Cancelled,"Premium quality, very satisfied"
TX_0000004672,CUST0561,2025-01-20,PU-710,8,451000,E-wallet,22.0,Completed,"Good item, express shipping"
TX_0000004632,CUST0556,2025-06-25,DN-262,7,103000,Debit Card,21.0,Completed,
TX_0000001311,CUST0164,2024-08-09,MV-734,27,487000,Cash,6.0,Completed,Friendly and professional service
TX_0000007376,CUST0895,2024-12-03,KN-752,8,259000,Debit Card,9.0,Refunded,
TX_0000002285,CUST0279,2024-09-11,DS-952,7,216000,Cash,33.0,Completed,
TX_0000004501,CUST0543,2025-03-25,UC-138,10,397000,Debit Card,2.0,Completed,"Super fast shipping, thanks"
TX_0000007263,CUST0881,2025-09-07,CK-127,15,188000,Debit Card,37.0,Completed,Shipping a bit slow but good item
TX_0000003096,CUST0379,2024-10-27,WA-000,20,345000,E-wallet,22.0,Completed,"Premium quality, very satisfied"
TX_0000007088,CUST0860,2025-09-22,GQ-586,40,146000,Cash,18.0,Completed,Doesn't meet expectations
TX_0000001936,CUST0236,2025-08-27,MI-214,24,442000,Credit Card,32.0,Cancelled,A bit expensive but worth the quality
TX_0000008064,CUST0981,2025-06-17,DB-587,36,278000,Bank Transfer,20.0,Completed,
TX_0000004054,CUST0488,2024-10-12,HZ-778,32,273000,E-wallet,46.0,Completed,"Quality is okay, affordable price"
TX_0000002861,CUST0351,2025-09-23,YU-520,9,397000,Credit Card,23.0,Completed,
TX_0000000808,CUST0522,2024-12-15,BY-222,19,227000,E-wallet,12.0,Completed,Shipping a bit slow but good item
TX_0000002046,CUST0250,2025-09-13,RW-710,8,333000,Cash,,Completed,
TX_0000006828,CUST0828,2024-12-19,XJ-666,18,108000,Cash,7.0,Completed,
TX_0000000463,CUST0062,2025-01-28,HH-419,16,464000,Bank Transfer,16.0,Completed,"Safe shipping, nothing damaged"
TX_0000001957,CUST0238,2024-12-17,RQ-198,21,269000,Credit Card,45.0,Completed,
TX_0000002446,CUST0299,2025-03-23,VE-228,27,403000,E-wallet,1.0,Completed,Doesn't match my expectations
TX_0000008043,CUST0979,2025-01-24,QK-098,25,321000,Bank Transfer,20.0,Completed,
TX_0000000800,CUST0101,2025-06-19,HE-221,17,211000,Cash,15.0,Pending,
TX_0000002403,CUST0293,2025-08-23,CX-100,39,154000,Debit Card,6.0,Completed,
TX_0000003659,CUST0437,2025-08-29,VR-431,26,428000,Debit Card,45.0,Cancelled,Slightly defective but still usable
TX_0000001074,CUST0132,2024-08-27,ZM-759,17,53000,Cash,12.0,Completed,"Slow shipping, ordinary item"
TX_0000006649,CUST0803,2025-08-17,NN-700,30,261000,Debit Card,37.0,Completed,
TX_0000000145,CUST0017,2024-10-06,GP-162,37,226000,E-wallet,32.0,Completed,Response was slow but item is good
TX_0000007084,CUST0859,2024-07-31,QS-560,31,142000,Credit Card,11.0,Completed,Expensive price but worth it
TX_0000001341,CUST0166,2025-03-20,ZD-728,5,366000,Debit Card,10.0,Completed,
TX_0000002904,CUST0357,2025-02-08,ID-761,35,487000,Credit Card,,Completed,
TX_0000005295,CUST0641,2024-11-29,FC-544,36,488000,Debit Card,28.0,Completed,
TX_0000002092,CUST0256,2025-03-22,TA-419,2,480000,E-wallet,34.0,Completed,"Good quality, competitive price"
TX_0000005101,CUST0617,2025-02-24,PN-114,20,119000,Credit Card,31.0,Completed,
TX_0000006596,CUST0798,2024-11-04,PM-067,24,212000,Bank Transfer,22.0,Completed,
TX_0000003115,CUST0381,2025-07-17,FJ-261,12,195000,Credit Card,7.0,Completed,
TX_0000006691,CUST0810,2024-12-29,XU-072,34,786000,Credit Card,42.0,Completed,
TX_0000005643,CUST0686,2024-11-02,SC-508,16,387000,E-wallet,25.0,Completed,"Good quality, competitive price"
TX_0000002958,CUST0362,2025-07-30,GQ-760,10,482000,Debit Card,35.0,Completed,
TX_0000002500,CUST0307,2025-08-09,AJ-346,36,492000,Cash,13.0,Completed,A bit expensive but worth the quality
TX_0000004621,CUST0555,2025-01-14,SI-315,3,163000,Cash,5.0,Completed,Slightly defective but still usable
TX_0000001004,CUST0123,2025-02-07,MJ-072,19,137000,E-wallet,27.0,Completed,Doesn't meet expectations
TX_0000004899,CUST0590,2025-02-11,TE-755,31,323000,E-wallet,26.0,Completed,
TX_0000003079,CUST0376,2025-01-09,EO-742,20,478000,Credit Card,21.0,Completed,
TX_0000000556,CUST0679,2025-09-22,DG-423,22,233000,Bank Transfer,7.0,Refunded,"Thank you, very recommended"
TX_0000006134,CUST0742,2024-10-08,VL-990,20,500000,Debit Card,29.0,Completed,
TX_0000006903,CUST0838,2024-12-08,OC-060,40,229000,Credit Card,32.0,Completed,
TX_0000001486,CUST0188,2025-09-05,HW-208,7,90000,Debit Card,11.0,Completed,A bit overpriced in my opinion
TX_0000005864,CUST0707,2025-03-13,QR-236,24,331000,Cash,12.0,Completed,
TX_0000001273,CUST0158,2025-07-19,WC-445,20,238000,E-wallet,18.0,Refunded,Bit overpriced but quality is okay
TX_0000001412,CUST0178,2024-12-03,YY-511,15,325000,E-wallet,,Completed,
TX_0000007233,CUST0876,2024-12-10,VI-112,31,254000,Bank Transfer,49.0,Completed,"Product not original, very disappointed"
TX_0000007495,CUST0908,2024-10-26,RN-724,16,368000,Credit Card,19.0,Completed,
TX_0000001472,CUST0187,2025-01-14,SR-040,22,177000,E-wallet,41.0,Completed,"Good item, express shipping"
TX_0000006416,CUST0776,2025-01-09,FR-211,31,212000,Debit Card,19.0,Completed,
TX_0000003419,CUST0413,2025-04-30,LI-228,20,459000,E-wallet,41.0,Completed,
TX_0000004867,CUST0586,2024-12-01,ET-613,6,367000,E-wallet,18.0,Completed,Doesn't match my expectations
TX_0000005397,CUST0656,2025-08-29,SH-244,16,110000,Debit Card,9.0,Completed,Product doesn't match picture
TX_0000005398,CUST0656,2025-09-04,WU-299,17,433000,Credit Card,22.0,Completed,Good product for this price range
TX_0000003880,CUST0463,2025-08-30,OU-101,39,146000,Cash,47.0,Completed,
TX_0000000982,CUST0122,2024-10-22,IK-800,33,322000,Credit Card,4.0,Completed,"Professional seller, highly recommended"
TX_0000006954,CUST0844,2025-04-09,QI-229,17,197000,Cash,1.0,Completed,
TX_0000002927,CUST0359,2025-08-14,GF-178,19,392000,Bank Transfer,46.0,Completed,
TX_0000007237,CUST0877,2025-07-02,IE-336,22,147000,Cash,44.0,Completed,"Competitive price, decent quality"
TX_0000001269,CUST0157,2024-11-22,KP-716,18,222000,Debit Card,46.0,Completed,
TX_0000002463,CUST0301,2025-05-27,MF-714,36,400000,E-wallet,39.0,Cancelled,"Thank you, very recommended"
TX_0000003334,CUST0404,2025-02-15,SF-909,37,487000,Bank Transfer,23.0,Completed,
TX_0000000269,CUST0034,2025-09-22,GV-969,15,900,Debit Card,4.0,Completed,Slightly defective but still usable
TX_0000000655,CUST0081,2025-01-04,XT-855,23,360000,E-wallet,50.0,Cancelled,Good product for this price range
TX_0000003128,CUST0381,2024-05-10,OF-511,26,353000,Credit Card,35.0,Completed,
TX_0000002985,CUST0365,2025-09-14,QV-649,32,61000,Bank Transfer,27.0,Completed,
TX_0000004254,CUST0515,2025-07-18,WD-672,9,7000,Credit Card,29.0,Completed,
TX_0000006941,CUST0843,2024-12-07,AH-889,33,416000,Bank Transfer,44.0,Completed,"Item as ordered, safe packaging"
TX_0000005369,CUST0654,2024-11-07,DM-850,8,347000,Bank Transfer,5.0,Completed,
TX_0000000590,CUST0073,2025-06-05,BY-633,24,191000,Cash,33.0,Completed,"Great product, will order again"
TX_0000003940,CUST0471,2025-02-19,FA-123,39,119000,Credit Card,16.0,Completed,Doesn't meet expectations
TX_0000002856,CUST0350,2024-11-02,NQ-524,21,391000,Credit Card,,Completed,
TX_0000002918,CUST0358,2024-10-24,LB-859,35,218000,Credit Card,35.0,Completed,"Original item, fast shipping"
TX_0000004697,CUST0563,2024-12-01,XV-644,26,442000,Debit Card,8.0,Completed,"Product meets expectations, will buy again"
TX_0000004114,CUST0498,2025-09-07,XO-087,35,379000,Cash,35.0,Completed,Product doesn't match picture
TX_0000008070,CUST0982,2025-09-09,LJ-053,25,220000,Cash,24.0,Completed,Item arrived safely
TX_0000003333,CUST0404,2024-11-17,RN-659,20,102000,Cash,37.0,Completed,A bit overpriced in my opinion
TX_0000001809,CUST0221,2025-05-22,XC-890,22,293000,Credit Card,12.0,Pending,
TX_0000007056,CUST0857,2024-12-14,FX-719,21,442000,Bank Transfer,12.0,Completed,
TX_0000007529,CUST0911,2025-08-30,IP-651,8,324000,Debit Card,16.0,Completed,"Competitive price, decent quality"
TX_0000003640,CUST0738,2025-03-03,II-938,33,453000,Credit Card,0.0,Refunded,Fast response from seller
TX_0000000678,CUST0085,2024-12-24,UI-150,19,216000,Debit Card,14.0,Completed,
TX_0000007112,CUST0863,2024-12-13,RV-334,25,376000,Credit Card,2.0,Completed,
TX_0000005517,CUST0668,2024-10-18,AD-434,13,118000,Credit Card,42.0,Completed,
TX_0000008144,CUST0992,2025-04-28,OD-698,33,452000,Debit Card,34.0,Completed,"Amazing product, exceeds expectations"
TX_0000003149,CUST0383,2024-12-02,PD-301,22,229000,Debit Card,50.0,Completed,Expensive price but worth it
TX_0000006335,CUST0767,2025-09-20,SQ-740,22,310000,Cash,24.0,Completed,
TX_0000007111,CUST0863,2024-08-29,ZK-907,29,406000,Bank Transfer,32.0,Cancelled,
TX_0000002433,CUST0298,2024-11-24,ME-311,8,500,Bank Transfer,30.0,Pending,"Honest seller, item as described"
TX_0000004271,CUST0516,2025-02-17,LT-083,18,490000,Bank Transfer,15.0,Completed,
TX_0000004128,CUST0501,2025-02-04,OH-488,24,122000,Bank Transfer,24.0,Completed,
TX_0000004039,CUST0486,2025-06-16,EG-514,24,300000,Bank Transfer,21.0,Completed,"Slow shipping, ordinary item"
TX_0000007380,CUST0895,2024-11-01,UG-954,9,38000,E-wallet,35.0,Completed,Bit disappointing from the photo
TX_0000002863,CUST0351,2025-09-20,HR-147,22,334000,Cash,3.0,Completed,
TX_0000002759,CUST0334,2025-04-20,LS-592,8,494000,Credit Card,14.0,Completed,Item arrived safely
TX_0000001612,CUST0202,2024-11-14,ON-269,23,183000,Cash,46.0,Refunded,Bit disappointing from the photo
TX_0000004368,CUST0527,2024-12-16,HK-919,6,470000,Bank Transfer,43.0,Completed,
TX_0000002686,CUST0326,2024-11-15,UF-629,16,275000,Debit Card,33.0,Completed,
TX_0000005165,CUST0624,2024-11-29,QO-387,21,367000,Bank Transfer,14.0,Refunded,Bit overpriced but quality is okay
TX_0000002971,CUST0364,2025-05-31,WR-030,33,241000,Debit Card,1.0,Completed,
TX_0000002796,CUST0340,2025-05-09,VI-114,18,232000,Debit Card,,Completed,
TX_0000004605,CUST0553,2024-12-18,ZB-428,32,443000,E-wallet,14.0,Refunded,
TX_0000007420,CUST0899,2025-02-03,QO-901,36,407000,Debit Card,29.0,Completed,Doesn't match my expectations
TX_0000000606,CUST0074,2025-08-14,ZY-838,40,222000,E-wallet,24.0,Completed,
TX_0000007007,CUST0853,2024-10-26,AO-005,28,294000,Credit Card,15.0,Completed,
TX_0000007328,CUST0889,2024-11-04,SE-293,6,96000,Cash,35.0,Completed,
TX_0000001469,CUST0186,2025-03-04,LE-117,28,340000,Credit Card,40.0,Completed,
TX_0000006050,CUST0730,2025-02-01,XI-130,21,103000,Bank Transfer,20.0,Completed,
TX_0000004005,CUST0479,2025-03-08,MP-897,30,337000,E-wallet,,Completed,"Good quality, competitive price"
TX_0000003928,CUST0469,2025-03-13,JX-858,22,399000,Credit Card,19.0,Completed,Disappointed with item quality
TX_0000004708,CUST0566,2025-01-03,OW-598,33,131000,Credit Card,18.0,Completed,
TX_0000007512,CUST0909,2025-03-22,KS-094,9,354000,E-wallet,41.0,Completed,Won't buy here again
TX_0000005004,CUST0605,2025-02-11,TT-537,24,468000,Cash,29.0,Completed,A bit overpriced in my opinion
TX_0000002156,CUST0264,2024-12-28,IU-413,12,416000,E-wallet,31.0,Completed,
TX_0000003847,CUST0458,2024-10-02,EK-695,17,499000,Credit Card,1.0,Cancelled,
TX_0000007853,CUST0956,2024-11-01,YY-862,33,292000,E-wallet,19.0,Pending,
TX_0000002078,CUST0255,2025-07-07,HM-756,5,499000,Credit Card,1.0,Completed,"Product meets expectations, will buy again"
TX_0000004196,CUST0508,2025-01-11,OJ-097,11,299000,Debit Card,32.0,Completed,
TX_0000003162,CUST0384,2025-05-09,TM-705,38,232000,Credit Card,33.0,Completed,
TX_0000004828,CUST0582,2025-08-22,UD-258,24,305000,Debit Card,18.0,Completed,
TX_0000007029,CUST0855,2025-06-29,CJ-244,3,444000,Debit Card,5.0,Completed,
TX_0000000585,CUST0073,2024-10-16,CD-425,23,308000,Bank Transfer,,Completed,Very slow shipping
TX_0000003551,CUST0428,2025-02-16,SG-528,17,388000,Bank Transfer,28.0,Completed,
TX_0000007844,CUST0954,2025-01-31,SZ-836,20,387000,Cash,,Completed,
TX_0000005959,CUST0720,2025-07-04,EV-046,23,490000,Bank Transfer,43.0,Completed,
TX_0000004103,CUST0496,2024-11-15,YZ-667,38,201000,E-wallet,42.0,Completed,
TX_0000006356,CUST0769,2025-09-07,JT-906,38,377000,Debit Card,13.0,Completed,
TX_0000005245,CUST0633,2025-01-10,FQ-742,39,422000,Cash,9.0,Pending,"Amazing product, exceeds expectations"
TX_0000007602,CUST0924,2025-07-08,MJ-683,38,396000,E-wallet,7.0,Completed,"Quality product, attractive packaging"
TX_0000007096,CUST0860,2025-08-09,XK-035,26,442000,Credit Card,34.0,Completed,"Super fast shipping, thanks"
TX_0000002603,CUST0318,2024-10-15,FP-103,18,379000,Cash,30.0,Completed,"Product meets expectations, great"
TX_0000003998,CUST0479,2024-10-16,ZD-308,20,285000,Bank Transfer,41.0,Completed,
TX_0000007897,CUST0960,2025-06-08,XA-925,24,368000,E-wallet,40.0,Completed,"Amazing product, highly recommended"
TX_0000002551,CUST0313,2024-11-30,EO-957,2,408000,E-wallet,22.0,Completed,"Super fast shipping, thanks"
TX_0000005786,CUST0699,2024-05-29,RQ-919,28,276000,Bank Transfer,14.0,Completed,
TX_0000000345,CUST0046,2024-08-26,KO-638,25,300000,Cash,6.0,Completed,
TX_0000003086,CUST0377,2025-07-13,PC-400,31,295000,Cash,36.0,Completed,
TX_0000007959,CUST0968,2025-06-22,XM-137,10,331000,Bank Transfer,7.0,Completed,
TX_0000004830,CUST0582,2025-04-10,MX-770,28,498000,Debit Card,20.0,Refunded,
TX_0000007698,CUST0935,2025-01-18,DD-466,15,393000,Bank Transfer,19.0,Refunded,Satisfying service
TX_0000000872,CUST0109,2025-09-13,RL-446,8,223000,Debit Card,1.0,Refunded,"Item matches picture, very satisfied"
TX_0000006355,CUST0769,2025-06-27,RL-096,19,386000,Cash,10.0,Completed,
TX_0000004052,CUST0488,2024-10-25,UO-067,18,270000,Debit Card,2.0,Completed,
TX_0000003033,CUST0371,2025-02-20,YP-614,22,153000,Cash,,Completed,"Quality product, satisfying service"
TX_0000000091,CUST0012,2024-10-05,IA-232,39,497000,Bank Transfer,18.0,Cancelled,
TX_0000003961,CUST0474,2025-08-30,EE-531,34,286000,Bank Transfer,24.0,Completed,
TX_0000004336,CUST0522,2024-12-08,HV-508,38,409000,Bank Transfer,1.0,Completed,
TX_0000008009,CUST0973,2025-03-24,GN-410,16,330000,Credit Card,18.0,Completed,
TX_0000005575,CUST0677,2025-03-09,EG-202,33,361000,Bank Transfer,6.0,Completed,
TX_0000002118,CUST0259,2024-12-07,ZZ-638,33,345000,E-wallet,44.0,Completed,
TX_0000004348,CUST0523,2025-09-19,BM-095,34,362000,E-wallet,27.0,Completed,Standard quality for the price
TX_0000008126,CUST0988,2025-02-27,LP-798,17,232000,Debit Card,32.0,Completed,
TX_0000004701,CUST0564,2025-03-11,UI-645,6,152000,E-wallet,5.0,Completed,Doesn't match my expectations
TX_0000003166,CUST0385,2025-09-16,XO-809,13,268000,Debit Card,4.0,Completed,
TX_0000000948,CUST0119,2025-02-08,XW-112,5,201000,Credit Card,37.0,Cancelled,"Amazing product, exceeds expectations"
TX_0000004307,CUST0520,2025-02-04,FG-048,34,180000,Debit Card,38.0,Completed,Price worth it for the quality
TX_0000006175,CUST0747,2025-09-12,DC-069,35,169000,Credit Card,17.0,Completed,
TX_0000005723,CUST0694,2025-08-15,MO-458,15,242000,E-wallet,17.0,Completed,Friendly and professional service
TX_0000000884,CUST0111,2025-01-31,OO-764,18,192000,E-wallet,23.0,Completed,
TX_0000004752,CUST0571,2024-11-09,PS-436,21,446000,Credit Card,36.0,Completed,
TX_0000007093,CUST0860,2025-08-12,WN-706,5,228000,Credit Card,17.0,Completed,
TX_0000006498,CUST0784,2025-01-10,JW-477,3,32000,E-wallet,49.0,Completed,Poor quality for this price
TX_0000007272,CUST0882,2024-11-28,HG-893,23,268000,Cash,3.0,Completed,
TX_0000006994,CUST0852,2025-02-09,YC-095,21,201000,Bank Transfer,6.0,Completed,
TX_0000007520,CUST0910,2025-03-31,MZ-385,36,317000,Credit Card,35.0,Completed,
TX_0000006060,CUST0732,2024-10-02,LG-018,18,223000,Credit Card,34.0,Refunded,
TX_0000005483,CUST0665,2025-07-23,NO-329,21,440000,Debit Card,48.0,Completed,
TX_0000006799,CUST0824,2025-02-01,ZT-517,34,258000,Debit Card,28.0,Completed,
TX_0000007274,CUST0882,2025-06-07,RF-113,17,375000,Cash,12.0,Cancelled,
TX_0000007526,CUST0910,2024-12-16,WD-514,9,207000,E-wallet,,Completed,
TX_0000005767,CUST0697,2025-09-03,KD-678,21,254000,Debit Card,10.0,Completed,Slightly defective but still usable
TX_0000002416,CUST0294,2025-08-23,SZ-090,30,221000,Credit Card,30.0,Completed,
TX_0000006396,CUST0774,2025-02-03,BB-203,19,322000,Credit Card,50.0,Completed,"Honest seller, item as described"
TX_0000006225,CUST0753,2025-08-15,VM-423,15,45000,E-wallet,11.0,Completed,
TX_0000007064,CUST0858,2025-02-28,UA-564,16,475000,Credit Card,7.0,Completed,
TX_0000005514,CUST0668,2025-06-28,NW-771,22,404000,Bank Transfer,48.0,Completed,5 stars for this product
TX_0000003774,CUST0452,2024-12-01,GU-994,25,500,Credit Card,33.0,Completed,
TX_0000003396,CUST0410,2024-11-26,VU-629,28,172000,Debit Card,25.0,Completed,Bit disappointing from the photo
TX_0000002399,CUST0293,2025-05-29,TZ-793,23,248000,Debit Card,33.0,Completed,
TX_0000003919,CUST0467,2025-03-19,GM-701,39,133000,Cash,45.0,Refunded,Item arrived safely
TX_0000001711,CUST0212,2025-04-04,HS-792,21,48000,Bank Transfer,44.0,Completed,"Honest seller, item as described"
TX_0000007661,CUST0931,2025-09-22,XA-707,24,461000,Debit Card,7.0,Completed,"Super fast shipping, thanks"
TX_0000004825,CUST0581,2025-03-08,GI-971,38,399000,Bank Transfer,12.0,Completed,
TX_0000001187,CUST0147,2024-11-05,PO-680,39,320000,Cash,38.0,Completed,
TX_0000004013,CUST0482,2025-03-25,HL-249,1,234000,Cash,32.0,Completed,
TX_0000007877,CUST0958,2025-08-31,SS-148,26,204000,Credit Card,20.0,Completed,Quality below expectations
TX_0000005903,CUST0714,2025-08-30,FR-993,40,114000,Cash,50.0,Completed,"Honest seller, item as described"
TX_0000006246,CUST0756,2025-01-18,KS-950,32,400000,Bank Transfer,36.0,Completed,Premium quality at affordable price
TX_0000008020,CUST0976,2025-09-19,RG-191,30,403000,Cash,44.0,Cancelled,
TX_0000000152,CUST0018,2025-02-03,FQ-583,40,174000,Credit Card,49.0,Completed,"Quality product, satisfying service"
TX_0000000916,CUST0115,2025-02-05,SN-684,13,439000,E-wallet,28.0,Completed,"Premium quality, very satisfied"
TX_0000001306,CUST0163,2025-03-05,TX-427,20,141000,E-wallet,22.0,Completed,
TX_0000006106,CUST0737,2024-10-05,IG-004,19,43000,Cash,29.0,Completed,A bit disappointing for this price
TX_0000005336,CUST0649,2025-02-25,ZN-571,23,245000,E-wallet,28.0,Completed,
TX_0000005892,CUST0713,2025-02-07,CW-683,8,105000,Cash,46.0,Completed,"Quality matches the price, decent enough"
TX_0000008086,CUST0983,2025-03-31,HE-458,21,225000,Debit Card,40.0,Completed,
TX_0000006481,CUST0783,2024-11-04,OO-627,29,292000,Credit Card,6.0,Completed,Satisfying service
TX_0000001399,CUST0176,2025-08-15,XH-672,34,164000,E-wallet,36.0,Cancelled,"Amazing product, highly recommended"
TX_0000002520,CUST0309,2025-07-18,IW-941,22,253000,Credit Card,31.0,Completed,"Quality is okay, affordable price"
TX_0000000184,CUST0022,2025-09-20,TG-652,3,161000,E-wallet,3.0,Completed,
TX_0000007664,CUST0932,2024-11-16,XH-633,21,487000,Cash,17.0,Completed,"Quality is okay, affordable price"
TX_0000007488,CUST0907,2025-02-22,RH-100,22,235000,Cash,36.0,Completed,
TX_0000004510,CUST0545,2024-06-29,YP-516,33,486000,E-wallet,45.0,Completed,
TX_0000002418,CUST0295,2025-09-09,HP-558,36,369000,Cash,16.0,Completed,Doesn't match my expectations
TX_0000000472,CUST0062,2025-05-26,VR-637,38,373000,Bank Transfer,,Cancelled,
TX_0000000968,CUST0121,2025-01-24,WZ-953,22,190000,Cash,19.0,Completed,"Quality matches the price, decent enough"
TX_0000005474,CUST0664,2025-01-02,ZE-506,30,223000,Credit Card,34.0,Cancelled,
TX_0000005736,CUST0695,2025-09-10,CW-660,40,198000,Credit Card,40.0,Refunded,
TX_0000002657,CUST0323,2025-07-31,ZL-817,20,1773000,Debit Card,45.0,Completed,
TX_0000000210,CUST0025,2025-01-24,UF-935,15,173000,E-wallet,44.0,Completed,
TX_0000001962,CUST0238,2025-04-30,MQ-001,24,191000,Bank Transfer,17.0,Completed,"Slow shipping, ordinary item"
TX_0000000897,CUST0112,2024-07-02,OE-891,10,466000,Cash,41.0,Completed,
TX_0000006223,CUST0753,2025-06-17,FS-300,24,87000,Cash,50.0,Completed,
TX_0000002699,CUST0327,2025-02-25,YB-902,24,396000,Cash,4.0,Refunded,
TX_0000005019,CUST0607,2025-03-16,VX-766,24,12000,Debit Card,1.0,Completed,
TX_0000001774,CUST0218,2025-03-13,GC-676,31,489000,Debit Card,15.0,Completed,High quality product
TX_0000004317,CUST0521,2025-02-20,JJ-824,25,385000,Credit Card,24.0,Completed,
TX_0000002300,CUST0281,2025-09-07,HK-401,3,98000,Credit Card,3.0,Refunded,
TX_0000001210,CUST0151,2024-10-22,PM-668,40,423000,Credit Card,17.0,Completed,Fast response from seller
TX_0000004394,CUST0529,2025-07-18,PR-461,33,481000,E-wallet,37.0,Completed,Response was slow but item is good
TX_0000004681,CUST0561,2025-01-28,EO-694,20,16000,Credit Card,0.0,Completed,
TX_0000001271,CUST0157,2025-01-20,XE-257,22,162000,Bank Transfer,1.0,Completed,
TX_0000001252,CUST0156,2025-01-11,ZH-534,16,422000,Debit Card,44.0,Completed,
TX_0000003915,CUST0467,2024-05-21,SE-017,26,319000,Cash,47.0,Refunded,
TX_0000002866,CUST0351,2025-09-21,DI-240,7,374000,E-wallet,27.0,Completed,Expensive price but worth it
TX_0000003606,CUST0433,2024-10-29,RG-481,29,482000,Bank Transfer,0.0,Completed,
TX_0000006673,CUST0807,2025-03-20,OA-389,18,219000,Debit Card,21.0,Completed,Recommended seller
TX_0000006228,CUST0754,2025-06-14,KB-223,21,434000,Debit Card,36.0,Completed,
TX_0000000293,CUST0039,2025-09-05,YZ-734,29,254000,Debit Card,42.0,Completed,
TX_0000003129,CUST0382,2024-10-09,ZM-949,9,65000,Credit Card,25.0,Completed,
TX_0000001052,CUST0128,2025-01-04,LZ-869,20,372000,E-wallet,34.0,Refunded,
TX_0000002893,CUST0356,2025-01-30,OW-052,17,143000,Cash,25.0,Completed,
TX_0000007323,CUST0888,2024-11-19,ZZ-478,19,119000,Cash,13.0,Refunded,
TX_0000000273,CUST0035,2024-12-05,KI-436,11,228000,Debit Card,37.0,Completed,"Super fast shipping, thanks"
TX_0000002043,CUST0250,2025-09-23,IS-650,21,400000,Cash,33.0,Pending,
TX_0000006351,CUST0769,2025-05-05,PU-188,27,184000,E-wallet,9.0,Completed,
TX_0000004872,CUST0586,2024-07-11,YR-306,3,45000,E-wallet,16.0,Cancelled,
TX_0000003035,CUST0371,2024-10-02,LV-691,13,288000,Bank Transfer,44.0,Completed,
TX_0000003136,CUST0382,2025-04-09,HO-356,14,470000,Bank Transfer,9.0,Completed,Standard quality for the price
TX_0000001087,CUST0134,2024-11-24,JA-877,20,463000,E-wallet,,Refunded,
TX_0000005541,CUST0673,2025-01-26,MT-714,4,462000,Cash,34.0,Completed,"Defective item, please replace"
TX_0000003338,CUST0405,2025-01-07,SN-270,35,249000,Bank Transfer,,Completed,Fast response from seller
TX_0000004511,CUST0545,2024-10-27,BL-687,34,349000,Credit Card,37.0,Cancelled,
TX_0000005881,CUST0710,2025-08-05,KF-589,16,440000,Bank Transfer,8.0,Completed,Good product for this price range
TX_0000002865,CUST0351,2025-09-23,XX-318,13,153000,E-wallet,,Completed,
TX_0000008078,CUST0983,2024-08-01,NT-783,16,338000,Credit Card,36.0,Completed,A bit expensive but satisfied with result
TX_0000006373,CUST0771,2025-02-15,BH-174,31,410000,Credit Card,28.0,Completed,
TX_0000005529,CUST0670,2025-09-20,LL-603,40,354000,E-wallet,23.0,Completed,
TX_0000006715,CUST0812,2025-08-13,EP-875,21,103000,Cash,23.0,Completed,
TX_0000003106,CUST0380,2024-10-20,RJ-433,1,325000,Cash,41.0,Completed,
TX_0000007890,CUST0960,2025-08-07,HB-660,21,198000,Cash,39.0,Completed,
TX_0000004170,CUST0505,2024-10-07,FB-805,18,285000,Debit Card,4.0,Completed,
TX_0000000614,CUST0075,2025-02-28,SW-804,13,82000,E-wallet,47.0,Completed,
TX_0000003363,CUST0407,2024-11-24,ZK-148,15,334000,Debit Card,40.0,Completed,
TX_0000007392,CUST0897,2024-11-29,BH-829,25,403000,Credit Card,44.0,Completed,"Item as ordered, safe packaging"
TX_0000003539,CUST0427,2024-12-17,AC-589,29,342000,Credit Card,31.0,Completed,
TX_0000004583,CUST0552,2025-01-14,RL-081,17,178000,Bank Transfer,24.0,Completed,
TX_0000004802,CUST0578,2025-07-20,BS-489,16,280000,Bank Transfer,12.0,Completed,
TX_0000001749,CUST0215,2025-01-07,TF-126,28,406000,E-wallet,6.0,Cancelled,Item arrived safely
TX_0000007397,CUST0897,2024-10-29,OB-614,3,91000,Debit Card,8.0,Completed,Item arrived faster than expected
TX_0000006281,CUST0762,2025-01-06,LS-478,2,196000,Credit Card,31.0,Pending,
TX_0000006772,CUST0822,2025-01-13,VU-110,40,449000,Debit Card,21.0,Completed,Product matches description
TX_0000007511,CUST0909,2024-11-30,MT-659,3,431000,Debit Card,,Completed,
TX_0000007276,CUST0882,2024-12-30,VI-558,14,102000,Credit Card,7.0,Refunded,"Good quality, competitive price"
TX_0000002663,CUST0323,2025-09-24,JN-218,17,159000,Bank Transfer,48.0,Cancelled,
TX_0000005177,CUST0626,2024-12-23,FD-172,2,464000,Debit Card,46.0,Completed,
TX_0000003796,CUST0454,2025-01-22,ZK-905,36,313000,Debit Card,46.0,Completed,
TX_0000002155,CUST0264,2025-03-09,LV-956,35,363000,Cash,7.0,Completed,"High quality product, recommended"
TX_0000001345,CUST0167,2024-11-05,PM-910,24,470000,Cash,36.0,Completed,"Friendly seller, item as ordered"
TX_0000007928,CUST0963,2024-12-27,RX-700,22,500000,Cash,43.0,Completed,"Good product, meets expectations"
TX_0000006166,CUST0745,2025-09-06,QR-093,19,162000,Bank Transfer,46.0,Completed,
TX_0000006404,CUST0775,2025-04-18,KQ-045,23,121000,E-wallet,7.0,Completed,
TX_0000000953,CUST0120,2025-06-02,ON-934,35,363000,Bank Transfer,16.0,Completed,
TX_0000006058,CUST0731,2025-04-11,JC-540,3,370000,E-wallet,35.0,Completed,5 stars for this product
TX_0000001505,CUST0189,2025-03-04,GN-297,1,29000,Credit Card,8.0,Cancelled,
TX_0000003470,CUST0419,2025-03-17,IM-160,23,318000,Cash,30.0,Pending,
TX_0000008156,CUST0995,2025-02-23,HR-139,27,328000,E-wallet,1.0,Completed,
TX_0000006293,CUST0762,2025-05-24,SQ-102,25,370000,Debit Card,0.0,Completed,"Amazing product, exceeds expectations"
TX_0000001122,CUST0137,2025-03-22,TZ-293,20,360000,Debit Card,29.0,Completed,
TX_0000008105,CUST0987,2025-08-18,AE-192,17,372000,Cash,21.0,Completed,"Product meets expectations, will buy again"
TX_0000004939,CUST0597,2025-07-25,RG-108,23,462000,Debit Card,49.0,Completed,
TX_0000004624,CUST0556,2024-12-29,YU-939,5,275000,Bank Transfer,10.0,Completed,"Thick bubble wrap packaging, safe"
TX_0000005147,CUST0622,2025-02-19,CM-200,16,375000,Bank Transfer,4.0,Completed,"Item arrived quickly, good condition"
TX_0000004901,CUST0590,2024-10-19,UR-211,33,452000,Debit Card,33.0,Completed,"Professional seller, highly recommended"
TX_0000005339,CUST0649,2025-05-12,JC-809,17,247000,Bank Transfer,23.0,Completed,Item arrived faster than expected
TX_0000008145,CUST0992,2024-12-09,LD-662,32,130000,Bank Transfer,6.0,Completed,
TX_0000000417,CUST0055,2024-12-10,AW-521,11,182000,Cash,34.0,Completed,
TX_0000006694,CUST0811,2025-08-04,AH-924,33,1454000,Cash,39.0,Completed,
TX_0000002432,CUST0298,2024-11-20,EE-812,24,298000,Debit Card,,Completed,
TX_0000003046,CUST0372,2025-07-11,UV-616,24,88000,Debit Card,36.0,Cancelled,
TX_0000000565,CUST0679,2025-09-21,NZ-419,21,5000,Debit Card,44.0,Completed,Shipping delayed but item is good
TX_0000002527,CUST0310,2025-01-01,VZ-575,9,405000,Credit Card,49.0,Completed,5 stars for this product
TX_0000001225,CUST0153,2025-09-20,OJ-182,4,453000,E-wallet,2.0,Completed,A bit expensive but satisfied with result
TX_0000000143,CUST0017,2025-03-30,OR-143,17,154000,Cash,9.0,Completed,A bit expensive but worth the quality
TX_0000006401,CUST0775,2024-10-19,UL-846,25,468000,E-wallet,17.0,Completed,
TX_0000001491,CUST0188,2025-09-05,KE-960,17,475000,Debit Card,28.0,Refunded,
TX_0000003050,CUST0372,2025-08-18,HS-146,4,324000,Debit Card,13.0,Completed,
TX_0000003704,CUST0443,2025-07-10,WL-235,6,308000,Bank Transfer,31.0,Completed,
TX_0000005844,CUST0705,2024-08-29,DF-833,30,471000,Cash,3.0,Completed,
TX_0000002654,CUST0322,2024-11-16,SW-614,9,402000,Credit Card,47.0,Cancelled,Slightly defective but still usable
TX_0000002005,CUST0245,2025-06-29,YJ-337,18,198000,Cash,28.0,Completed,
TX_0000001195,CUST0149,2024-10-27,CJ-785,24,153000,Debit Card,6.0,Completed,
TX_0000005264,CUST0635,2025-02-19,RH-963,3,159000,Debit Card,,Cancelled,
TX_0000003040,CUST0371,2025-02-20,WI-049,5,376000,E-wallet,6.0,Completed,"Great product, will order again"
TX_0000001757,CUST0216,2024-10-02,CA-961,18,438000,Bank Transfer,50.0,Completed,Doesn't match my expectations
TX_0000000498,CUST0065,2025-02-13,PT-961,25,233000,Credit Card,22.0,Cancelled,
TX_0000002827,CUST0345,2024-12-06,GG-669,32,284000,E-wallet,14.0,Completed,
TX_0000004082,CUST0493,2024-11-18,XJ-194,35,214000,Credit Card,2.0,Completed,
TX_0000008015,CUST0975,2025-03-18,VU-567,26,389000,Bank Transfer,8.0,Completed,"Honest seller, item as described"
TX_0000000913,CUST0114,2025-03-18,AH-018,14,200000,E-wallet,33.0,Completed,
TX_0000000722,CUST0092,2024-10-04,NS-860,35,405000,Credit Card,38.0,Completed,"Item as ordered, safe packaging"
TX_0000005977,CUST0723,2025-09-17,JC-385,7,28000,Credit Card,14.0,Cancelled,
TX_0000006193,CUST0749,2024-12-21,CU-618,17,273000,Cash,27.0,Refunded,
TX_0000001497,CUST0189,2024-11-02,GB-560,3,341000,Cash,3.0,Refunded,
TX_0000005681,CUST0689,2025-01-01,JS-680,16,398000,Credit Card,16.0,Completed,Premium quality at affordable price
TX_0000001521,CUST0191,2025-08-31,OM-449,29,174000,Cash,50.0,Completed,Premium quality at affordable price
TX_0000005246,CUST0634,2025-03-09,NI-282,34,154000,Cash,28.0,Completed,A bit overpriced in my opinion
TX_0000002747,CUST0333,2024-10-12,FD-531,22,130000,E-wallet,13.0,Completed,"Friendly seller, item as ordered"
TX_0000007857,CUST0957,2025-02-26,JT-891,17,238000,E-wallet,24.0,Completed,
TX_0000004072,CUST0491,2025-03-03,YB-325,20,263000,Cash,,Completed,
TX_0000005876,CUST0709,2024-11-11,ZK-034,23,231000,Debit Card,10.0,Completed,
TX_0000006608,CUST0800,2024-11-20,NY-466,17,310000,Credit Card,,Completed,
TX_0000000109,CUST0014,2025-01-07,NY-420,25,380000,Bank Transfer,24.0,Completed,
TX_0000001755,CUST0216,2025-01-17,QG-655,1,323000,Credit Card,50.0,Completed,"Amazing product, highly recommended"
TX_0000007858,CUST0957,2024-10-12,KC-751,18,203000,E-wallet,13.0,Completed,
TX_0000001352,CUST0167,2024-11-17,WJ-577,25,979000,Cash,1.0,Completed,"Great product, will order again"
TX_0000004636,CUST0556,2025-09-12,MO-452,11,90000,Bank Transfer,5.0,Cancelled,Responsive and helpful seller
TX_0000004551,CUST0548,2025-03-08,PU-843,39,170000,Debit Card,30.0,Completed,"Slow shipping, ordinary item"
TX_0000006709,CUST0812,2025-07-20,ZS-545,25,160000,Credit Card,27.0,Completed,
TX_0000001974,CUST0241,2024-12-09,QJ-673,21,149000,E-wallet,9.0,Completed,
TX_0000000337,CUST0044,2025-02-02,TS-329,1,386000,Credit Card,33.0,Completed,
TX_0000002765,CUST0335,2025-01-29,JK-607,24,352000,Bank Transfer,24.0,Completed,
TX_0000005160,CUST0624,2025-02-22,YJ-704,38,356000,Cash,11.0,Completed,Fast response from seller
TX_0000005782,CUST0698,2025-09-14,NN-938,28,171000,Debit Card,47.0,Completed,
TX_0000008191,CUST0998,2025-03-14,FP-519,39,252000,Credit Card,46.0,Completed,Friendly and professional service
TX_0000008033,CUST0977,2024-08-18,WR-776,33,192000,E-wallet,2.0,Cancelled,
TX_0000003227,CUST0391,2024-11-21,SL-194,17,289000,Cash,1.0,Completed,Product matches description
TX_0000007852,CUST0956,2024-08-23,ZD-112,19,178000,Debit Card,16.0,Completed,
TX_0000003476,CUST0419,2025-08-26,FW-867,30,120000,Debit Card,21.0,Cancelled,"Good quality, competitive price"
TX_0000000725,CUST0092,2025-06-18,MM-974,27,274000,Cash,42.0,Completed,
TX_0000000766,CUST0096,2024-12-05,TN-376,13,241000,Cash,42.0,Completed,
TX_0000004451,CUST0539,2025-02-17,NK-903,35,300000,Cash,45.0,Completed,Standard quality for the price
TX_0000004060,CUST0489,2025-05-17,WV-674,16,450000,Credit Card,14.0,Pending,
TX_0000004615,CUST0554,2025-05-11,HZ-907,10,146000,Credit Card,28.0,Cancelled,
TX_0000000308,CUST0041,2025-08-11,GR-217,39,289000,Bank Transfer,35.0,Completed,
TX_0000001279,CUST0158,2025-06-13,NZ-410,26,144000,Cash,40.0,Completed,Recommended seller
TX_0000000349,CUST0047,2024-12-31,NP-169,30,458000,Credit Card,33.0,Completed,Standard quality for the price
TX_0000004504,CUST0543,2025-08-01,AQ-645,11,40000,Debit Card,38.0,Completed,
TX_0000006390,CUST0773,2025-07-16,BJ-471,38,214000,Debit Card,3.0,Completed,
TX_0000007047,CUST0857,2025-07-20,RK-964,15,418000,Credit Card,0.0,Completed,"Thank you, very recommended"
TX_0000007437,CUST0900,2024-07-21,NI-961,5,484000,Debit Card,15.0,Completed,
TX_0000001792,CUST0220,2024-11-26,WW-867,22,126000,Bank Transfer,30.0,Completed,"Quality product, attractive packaging"
TX_0000004272,CUST0516,2025-03-17,AR-173,18,469000,E-wallet,,Completed,
TX_0000007670,CUST0933,2025-02-26,LS-968,23,87000,E-wallet,50.0,Completed,
TX_0000005785,CUST0699,2025-03-04,ZE-074,23,321000,Debit Card,27.0,Completed,
TX_0000002054,CUST0252,2024-11-12,HV-285,5,7000,E-wallet,41.0,Completed,
TX_0000003287,CUST0398,2025-02-17,DO-079,19,488000,E-wallet,,Completed,"Super fast shipping, thanks"
TX_0000005121,CUST0619,2025-02-06,TI-860,22,391000,Credit Card,9.0,Completed,"Quality product, attractive packaging"
TX_0000000072,CUST0010,2024-11-02,VX-947,26,315000,Credit Card,,Cancelled,"Thank you, very recommended"
TX_0000003384,CUST0409,2025-08-08,SP-715,25,243000,Credit Card,39.0,Completed,"Thick bubble wrap packaging, safe"
TX_0000002760,CUST0334,2025-02-01,XO-975,17,398000,Bank Transfer,31.0,Completed,
TX_0000004185,CUST0507,2025-02-02,BQ-895,37,198000,Bank Transfer,49.0,Completed,
TX_0000004216,CUST0511,2024-10-10,ND-869,13,191000,E-wallet,18.0,Completed,
TX_0000006499,CUST0784,2025-01-01,UC-362,3,203000,E-wallet,,Refunded,
TX_0000004238,CUST0513,2024-11-24,WQ-808,16,104000,Debit Card,34.0,Completed,
TX_0000005472,CUST0663,2024-12-03,LD-718,24,455000,Credit Card,23.0,Completed,
TX_0000003359,CUST0407,2024-10-06,ZI-021,32,145000,E-wallet,6.0,Completed,"Amazing product, exceeds expectations"
TX_0000001261,CUST0157,2025-05-18,PW-736,35,421000,Bank Transfer,2.0,Refunded,
TX_0000001667,CUST0208,2025-01-06,YI-517,37,459000,Bank Transfer,44.0,Completed,Slightly disappointed with the finishing
TX_0000007441,CUST0902,2025-05-03,MI-980,30,285000,E-wallet,39.0,Completed,"Product meets expectations, will buy again"
TX_0000004174,CUST0505,2024-11-06,XR-943,19,489000,Cash,2.0,Completed,Premium quality at affordable price
TX_0000004363,CUST0527,2024-10-10,TO-193,18,156000,E-wallet,11.0,Completed,"Quality product, attractive packaging"
TX_0000006376,CUST0771,2025-09-21,DR-607,19,273000,Cash,38.0,Completed,
TX_0000002168,CUST0265,2024-11-01,LY-738,13,264000,Cash,38.0,Completed,A bit disappointing for this price
TX_0000007810,CUST0950,2025-07-15,MC-368,22,481000,Cash,42.0,Cancelled,Very satisfied with this purchase
TX_0000002534,CUST0311,2024-12-23,GC-386,16,12000,Bank Transfer,28.0,Completed,
TX_0000001696,CUST0210,2024-10-15,WQ-373,28,185000,Bank Transfer,41.0,Completed,A bit expensive but satisfied with result
TX_0000001096,CUST0135,2025-08-31,NK-210,17,116000,Bank Transfer,39.0,Completed,
TX_0000006179,CUST0748,2024-11-11,QN-640,5,153000,Bank Transfer,10.0,Completed,"Good item, express shipping"
TX_0000006344,CUST0768,2025-06-16,WV-378,17,296000,Bank Transfer,,Completed,
TX_0000004623,CUST0556,2025-01-01,JU-542,15,207000,E-wallet,31.0,Completed,
TX_0000001631,CUST0204,2025-08-06,JV-967,24,400000,Debit Card,46.0,Completed,
TX_0000005029,CUST0608,2025-07-08,PF-549,20,171000,Cash,,Completed,
TX_0000001882,CUST0230,2025-07-30,BH-219,19,196000,Bank Transfer,6.0,Pending,"Standard quality, reasonable price"
TX_0000006919,CUST0842,2025-02-22,ER-646,2,89000,Credit Card,18.0,Completed,
TX_0000005506,CUST0667,2025-05-04,AG-313,26,159000,Debit Card,7.0,Completed,
TX_0000001613,CUST0202,2024-10-23,KJ-578,10,353000,Credit Card,8.0,Completed,"Quality product, satisfying service"
TX_0000000979,CUST0121,2024-12-12,QO-103,15,342000,Cash,29.0,Completed,
TX_0000001414,CUST0179,2024-10-25,IE-861,23,200000,E-wallet,50.0,Cancelled,
TX_0000005840,CUST0705,2025-08-07,HF-898,27,279000,Debit Card,23.0,Refunded,
TX_0000003485,CUST0421,2025-06-18,XQ-621,35,158000,Bank Transfer,14.0,Completed,
TX_0000000849,CUST0412,2024-12-26,AN-712,15,95000,E-wallet,1.0,Completed,Responsive and helpful seller
TX_0000006818,CUST0827,2025-01-08,FA-080,37,138000,Credit Card,13.0,Completed,
TX_0000003838,CUST0458,2024-11-29,SO-016,26,432000,Credit Card,13.0,Completed,
TX_0000002272,CUST0278,2025-02-11,AG-300,26,120000,Debit Card,10.0,Completed,Slightly defective but still usable
TX_0000002393,CUST0292,2025-07-28,JE-646,35,464000,Cash,24.0,Completed,
TX_0000006478,CUST0783,2025-02-11,BQ-628,28,162000,Credit Card,40.0,Completed,Good product for this price range
TX_0000001831,CUST0224,2025-07-16,EK-889,21,224000,Cash,49.0,Completed,Won't buy here again
TX_0000007769,CUST0946,2024-12-03,JX-749,29,326000,Cash,25.0,Completed,
TX_0000000048,CUST0006,2025-08-18,NX-903,13,291000,Credit Card,45.0,Completed,
TX_0000004314,CUST0520,2024-10-21,CX-675,26,468000,Cash,24.0,Cancelled,
TX_0000006454,CUST0781,2024-12-28,SK-805,33,339000,Debit Card,19.0,Cancelled,A bit expensive but satisfied with result
TX_0000001351,CUST0167,2024-11-07,YY-683,30,357000,Bank Transfer,42.0,Completed,Good product for this price range
TX_0000007638,CUST0929,2025-09-13,ES-707,20,457000,Debit Card,14.0,Cancelled,"Competitive price, decent quality"
TX_0000005867,CUST0708,2025-02-27,DH-895,27,488000,Cash,20.0,Completed,
TX_0000000447,CUST0059,2025-08-15,SP-419,40,230000,Bank Transfer,43.0,Completed,
TX_0000002249,CUST0275,2024-12-05,GY-901,33,489000,Cash,43.0,Completed,
TX_0000001744,CUST0215,2025-01-07,NA-834,36,193000,E-wallet,9.0,Completed,
TX_0000000845,CUST0412,2025-02-14,OZ-191,25,74000,Bank Transfer,2.0,Completed,
TX_0000005230,CUST0630,2025-09-10,ML-724,21,217000,Debit Card,33.0,Completed,
TX_0000007921,CUST0962,2025-09-19,DJ-718,4,377000,Cash,18.0,Cancelled,
TX_0000003263,CUST0395,2024-12-31,XJ-500,14,221000,Credit Card,26.0,Completed,
TX_0000002441,CUST0299,2025-02-12,QT-674,37,149000,Debit Card,28.0,Completed,
TX_0000000679,CUST0085,2025-06-16,HR-569,19,486000,Credit Card,0.0,Completed,Won't buy here again
TX_0000004163,CUST0504,2024-12-19,HQ-569,31,341000,Cash,8.0,Completed,
TX_0000003734,CUST0448,2024-08-03,LF-869,39,201000,Credit Card,10.0,Completed,A bit overpriced in my opinion
TX_0000004618,CUST0555,2024-11-30,LU-949,4,403000,Debit Card,34.0,Completed,Standard quality for the price
TX_0000001295,CUST0160,2025-07-19,JC-520,4,210000,Debit Card,33.0,Completed,Response was slow but item is good
TX_0000002895,CUST0356,2024-06-09,IN-185,31,246000,E-wallet,26.0,Completed,A bit expensive but worth the quality
TX_0000004031,CUST0485,2025-05-25,GZ-881,7,140000,Cash,41.0,Completed,
TX_0000004648,CUST0558,2025-09-21,DV-023,4,214000,Debit Card,33.0,Cancelled,Response was slow but item is good
TX_0000007666,CUST0932,2025-01-15,JT-977,21,252000,Debit Card,17.0,Completed,
TX_0000005875,CUST0709,2025-03-14,SL-510,16,358000,Bank Transfer,46.0,Completed,
TX_0000004908,CUST0591,2025-02-17,ZD-618,34,160000,Credit Card,,Completed,Doesn't meet expectations
TX_0000001113,CUST0137,2024-12-13,EC-529,29,466000,Debit Card,34.0,Completed,Item arrived faster than expected
TX_0000005872,CUST0709,2025-01-26,LM-247,1,360000,Bank Transfer,27.0,Completed,"Quality product, attractive packaging"
TX_0000000777,CUST0097,2025-03-06,KQ-215,3,286000,E-wallet,29.0,Completed,
TX_0000007757,CUST0943,2025-01-11,BW-687,34,111000,Cash,2.0,Completed,
TX_0000002232,CUST0273,2025-08-21,GH-432,30,336000,E-wallet,46.0,Completed,
TX_0000002229,CUST0271,2025-02-11,TP-422,23,327000,Credit Card,12.0,Refunded,"Amazing product, highly recommended"
TX_0000002154,CUST0264,2025-05-12,XQ-020,38,424000,Cash,49.0,Completed,Disappointed with item quality
TX_0000005584,CUST0679,2025-09-24,JH-471,19,304000,E-wallet,10.0,Completed,
TX_0000007160,CUST0868,2024-11-12,YM-179,40,224000,Debit Card,39.0,Completed,
TX_0000004023,CUST0484,2024-12-31,FA-078,1,64000,Debit Card,24.0,Completed,
TX_0000007425,CUST0899,2025-03-17,HW-867,33,164000,Credit Card,5.0,Completed,A bit expensive but satisfied with result
TX_0000001367,CUST0169,2025-01-12,RH-900,19,156000,Debit Card,13.0,Completed,"Good product, meets expectations"
TX_0000001470,CUST0186,2024-12-14,JA-010,30,299000,E-wallet,14.0,Completed,"Item as ordered, safe packaging"
TX_0000001852,CUST0227,2025-02-23,UK-755,37,400000,Credit Card,25.0,Cancelled,
TX_0000001964,CUST0239,2025-03-07,LF-414,33,436000,E-wallet,29.0,Completed,"Poor product, requesting refund"
TX_0000003071,CUST0375,2024-10-02,MB-095,19,431000,Bank Transfer,47.0,Cancelled,"Original item, fast shipping"
TX_0000004922,CUST0595,2025-02-26,GI-118,19,194000,Bank Transfer,1.0,Completed,
TX_0000004743,CUST0571,2025-01-20,ZK-706,19,299000,Debit Card,14.0,Completed,Product matches description
TX_0000006202,CUST0750,2024-12-27,RO-577,37,377000,Bank Transfer,37.0,Completed,Good product for this price range
TX_0000000486,CUST0064,2024-10-02,YT-785,28,262000,Cash,44.0,Completed,Expensive price but worth it
TX_0000002240,CUST0273,2025-08-23,NQ-045,38,411000,Bank Transfer,38.0,Completed,"Amazing product, exceeds expectations"
TX_0000006081,CUST0734,2025-01-04,XZ-113,4,20000,Credit Card,18.0,Completed,
TX_0000003993,CUST0477,2025-09-07,IX-607,26,126000,Bank Transfer,41.0,Completed,"Defective item, please replace"
TX_0000007915,CUST0962,2025-09-16,LK-521,20,396000,E-wallet,28.0,Completed,
TX_0000006297,CUST0763,2024-11-11,CK-095,16,411000,E-wallet,39.0,Completed,
TX_0000000031,CUST0005,2025-09-01,FE-000,40,221000,Cash,34.0,Completed,A bit disappointing for this price
TX_0000004447,CUST0537,2025-03-09,QN-245,2,253000,Bank Transfer,25.0,Refunded,"Amazing product, exceeds expectations"
TX_0000001880,CUST0230,2025-09-17,MJ-366,11,174000,E-wallet,25.0,Cancelled,
TX_0000005956,CUST0720,2025-09-12,MX-067,24,181000,Bank Transfer,6.0,Completed,
TX_0000003097,CUST0379,2024-11-13,NY-936,32,426000,Credit Card,13.0,Completed,A bit expensive but worth the quality
TX_0000007881,CUST0959,2025-05-26,TO-631,37,275000,Cash,27.0,Pending,"Item arrived quickly, good condition"
TX_0000006380,CUST0772,2025-07-22,KK-675,10,313000,E-wallet,9.0,Completed,"Packaging not neat, but item is okay"
TX_0000007353,CUST0892,2025-05-27,HV-394,35,211000,Bank Transfer,28.0,Completed,
TX_0000006429,CUST0778,2024-11-26,ST-605,23,278000,Bank Transfer,7.0,Cancelled,
TX_0000001037,CUST0127,2025-07-18,LB-552,35,186000,Cash,0.0,Pending,
TX_0000000637,CUST0079,2025-02-02,WK-395,28,206000,Debit Card,25.0,Completed,
TX_0000005221,CUST0630,2025-03-27,SB-591,37,285000,Cash,11.0,Completed,"Responsive seller, good problem solving"
TX_0000003245,CUST0393,2024-12-24,CI-290,34,430000,Bank Transfer,16.0,Completed,
TX_0000001084,CUST0134,2024-11-02,EY-548,40,449000,Cash,30.0,Completed,"Packaging not neat, but item is okay"
TX_0000002616,CUST0318,2024-12-30,QD-775,25,273000,Credit Card,6.0,Completed,
TX_0000000862,CUST0107,2024-10-02,OD-886,35,137000,Bank Transfer,6.0,Completed,
TX_0000005911,CUST0714,2025-07-16,BH-738,28,327000,Cash,21.0,Completed,
TX_0000000904,CUST0113,2025-02-22,ZR-223,32,177000,Debit Card,28.0,Completed,
TX_0000003853,CUST0460,2025-07-12,UJ-384,23,495000,Debit Card,15.0,Completed,
TX_0000000110,CUST0014,2024-12-26,RZ-092,32,123000,Cash,47.0,Completed,
TX_0000007886,CUST0959,2025-03-11,XV-683,21,209000,Cash,41.0,Completed,"Professional seller, highly recommended"
TX_0000005772,CUST0698,2025-09-14,AB-977,29,234000,Cash,36.0,Completed,
TX_0000004560,CUST0550,2024-10-22,BD-043,18,20000,Bank Transfer,12.0,Completed,"Great product, will order again"
TX_0000003140,CUST0382,2024-11-07,NG-034,11,349000,Cash,11.0,Completed,"Item damaged upon arrival, disappointed"
TX_0000007025,CUST0855,2025-03-07,AK-599,5,273000,Debit Card,9.0,Completed,Product matches description
TX_0000005685,CUST0690,2024-10-13,EE-741,16,415000,Cash,44.0,Completed,
TX_0000006794,CUST0823,2024-04-13,KQ-413,16,255000,Cash,7.0,Refunded,Item arrived in perfect condition
TX_0000001832,CUST0224,2025-01-15,II-414,17,146000,Cash,,Completed,
TX_0000007927,CUST0963,2024-10-27,JO-777,28,436000,Bank Transfer,,Completed,
TX_0000003232,CUST0391,2024-09-20,HO-399,36,205000,E-wallet,29.0,Completed,
TX_0000000783,CUST0097,2024-12-28,MC-531,23,222000,Cash,49.0,Completed,
TX_0000008001,CUST0972,2025-06-08,HE-524,29,463000,Credit Card,9.0,Refunded,"Seller communicative, item is good"
TX_0000005027,CUST0607,2025-01-09,RB-864,18,415000,Debit Card,31.0,Completed,
TX_0000004695,CUST0563,2025-01-26,ET-137,17,130000,Debit Card,43.0,Pending,"Fast shipping, neat packaging"
TX_0000004568,CUST0551,2025-07-25,EZ-360,18,249000,Bank Transfer,23.0,Completed,Product doesn't match picture
TX_0000003107,CUST0380,2024-12-26,MX-107,28,233000,Credit Card,39.0,Completed,
TX_0000007708,CUST0937,2025-01-09,RI-999,5,447000,Cash,14.0,Completed,Doesn't meet expectations
TX_0000001826,CUST0224,2025-09-19,ER-327,18,310000,Cash,16.0,Completed,
TX_0000002618,CUST0319,2025-01-30,DB-577,37,319000,Credit Card,13.0,Completed,
TX_0000005660,CUST0687,2025-02-15,TY-790,18,493000,Bank Transfer,12.0,Completed,
TX_0000001095,CUST0135,2025-09-18,JH-210,5,336000,Cash,38.0,Completed,"Responsive seller, good problem solving"
TX_0000005764,CUST0696,2024-12-02,EG-418,34,298000,Credit Card,,Completed,
TX_0000004535,CUST0547,2025-01-30,CT-990,26,175000,Bank Transfer,9.0,Completed,
TX_0000003544,CUST0428,2025-03-09,IB-906,39,294000,Bank Transfer,39.0,Completed,
TX_0000004996,CUST0605,2024-12-31,LM-119,32,129000,Cash,41.0,Completed,
TX_0000007293,CUST0885,2025-07-16,KC-536,28,260000,Bank Transfer,47.0,Refunded,
TX_0000004321,CUST0521,2024-11-24,CW-975,9,287000,E-wallet,40.0,Completed,"100% original item, recommended"
TX_0000005667,CUST0689,2025-02-01,OS-507,22,447000,Bank Transfer,,Completed,
TX_0000001655,CUST0206,2024-11-27,LF-389,34,345000,Bank Transfer,0.0,Completed,
TX_0000007647,CUST0930,2025-08-26,FO-347,24,177000,Credit Card,48.0,Completed,
TX_0000007515,CUST0910,2025-03-14,TL-786,20,309000,Debit Card,39.0,Completed,5 stars for this product
TX_0000002324,CUST0285,2025-03-28,SO-872,26,436000,E-wallet,30.0,Completed,
TX_0000002414,CUST0294,2025-09-17,UZ-841,20,441000,Cash,16.0,Completed,
TX_0000006290,CUST0762,2024-12-25,SN-692,13,500000,Cash,6.0,Completed,
TX_0000002655,CUST0322,2025-03-05,ZQ-600,18,269000,Credit Card,,Completed,"Good item, express shipping"
TX_0000003317,CUST0402,2024-06-05,LA-259,28,395000,Bank Transfer,34.0,Completed,
TX_0000006702,CUST0812,2025-09-19,YT-571,32,334000,Debit Card,,Completed,
TX_0000002679,CUST0326,2025-01-23,ZI-646,22,127000,E-wallet,19.0,Completed,
TX_0000004650,CUST0558,2025-09-24,FA-645,23,178000,Cash,25.0,Completed,Fast response from seller
TX_0000005345,CUST0649,2025-01-24,ZF-634,18,158000,Bank Transfer,4.0,Completed,A bit expensive but satisfied with result
TX_0000003652,CUST0435,2025-09-07,HM-015,33,455000,Debit Card,6.0,Completed,"Professional seller, highly recommended"
TX_0000008051,CUST0980,2024-10-16,EJ-028,20,335000,Credit Card,30.0,Completed,"Item as ordered, safe packaging"
TX_0000006573,CUST0795,2024-10-01,HX-369,31,183000,Cash,3.0,Completed,Slightly defective but still usable
TX_0000000179,CUST0021,2025-09-24,VX-141,30,205000,Bank Transfer,23.0,Cancelled,
TX_0000007815,CUST0950,2025-09-08,LW-237,38,149000,Cash,17.0,Completed,
TX_0000005614,CUST0682,2025-06-13,PQ-893,32,279000,Credit Card,22.0,Completed,"Defective item, please replace"
TX_0000003502,CUST0423,2025-05-25,SO-957,33,175000,Bank Transfer,43.0,Completed,Very satisfied with this purchase
TX_0000001205,CUST0150,2025-08-04,LZ-817,10,140000,Credit Card,,Completed,
TX_0000002203,CUST0269,2024-12-28,GY-245,40,350000,Debit Card,42.0,Completed,
TX_0000006556,CUST0793,2025-01-30,ST-448,25,251000,Credit Card,45.0,Cancelled,Friendly and professional service
TX_0000006655,CUST0804,2025-02-28,OB-430,31,182000,E-wallet,0.0,Completed,"Slow shipping, ordinary item"
TX_0000006331,CUST0767,2025-02-27,QX-955,22,382000,Bank Transfer,3.0,Completed,
TX_0000007646,CUST0930,2025-08-31,JM-788,10,321000,E-wallet,,Completed,"Professional seller, highly recommended"
TX_0000008157,CUST0995,2024-12-17,PU-412,34,181000,Debit Card,44.0,Completed,
TX_0000003793,CUST0454,2025-08-09,II-521,26,239000,Bank Transfer,35.0,Completed,"Product meets expectations, great"
TX_0000001771,CUST0218,2024-10-20,GD-107,35,359000,E-wallet,1.0,Completed,"Item matches picture, very satisfied"
TX_0000000830,CUST0104,2025-09-23,ZD-229,29,105000,Credit Card,13.0,Completed,Bit disappointing from the photo
TX_0000000942,CUST0119,2024-09-13,VL-731,19,299000,Cash,33.0,Completed,Very satisfied with this purchase
TX_0000003323,CUST0403,2025-01-04,RF-609,13,87000,Bank Transfer,38.0,Completed,"Honest seller, item as described"
TX_0000002487,CUST0305,2025-09-06,OF-540,28,135000,Cash,25.0,Completed,
TX_0000000628,CUST0078,2025-04-08,FW-531,34,102000,Cash,29.0,Completed,
TX_0000004964,CUST0601,2024-11-09,VC-455,30,415000,Cash,18.0,Refunded,
TX_0000006107,CUST0737,2024-10-15,VT-949,5,165000,Bank Transfer,33.0,Completed,
TX_0000000926,CUST0117,2025-01-13,UR-020,19,381000,Credit Card,37.0,Completed,
TX_0000000296,CUST0039,2025-06-10,LV-214,24,213000,Debit Card,23.0,Completed,
TX_0000001053,CUST0128,2025-02-28,HQ-085,32,495000,Debit Card,47.0,Completed,
TX_0000002708,CUST0328,2025-04-16,YL-523,18,87000,Credit Card,7.0,Completed,
TX_0000008055,CUST0980,2024-11-30,VF-702,13,464000,Debit Card,30.0,Completed,
TX_0000007354,CUST0892,2025-01-23,PF-824,38,310000,E-wallet,25.0,Completed,
TX_0000008050,CUST0980,2025-01-09,FX-888,14,302000,Debit Card,40.0,Refunded,
TX_0000003008,CUST0368,2024-12-06,EU-921,17,146000,E-wallet,0.0,Refunded,
TX_0000002790,CUST0340,2025-04-29,FS-032,24,440000,Cash,1.0,Completed,Bit overpriced but quality is okay
TX_0000000945,CUST0119,2025-01-16,EB-572,8,331000,Cash,3.0,Completed,
TX_0000006526,CUST0788,2024-03-13,OU-321,23,97000,E-wallet,38.0,Completed,
TX_0000006801,CUST0824,2025-04-02,IH-151,19,457000,E-wallet,5.0,Completed,Bit disappointing from the photo
TX_0000000013,CUST0003,2025-04-24,ZH-932,34,250000,Debit Card,24.0,Completed,"Responsive seller, good problem solving"
TX_0000001118,CUST0137,2025-01-06,DI-967,20,186000,Bank Transfer,18.0,Completed,Doesn't match my expectations
TX_0000005983,CUST0724,2025-03-24,KN-646,24,135000,Debit Card,39.0,Completed,"Poor product, requesting refund"
TX_0000008022,CUST0976,2025-09-17,UO-321,25,282000,Credit Card,31.0,Completed,
TX_0000006026,CUST0728,2024-10-15,SO-447,31,175000,Debit Card,7.0,Completed,
TX_0000003922,CUST0467,2024-10-26,GO-411,40,117000,Debit Card,29.0,Completed,
TX_0000004591,CUST0553,2025-01-25,KQ-306,40,325000,Credit Card,16.0,Completed,
TX_0000001320,CUST0165,2025-09-24,VI-127,21,231000,E-wallet,21.0,Completed,
TX_0000000780,CUST0097,2025-01-12,KH-154,12,344000,Bank Transfer,27.0,Completed,Product matches description
TX_0000008012,CUST0974,2025-01-02,HS-242,32,305000,Credit Card,4.0,Completed,
TX_0000007504,CUST0909,2025-01-08,KZ-513,14,136000,E-wallet,26.0,Cancelled,Poor quality for this price
TX_0000003791,CUST0453,2024-11-25,IY-874,31,232000,Cash,,Completed,
TX_0000003945,CUST0473,2025-01-08,AQ-720,27,383000,Debit Card,13.0,Completed,"Item matches picture, very satisfied"
TX_0000000434,CUST0058,2024-10-02,DK-289,27,196000,Debit Card,21.0,Pending,"Safe shipping, nothing damaged"
TX_0000000654,CUST0081,2025-03-10,RM-966,40,395000,E-wallet,49.0,Completed,
TX_0000002478,CUST0304,2024-10-17,EU-732,15,325000,Cash,40.0,Completed,
TX_0000003356,CUST0406,2024-11-10,UC-568,21,223000,Credit Card,24.0,Pending,
TX_0000003542,CUST0428,2024-10-08,DB-174,18,348000,E-wallet,15.0,Completed,"Quality product, satisfying service"
TX_0000006910,CUST0838,2024-10-22,OU-990,38,217000,Credit Card,20.0,Completed,
TX_0000007239,CUST0877,2025-05-08,LM-704,24,433000,Cash,42.0,Completed,"High quality product, recommended"
TX_0000005049,CUST0609,2025-01-25,CD-049,23,72000,Debit Card,31.0,Completed,
TX_0000003205,CUST0388,2024-11-29,KB-175,17,473000,Bank Transfer,4.0,Completed,
TX_0000007992,CUST0970,2025-06-24,EQ-944,29,140000,Bank Transfer,38.0,Completed,Response was slow but item is good
TX_0000003821,CUST0457,2025-06-03,MC-664,21,320000,Cash,46.0,Refunded,
TX_0000002887,CUST0354,2025-01-28,QS-804,11,422000,Debit Card,44.0,Cancelled,Very slow shipping
TX_0000006616,CUST0800,2025-02-17,VM-005,15,172000,E-wallet,41.0,Completed,
TX_0000006219,CUST0753,2025-06-01,HB-978,20,299000,Bank Transfer,11.0,Completed,"Fast shipping, neat packaging"
TX_0000006209,CUST0751,2024-10-12,OQ-602,21,376000,E-wallet,8.0,Completed,
TX_0000003938,CUST0470,2024-12-12,AE-773,17,187000,Bank Transfer,26.0,Completed,"Product meets expectations, will buy again"
TX_0000006005,CUST0726,2024-05-29,MN-264,10,433000,Credit Card,25.0,Completed,
TX_0000005709,CUST0693,2024-10-23,IF-538,20,465000,Cash,35.0,Completed,Doesn't meet expectations
TX_0000008166,CUST0996,2025-01-15,UF-285,37,276000,Bank Transfer,24.0,Completed,
TX_0000000571,CUST0072,2025-03-10,KP-333,2,500,Bank Transfer,34.0,Completed,"Packaging not neat, but item is okay"
TX_0000001449,CUST0183,2024-12-26,OU-261,18,306000,E-wallet,38.0,Completed,
TX_0000004976,CUST0602,2025-08-09,WX-663,1,242000,Debit Card,35.0,Completed,
TX_0000004611,CUST0554,2025-05-24,NY-660,15,433000,Bank Transfer,20.0,Completed,
TX_0000006824,CUST0828,2024-12-31,CE-922,34,112000,Credit Card,4.0,Completed,
TX_0000003429,CUST0414,2025-07-02,NK-611,26,112000,Cash,41.0,Completed,
TX_0000007489,CUST0907,2025-01-09,LT-448,24,207000,E-wallet,1.0,Completed,
TX_0000001746,CUST0215,2024-08-22,DD-634,28,449000,Credit Card,25.0,Completed,
TX_0000002742,CUST0332,2025-09-17,CC-071,38,450000,Cash,27.0,Completed,"Packaging not neat, but item is okay"
TX_0000001591,CUST0198,2025-08-11,LI-424,29,341000,Cash,,Completed,
TX_0000007799,CUST0949,2024-11-17,OQ-000,30,207000,Credit Card,30.0,Completed,"Quality matches the price, decent enough"
TX_0000004004,CUST0479,2025-02-12,EI-734,34,143000,Bank Transfer,11.0,Completed,Original and quality item
TX_0000000288,CUST0036,2025-08-08,DW-164,25,380000,Credit Card,6.0,Completed,
TX_0000001739,CUST0214,2025-01-05,LZ-225,31,1035000,Bank Transfer,1.0,Cancelled,Very satisfied with this purchase
TX_0000005152,CUST0623,2025-02-10,LR-625,26,370000,Bank Transfer,7.0,Completed,
TX_0000007244,CUST0878,2024-11-29,XI-792,22,209000,Bank Transfer,10.0,Completed,
TX_0000005939,CUST0717,2025-03-15,RW-196,2,448000,Cash,50.0,Completed,
TX_0000007571,CUST0920,2025-02-25,AS-634,38,401000,Cash,33.0,Cancelled,"Cheap price, decent quality"
TX_0000004903,CUST0590,2025-02-04,JG-823,17,419000,E-wallet,35.0,Completed,
TX_0000006325,CUST0766,2025-08-19,KZ-202,22,403000,Cash,50.0,Completed,Response was slow but item is good
TX_0000005211,CUST0629,2025-03-03,GT-595,38,291000,E-wallet,10.0,Completed,Expensive price but worth it
TX_0000002828,CUST0345,2025-02-13,VY-431,20,217000,Debit Card,37.0,Completed,
TX_0000001685,CUST0209,2025-09-23,YG-975,6,208000,Cash,50.0,Completed,
TX_0000006153,CUST0743,2024-10-04,UY-397,15,120000,E-wallet,,Completed,Quality below expectations
TX_0000001339,CUST0166,2025-03-24,ZT-369,1,227000,Debit Card,32.0,Completed,
TX_0000007213,CUST0875,2025-01-16,ED-820,34,266000,E-wallet,11.0,Completed,
TX_0000002743,CUST0332,2025-07-31,NR-125,19,150000,E-wallet,,Completed,
TX_0000004002,CUST0479,2025-01-12,SW-566,15,495000,Credit Card,35.0,Pending,"Quality item, packaging OK"
TX_0000006728,CUST0815,2025-01-24,CL-310,6,368000,Cash,37.0,Completed,
TX_0000004055,CUST0488,2024-11-20,YF-627,22,396000,E-wallet,18.0,Completed,
TX_0000004588,CUST0552,2025-03-08,KN-059,25,81000,Credit Card,25.0,Completed,Doesn't match my expectations
TX_0000002903,CUST0357,2025-05-12,FE-186,33,447000,Bank Transfer,15.0,Completed,Fast response from seller
TX_0000002259,CUST0277,2025-03-18,LN-618,22,265000,Debit Card,48.0,Completed,Price matches quality
TX_0000007747,CUST0942,2025-08-22,NA-140,23,204000,Credit Card,43.0,Completed,Price matches quality
TX_0000002987,CUST0366,2025-08-06,SG-845,22,109000,Debit Card,22.0,Completed,Price matches quality
TX_0000004983,CUST0604,2025-01-25,XJ-508,19,311000,Bank Transfer,2.0,Completed,
TX_0000002122,CUST0259,2024-10-28,BI-285,26,417000,Credit Card,13.0,Completed,Bit disappointing from the photo
TX_0000006753,CUST0818,2025-09-21,KP-310,18,407000,Credit Card,24.0,Completed,
TX_0000003371,CUST0408,2024-11-07,GH-938,8,371000,Debit Card,42.0,Completed,"Thick bubble wrap packaging, safe"
TX_0000004521,CUST0545,2025-02-02,HR-257,24,119000,E-wallet,17.0,Completed,
TX_0000001565,CUST0196,2025-09-23,SP-584,21,175000,Cash,17.0,Cancelled,A bit overpriced in my opinion
TX_0000006269,CUST0760,2024-11-12,RV-396,20,174000,Cash,38.0,Completed,
TX_0000004770,CUST0573,2024-10-30,LR-018,25,282000,Cash,,Completed,
TX_0000003946,CUST0473,2025-03-26,EK-156,30,165000,Bank Transfer,9.0,Completed,
TX_0000003306,CUST0400,2024-11-03,GI-602,34,354000,Debit Card,15.0,Completed,
TX_0000002186,CUST0268,2025-03-02,HA-585,25,448000,Credit Card,25.0,Completed,
TX_0000004057,CUST0488,2024-12-01,KZ-076,33,269000,Bank Transfer,0.0,Completed,
TX_0000001232,CUST0153,2025-09-20,EN-386,17,890000,Cash,40.0,Completed,
TX_0000006559,CUST0793,2025-02-25,QG-551,5,170000,Cash,43.0,Completed,Item arrived in perfect condition
TX_0000001259,CUST0156,2024-12-03,BY-935,29,270000,E-wallet,42.0,Completed,Slightly disappointed with the finishing
TX_0000002255,CUST0277,2025-01-01,JH-996,23,365000,Debit Card,6.0,Completed,
TX_0000001952,CUST0238,2025-05-16,XO-451,32,209000,E-wallet,4.0,Completed,"Item damaged upon arrival, disappointed"
TX_0000007626,CUST0927,2025-04-28,CI-879,36,423000,Debit Card,16.0,Completed,
TX_0000000114,CUST0014,2024-11-20,QO-447,21,378000,Bank Transfer,10.0,Cancelled,
TX_0000007622,CUST0927,2025-07-05,KX-632,38,477000,Credit Card,43.0,Completed,
TX_0000002510,CUST0308,2025-07-25,LM-423,28,147000,Debit Card,4.0,Completed,
TX_0000006015,CUST0728,2024-11-04,QE-578,18,386000,E-wallet,49.0,Refunded,
TX_0000004467,CUST0540,2024-12-29,TK-876,36,425000,Cash,16.0,Completed,
TX_0000003873,CUST0463,2024-12-01,VM-467,35,469000,Bank Transfer,2.0,Completed,
TX_0000002549,CUST0313,2024-10-19,BM-345,14,255000,Bank Transfer,36.0,Completed,Item arrived safely
TX_0000007009,CUST0853,2025-09-11,PY-207,23,296000,E-wallet,1.0,Completed,
TX_0000000508,CUST0066,2025-06-17,MN-908,20,212000,Bank Transfer,6.0,Completed,
TX_0000005283,CUST0639,2024-10-12,KX-232,15,137000,Debit Card,11.0,Completed,
TX_0000004641,CUST0557,2025-01-22,XT-220,34,130000,Credit Card,12.0,Completed,
TX_0000003686,CUST0441,2025-06-01,EO-399,13,245000,Bank Transfer,22.0,Completed,Very satisfied with this purchase
TX_0000003397,CUST0410,2025-02-07,MO-761,28,100000,E-wallet,,Completed,"Honest seller, item as described"
TX_0000003648,CUST0435,2025-09-04,DN-811,33,293000,E-wallet,16.0,Completed,Very satisfied with this purchase
TX_0000006113,CUST0738,2025-03-12,SM-330,18,377000,Cash,41.0,Completed,"Product meets expectations, great"
TX_0000007034,CUST0855,2025-02-13,KB-162,17,25000,Bank Transfer,18.0,Completed,
TX_0000002851,CUST0348,2025-08-19,FH-939,20,313000,Cash,,Completed,A bit expensive but satisfied with result
TX_0000004804,CUST0579,2024-11-02,SZ-315,20,151000,E-wallet,24.0,Completed,"100% original item, recommended"
TX_0000004375,CUST0528,2024-12-13,WE-922,17,427000,Cash,50.0,Completed,
TX_0000007719,CUST0939,2025-07-27,BY-452,36,645000,E-wallet,3.0,Completed,
TX_0000000351,CUST0047,2025-02-20,ZR-206,15,206000,Bank Transfer,36.0,Completed,
TX_0000007155,CUST0868,2025-03-22,CM-191,30,312000,Debit Card,13.0,Completed,
TX_0000002907,CUST0357,2024-11-09,XX-572,19,489000,E-wallet,18.0,Completed,Fast response from seller
TX_0000004462,CUST0540,2024-11-14,GC-115,10,347000,Credit Card,28.0,Completed,
TX_0000004598,CUST0553,2025-03-20,LC-315,22,208000,E-wallet,47.0,Completed,"Fast shipping, neat packaging"
TX_0000002506,CUST0307,2025-06-14,RR-651,29,124000,Cash,37.0,Refunded,Responsive and helpful seller
TX_0000002621,CUST0319,2025-03-26,FW-618,21,237000,Bank Transfer,34.0,Cancelled,
TX_0000004448,CUST0538,2024-10-22,ZI-336,22,267000,Bank Transfer,31.0,Completed,
TX_0000001115,CUST0137,2025-02-02,ON-594,15,363000,Debit Card,42.0,Completed,Disappointed with item quality
TX_0000002847,CUST0348,2025-08-12,DL-972,18,18000,Cash,26.0,Completed,
TX_0000007790,CUST0948,2025-02-21,KX-481,37,183000,Debit Card,10.0,Completed,Responsive and helpful seller
TX_0000000299,CUST0039,2025-08-16,NS-746,30,105000,Cash,12.0,Completed,
TX_0000001676,CUST0208,2025-02-08,CD-194,17,324000,Bank Transfer,1.0,Completed,
TX_0000006512,CUST0786,2025-02-11,VJ-162,15,300000,Credit Card,25.0,Completed,
TX_0000007773,CUST0946,2024-10-08,YO-145,23,429000,E-wallet,29.0,Completed,
TX_0000006144,CUST0743,2025-02-13,RC-604,9,101000,E-wallet,39.0,Completed,
TX_0000006259,CUST0759,2025-07-29,CJ-014,15,303000,Cash,50.0,Completed,Expensive price but worth it
TX_0000006692,CUST0811,2025-08-09,UZ-928,40,324000,Cash,19.0,Completed,
TX_0000007842,CUST0954,2024-10-26,XQ-365,14,23000,Cash,21.0,Completed,"Poor product, requesting refund"
TX_0000008106,CUST0987,2024-06-24,LH-245,1,218000,Credit Card,40.0,Completed,
TX_0000000230,CUST0030,2024-12-29,OT-563,29,204000,Bank Transfer,42.0,Completed,
TX_0000000077,CUST0011,2025-08-28,WJ-694,15,141000,Bank Transfer,3.0,Completed,"Product matches photo, good quality"
TX_0000003888,CUST0464,2025-01-19,CG-244,22,302000,Cash,50.0,Completed,"Honest seller, item as described"
TX_0000005702,CUST0692,2024-12-06,FM-284,37,347000,E-wallet,33.0,Completed,
TX_0000007986,CUST0969,2025-09-20,XO-467,29,413000,Bank Transfer,31.0,Completed,Bit disappointing from the photo
TX_0000005286,CUST0640,2024-11-11,HO-270,21,277000,Debit Card,5.0,Completed,Poor quality for this price
TX_0000002104,CUST0257,2025-04-23,RM-410,21,191000,Debit Card,28.0,Completed,
TX_0000006453,CUST0780,2024-10-23,SL-509,22,131000,Credit Card,47.0,Completed,
TX_0000003772,CUST0452,2025-02-16,JV-208,7,33000,Debit Card,43.0,Completed,
TX_0000003949,CUST0473,2024-12-03,OG-824,29,350000,Credit Card,8.0,Completed,
TX_0000007316,CUST0888,2025-01-07,YF-599,25,440000,E-wallet,49.0,Completed,"Quality item, packaging OK"
TX_0000007633,CUST0928,2025-07-13,LS-232,31,100000,Cash,29.0,Completed,
TX_0000005489,CUST0665,2025-09-05,OH-532,12,161000,Bank Transfer,48.0,Completed,
TX_0000001615,CUST0202,2025-01-16,ZG-967,23,62000,Credit Card,26.0,Completed,
TX_0000000608,CUST0075,2024-12-12,QQ-062,4,230000,Credit Card,10.0,Completed,Poor quality for this price
TX_0000006222,CUST0753,2025-08-20,UL-767,25,240000,Cash,2.0,Completed,
TX_0000004846,CUST0583,2024-04-09,BY-351,24,115000,Debit Card,45.0,Completed,
TX_0000001094,CUST0135,2025-08-28,MI-208,2,600,Debit Card,23.0,Completed,Satisfying service
TX_0000003291,CUST0399,2025-07-27,HC-035,18,312000,Debit Card,43.0,Completed,"Amazing product, highly recommended"
TX_0000002623,CUST0319,2024-12-19,RU-083,28,188000,Credit Card,,Completed,
TX_0000006643,CUST0803,2025-09-04,QK-306,27,267000,Cash,22.0,Completed,
TX_0000008054,CUST0980,2024-11-01,JH-232,4,46000,Bank Transfer,19.0,Completed,
TX_0000007788,CUST0948,2025-04-08,WM-697,26,473000,Debit Card,50.0,Completed,
TX_0000000204,CUST0024,2024-05-31,XK-116,20,375000,Bank Transfer,,Completed,
TX_0000002388,CUST0292,2025-07-29,LB-460,15,335000,Debit Card,1.0,Completed,
TX_0000004884,CUST0588,2025-03-07,HQ-716,21,356000,Bank Transfer,14.0,Completed,
TX_0000007814,CUST0950,2025-07-13,ZQ-027,22,321000,E-wallet,8.0,Completed,
TX_0000000838,CUST0105,2025-09-05,NT-299,18,219000,Credit Card,16.0,Completed,
TX_0000002935,CUST0360,2025-08-15,HJ-791,25,170000,Debit Card,20.0,Completed,
TX_0000005847,CUST0706,2025-03-14,WP-835,34,372000,Cash,20.0,Completed,
TX_0000008137,CUST0991,2025-07-18,KA-283,24,307000,Debit Card,,Completed,Standard quality for the price
TX_0000001231,CUST0153,2025-09-22,WI-864,28,317000,Debit Card,48.0,Refunded,
TX_0000006235,CUST0756,2025-02-05,WY-162,15,278000,Debit Card,12.0,Completed,
TX_0000005539,CUST0672,2024-11-12,GF-013,20,314000,Cash,35.0,Completed,
TX_0000001610,CUST0202,2025-07-10,CK-023,25,17000,Credit Card,14.0,Completed,"Item matches picture, very satisfied"
TX_0000007675,CUST0933,2025-03-05,UH-717,9,217000,Credit Card,15.0,Completed,
TX_0000006870,CUST0835,2025-03-25,FL-337,20,389000,Debit Card,17.0,Completed,
TX_0000005193,CUST0627,2025-09-03,FX-891,15,445000,Bank Transfer,4.0,Completed,
TX_0000004841,CUST0583,2024-12-05,PA-104,14,350000,Bank Transfer,40.0,Completed,
TX_0000005833,CUST0704,2024-12-09,GP-945,18,391000,Credit Card,34.0,Completed,"High quality product, recommended"
TX_0000002733,CUST0331,2024-12-20,TH-903,36,187000,Cash,35.0,Completed,
TX_0000007171,CUST0871,2025-07-31,GO-046,32,399000,Debit Card,30.0,Completed,
TX_0000005026,CUST0607,2024-07-14,EG-380,4,326000,Debit Card,0.0,Completed,
TX_0000006305,CUST0765,2025-07-30,DU-146,19,1168000,Credit Card,7.0,Completed,"Professional seller, highly recommended"
TX_0000005662,CUST0688,2025-08-13,JP-379,14,282000,E-wallet,17.0,Completed,Poor quality for this price
TX_0000004229,CUST0512,2025-05-16,PF-547,23,158000,Bank Transfer,11.0,Completed,Fast response from seller
TX_0000003775,CUST0452,2024-12-01,ZC-567,9,199000,Credit Card,9.0,Completed,
TX_0000003910,CUST0466,2024-12-02,JA-937,18,378000,Cash,3.0,Completed,Item arrived safely
TX_0000006264,CUST0759,2025-08-10,AX-913,38,420000,Cash,27.0,Completed,
TX_0000006636,CUST0802,2025-03-27,RN-544,2,289000,Cash,8.0,Completed,Item arrived faster than expected
TX_0000007277,CUST0883,2024-10-14,JS-592,9,282000,Cash,,Completed,
TX_0000005752,CUST0696,2024-01-22,JC-353,19,128000,Credit Card,,Completed,Slightly defective but still usable
TX_0000000658,CUST0083,2025-01-25,XC-375,15,129000,E-wallet,36.0,Completed,"Poor product, requesting refund"
TX_0000000791,CUST0100,2024-12-31,CQ-860,18,477000,E-wallet,20.0,Refunded,
TX_0000004968,CUST0602,2025-09-09,TM-510,4,224000,Bank Transfer,23.0,Completed,
TX_0000004995,CUST0604,2025-01-05,ZS-600,38,112000,Credit Card,17.0,Completed,"Quality is okay, affordable price"
TX_0000006761,CUST0820,2025-01-06,VH-627,25,496000,Bank Transfer,48.0,Completed,
TX_0000002562,CUST0314,2025-06-19,DZ-844,29,254000,Cash,9.0,Cancelled,"Original item, fast shipping"
TX_0000002641,CUST0322,2025-08-31,NG-404,6,401000,E-wallet,9.0,Completed,"Defective item, please replace"
TX_0000001360,CUST0168,2025-07-24,II-421,37,214000,E-wallet,13.0,Cancelled,
TX_0000006028,CUST0729,2025-03-13,HC-725,5,84000,Debit Card,24.0,Completed,
TX_0000002348,CUST0287,2025-05-29,PW-114,9,382000,Debit Card,36.0,Completed,"Item arrived quickly, good condition"
TX_0000005677,CUST0689,2024-10-08,AF-101,34,711000,E-wallet,10.0,Pending,
TX_0000003289,CUST0398,2024-09-29,TZ-473,32,127000,E-wallet,26.0,Completed,Item arrived faster than expected
TX_0000002782,CUST0338,2024-12-25,DJ-374,31,239000,Cash,9.0,Completed,
TX_0000003406,CUST0412,2024-10-21,LI-243,20,216000,Credit Card,28.0,Completed,
TX_0000006717,CUST0813,2025-01-07,SG-723,16,111000,E-wallet,0.0,Cancelled,
TX_0000006237,CUST0756,2024-09-17,VW-175,40,156000,Cash,36.0,Cancelled,
TX_0000006210,CUST0751,2024-08-01,QS-830,40,450000,Credit Card,44.0,Completed,"Defective item, please replace"
TX_0000007169,CUST0869,2024-10-29,QK-783,35,447000,Credit Card,27.0,Completed,"Standard quality, reasonable price"
TX_0000004824,CUST0581,2025-06-19,JV-406,8,146000,Bank Transfer,33.0,Completed,"Item matches picture, very satisfied"
TX_0000000616,CUST0075,2024-12-04,AV-163,11,370000,Debit Card,46.0,Completed,
TX_0000002576,CUST0315,2025-03-13,RF-759,37,280000,Credit Card,22.0,Completed,
TX_0000006277,CUST0761,2024-10-31,QI-024,32,190000,Credit Card,1.0,Completed,
TX_0000002315,CUST0283,2025-07-11,IN-701,23,420000,Cash,44.0,Completed,"Thank you, very recommended"
TX_0000001706,CUST0211,2024-10-20,RL-599,7,500000,Cash,34.0,Completed,
TX_0000005823,CUST0703,2024-10-26,QR-651,27,261000,E-wallet,26.0,Completed,
TX_0000007347,CUST0891,2025-02-21,IS-021,4,1500,E-wallet,40.0,Cancelled,
TX_0000007161,CUST0868,2025-02-09,XI-597,15,265000,Debit Card,15.0,Completed,"Honest seller, item as described"
TX_0000001781,CUST0219,2024-10-23,RE-033,14,391000,E-wallet,42.0,Completed,
TX_0000003543,CUST0428,2025-03-19,YP-595,31,276000,Credit Card,7.0,Completed,"Amazing product, exceeds expectations"
TX_0000000804,CUST0102,2024-11-05,FI-303,32,422000,Debit Card,11.0,Completed,Recommended seller
TX_0000000858,CUST0107,2024-12-11,TT-025,20,372000,Cash,3.0,Completed,
TX_0000004687,CUST0562,2025-07-14,WB-077,30,402000,E-wallet,35.0,Completed,Bit overpriced but quality is okay
TX_0000004794,CUST0578,2025-08-29,MN-035,21,466000,Credit Card,3.0,Completed,
TX_0000000991,CUST0122,2025-03-24,TC-337,28,177000,Debit Card,13.0,Completed,
TX_0000005521,CUST0669,2024-11-03,FX-103,1,132000,E-wallet,2.0,Completed,
TX_0000004337,CUST0523,2025-09-04,QM-445,27,407000,Credit Card,7.0,Completed,Poor quality for this price
TX_0000004865,CUST0585,2024-12-29,JF-796,11,428000,E-wallet,25.0,Completed,A bit expensive but worth the quality
TX_0000005804,CUST0701,2025-06-27,GY-758,20,195000,Debit Card,29.0,Completed,"Amazing product, highly recommended"
TX_0000000220,CUST0029,2025-09-02,GW-575,35,157000,Cash,19.0,Refunded,
TX_0000005649,CUST0686,2024-03-21,UY-329,34,181000,Debit Card,6.0,Completed,
TX_0000001289,CUST0160,2024-11-06,MG-366,9,51000,Cash,26.0,Completed,
TX_0000003164,CUST0385,2025-09-23,NX-389,14,102000,E-wallet,,Completed,
TX_0000000583,CUST0073,2025-07-27,EB-698,15,451000,Cash,22.0,Completed,
TX_0000002619,CUST0319,2025-07-11,CQ-864,30,406000,Cash,28.0,Completed,"Amazing product, exceeds expectations"
TX_0000000044,CUST0006,2025-08-04,AM-884,19,493000,Bank Transfer,49.0,Completed,"Product meets expectations, will buy again"
TX_0000001235,CUST0153,2025-09-18,RB-843,37,184000,E-wallet,,Completed,
TX_0000005790,CUST0699,2024-09-27,CG-284,17,425000,Cash,8.0,Refunded,
TX_0000006365,CUST0770,2024-10-16,YR-868,31,329000,E-wallet,33.0,Completed,Expensive price but worth it
TX_0000004353,CUST0524,2025-05-01,BU-850,37,211000,Debit Card,21.0,Completed,
TX_0000007932,CUST0964,2025-01-17,YI-337,23,305000,Bank Transfer,25.0,Completed,"Honest seller, item as described"
TX_0000001893,CUST0231,2025-03-11,IZ-008,37,492000,Debit Card,1.0,Completed,
TX_0000006560,CUST0794,2025-02-13,FN-297,23,19000,Cash,35.0,Refunded,
TX_0000007182,CUST0871,2025-09-15,OA-206,37,125000,Debit Card,20.0,Completed,"Product meets expectations, will buy again"
TX_0000004699,CUST0563,2024-11-11,JV-294,25,102000,E-wallet,24.0,Completed,Recommended seller
TX_0000007415,CUST0898,2025-01-25,AR-654,15,180000,Cash,39.0,Completed,Price matches quality
TX_0000001072,CUST0130,2025-01-14,AS-183,40,463000,Cash,7.0,Completed,
TX_0000000719,CUST0091,2025-01-17,KQ-737,18,313000,Credit Card,26.0,Completed,
TX_0000002365,CUST0290,2025-03-13,WT-939,23,455000,Cash,39.0,Completed,
TX_0000001506,CUST0190,2025-08-08,WF-648,19,189000,Credit Card,1.0,Completed,
TX_0000003782,CUST0453,2024-12-08,QS-800,16,335000,Credit Card,5.0,Completed,Very slow shipping
TX_0000000671,CUST0084,2025-02-26,TL-436,16,168000,Bank Transfer,26.0,Refunded,Good product for this price range
TX_0000004788,CUST0576,2024-10-12,HN-805,27,1130000,Credit Card,27.0,Completed,
TX_0000002953,CUST0362,2025-08-04,GS-255,17,17000,Cash,31.0,Completed,Product matches description
TX_0000004956,CUST0599,2024-12-07,QK-661,24,1924000,Debit Card,38.0,Completed,
TX_0000006562,CUST0794,2025-01-30,GS-590,18,23000,E-wallet,18.0,Completed,Bit disappointing from the photo
TX_0000004765,CUST0573,2024-09-23,PE-577,20,109000,E-wallet,0.0,Completed,"Quality matches the price, decent enough"
TX_0000000898,CUST0112,2024-11-24,LW-493,21,275000,Bank Transfer,9.0,Completed,
TX_0000006602,CUST0798,2024-10-04,SX-517,36,205000,Credit Card,21.0,Completed,Item arrived faster than expected
TX_0000002667,CUST0323,2025-07-07,YB-762,24,228000,Credit Card,18.0,Cancelled,Doesn't meet expectations
TX_0000003194,CUST0388,2024-12-09,DX-085,18,320000,Credit Card,32.0,Completed,"Product not original, very disappointed"
TX_0000002891,CUST0355,2025-08-24,VO-034,19,404000,Credit Card,30.0,Completed,
TX_0000005268,CUST0635,2024-10-25,ON-438,16,383000,Debit Card,,Completed,
TX_0000001531,CUST0193,2025-08-31,VZ-343,1,86000,Bank Transfer,26.0,Completed,
TX_0000004289,CUST0518,2024-12-15,ZU-810,8,70000,Bank Transfer,15.0,Completed,
TX_0000006857,CUST0832,2024-11-30,AO-528,36,110000,E-wallet,27.0,Completed,Original and quality item
TX_0000007055,CUST0857,2024-10-07,VI-207,31,166000,Credit Card,47.0,Completed,
TX_0000006549,CUST0793,2025-01-04,KP-811,28,450000,E-wallet,46.0,Refunded,
TX_0000004718,CUST0567,2024-10-20,GA-691,28,153000,Credit Card,32.0,Completed,A bit expensive but worth the quality
TX_0000006980,CUST0849,2024-10-22,OY-373,33,331000,E-wallet,,Completed,
TX_0000003943,CUST0473,2025-02-01,NZ-950,16,276000,Debit Card,15.0,Completed,Responsive and helpful seller
TX_0000006738,CUST0817,2025-03-04,PT-252,5,256000,Bank Transfer,42.0,Completed,"Quality is okay, affordable price"
TX_0000006263,CUST0759,2025-08-30,JR-607,18,192000,Credit Card,25.0,Completed,
TX_0000001875,CUST0229,2024-11-29,QM-129,3,133000,Debit Card,35.0,Completed,"Safe shipping, nothing damaged"
TX_0000002371,CUST0291,2025-06-16,LT-960,18,424000,E-wallet,40.0,Pending,
TX_0000001770,CUST0218,2025-01-16,PI-726,26,175000,Cash,19.0,Completed,
TX_0000007125,CUST0864,2024-11-08,CX-323,7,420000,Bank Transfer,37.0,Completed,"Quality item, packaging OK"
TX_0000005307,CUST0644,2024-10-19,OE-004,34,128000,Credit Card,45.0,Refunded,
TX_0000001984,CUST0241,2024-11-22,XZ-271,3,272000,Cash,48.0,Completed,"Professional seller, highly recommended"
TX_0000000532,CUST0070,2025-01-23,ST-786,17,427000,Bank Transfer,6.0,Completed,
TX_0000005888,CUST0711,2025-08-31,XJ-383,26,500000,Cash,34.0,Completed,Price worth it for the quality
TX_0000006196,CUST0749,2025-03-19,UR-553,35,300000,Debit Card,37.0,Completed,
TX_0000007123,CUST0864,2024-11-18,MM-469,7,312000,Debit Card,26.0,Completed,"Professional seller, highly recommended"
TX_0000002882,CUST0353,2025-08-17,RV-826,34,210000,E-wallet,22.0,Completed,
TX_0000000082,CUST0011,2024-12-06,YC-494,19,213000,E-wallet,39.0,Completed,
TX_0000005697,CUST0691,2025-03-19,DG-234,32,222000,Cash,11.0,Completed,
TX_0000006675,CUST0808,2025-09-04,YP-542,22,264000,E-wallet,8.0,Completed,
TX_0000007899,CUST0960,2025-06-22,LH-201,19,241000,E-wallet,2.0,Completed,"Seller communicative, item is good"
TX_0000002164,CUST0265,2025-03-24,ZC-276,11,159000,Bank Transfer,,Completed,
TX_0000000732,CUST0092,2024-10-08,WL-468,34,185000,Credit Card,4.0,Completed,
TX_0000002340,CUST0287,2025-07-24,BD-906,3,231000,E-wallet,4.0,Completed,
TX_0000005974,CUST0723,2025-09-19,PJ-805,14,252000,Bank Transfer,25.0,Completed,
TX_0000002233,CUST0273,2025-09-05,JV-677,16,135000,Debit Card,31.0,Completed,Standard quality for the price
TX_0000003956,CUST0474,2025-09-20,SV-410,5,320000,Credit Card,12.0,Completed,
TX_0000005297,CUST0642,2025-06-16,HE-508,22,275000,E-wallet,33.0,Completed,
TX_0000007734,CUST0941,2025-03-14,HZ-313,8,370000,E-wallet,4.0,Completed,"Honest seller, item as described"
TX_0000005607,CUST0681,2025-09-08,WM-805,5,268000,Credit Card,47.0,Completed,Responsive and helpful seller
TX_0000004990,CUST0604,2025-02-10,RS-993,39,268000,E-wallet,27.0,Completed,"Professional seller, highly recommended"
TX_0000003353,CUST0406,2024-12-19,UX-028,20,110000,Cash,41.0,Completed,A bit overpriced in my opinion
TX_0000003965,CUST0474,2025-08-29,RA-317,40,162000,Debit Card,27.0,Completed,"Responsive seller, good problem solving"
TX_0000007669,CUST0933,2024-10-30,SV-557,17,10000,Credit Card,34.0,Completed,
TX_0000002706,CUST0328,2025-06-25,YN-801,20,218000,Bank Transfer,13.0,Completed,
TX_0000001256,CUST0156,2025-01-05,ZX-178,20,439000,Debit Card,0.0,Refunded,"Product meets expectations, will buy again"
TX_0000002105,CUST0258,2025-07-25,OJ-372,35,133000,Bank Transfer,3.0,Completed,
TX_0000004425,CUST0535,2025-01-01,AA-941,17,413000,E-wallet,8.0,Completed,"Slow shipping, ordinary item"
TX_0000006183,CUST0748,2025-03-04,GF-218,24,224000,Bank Transfer,21.0,Completed,
TX_0000005370,CUST0654,2025-05-06,TK-367,8,332000,Credit Card,5.0,Completed,
TX_0000000899,CUST0112,2024-11-06,DK-885,13,114000,E-wallet,24.0,Completed,
TX_0000000429,CUST0057,2024-10-07,FD-933,16,251000,Bank Transfer,38.0,Completed,
TX_0000005683,CUST0690,2024-12-18,CQ-102,37,426000,Cash,11.0,Completed,
TX_0000006460,CUST0782,2024-12-10,BF-214,10,374000,Bank Transfer,26.0,Completed,
TX_0000006424,CUST0777,2024-11-24,MC-812,33,265000,E-wallet,6.0,Completed,Fast response from seller
TX_0000007426,CUST0899,2024-12-08,RB-106,19,331000,E-wallet,5.0,Completed,
TX_0000001223,CUST0152,2025-01-07,UH-951,23,226000,E-wallet,2.0,Completed,
TX_0000005919,CUST0715,2025-03-20,JB-175,25,153000,Cash,11.0,Completed,"Good product, meets expectations"
TX_0000003650,CUST0435,2025-08-31,TX-202,19,308000,Cash,45.0,Completed,"Product meets expectations, great"
TX_0000005897,CUST0713,2025-02-27,DL-618,29,130000,Bank Transfer,35.0,Completed,Shipping a bit slow but good item
TX_0000005282,CUST0639,2025-02-20,XX-922,32,252000,E-wallet,38.0,Completed,
TX_0000003435,CUST0415,2024-10-08,MB-707,32,322000,Credit Card,10.0,Refunded,
TX_0000006201,CUST0750,2025-09-17,FG-712,39,119000,E-wallet,30.0,Refunded,
TX_0000001622,CUST0202,2025-02-11,JH-553,6,58000,Bank Transfer,42.0,Cancelled,
TX_0000007326,CUST0889,2025-06-19,OY-545,9,270000,Debit Card,12.0,Completed,
TX_0000003165,CUST0385,2025-09-11,GH-409,17,458000,Cash,9.0,Completed,
TX_0000004217,CUST0511,2024-12-24,VE-781,9,196000,Cash,,Completed,
TX_0000006550,CUST0793,2024-10-14,AV-764,27,457000,Cash,39.0,Completed,
TX_0000001097,CUST0135,2025-09-06,BG-233,8,278000,Credit Card,33.0,Completed,"Premium quality product, excellent"
TX_0000002716,CUST0329,2024-11-16,QD-836,24,402000,Cash,14.0,Cancelled,
TX_0000002073,CUST0254,2024-10-19,FY-895,15,151000,Credit Card,22.0,Completed,Shipping a bit slow but good item
TX_0000007410,CUST0898,2025-07-10,QL-380,21,488000,E-wallet,0.0,Completed,
TX_0000005376,CUST0654,2025-02-02,FR-973,10,113000,Bank Transfer,20.0,Completed,"Quality item, packaging OK"
TX_0000004191,CUST0508,2025-04-13,AD-554,18,497000,Debit Card,19.0,Completed,
TX_0000006587,CUST0796,2024-11-02,TZ-935,22,283000,E-wallet,22.0,Completed,
TX_0000006914,CUST0841,2024-10-10,PB-694,17,442000,Cash,1.0,Completed,
TX_0000002589,CUST0316,2025-07-26,FI-007,14,328000,Credit Card,43.0,Cancelled,
TX_0000006951,CUST0844,2025-08-04,AQ-796,16,189000,Debit Card,47.0,Refunded,
TX_0000001789,CUST0220,2025-06-04,BC-995,16,241000,Debit Card,39.0,Completed,
TX_0000005957,CUST0720,2025-09-20,BU-176,25,259000,Debit Card,31.0,Refunded,"Product not original, very disappointed"
TX_0000007132,CUST0865,2025-08-10,YO-280,16,28000,Credit Card,47.0,Completed,
TX_0000000529,CUST0069,2025-01-01,EI-407,37,114000,Cash,16.0,Cancelled,"Premium quality product, excellent"
TX_0000004190,CUST0508,2024-11-10,LV-954,37,408000,Bank Transfer,15.0,Completed,
TX_0000000193,CUST0023,2025-03-12,FC-085,19,307000,Cash,50.0,Completed,"Quality item, packaging OK"
TX_0000003654,CUST0437,2025-07-09,ZZ-369,23,435000,E-wallet,49.0,Completed,
TX_0000001127,CUST0138,2025-08-05,PP-064,18,182000,E-wallet,6.0,Completed,
TX_0000005261,CUST0635,2025-05-26,NQ-946,22,373000,Debit Card,45.0,Completed,
TX_0000003571,CUST0430,2024-11-25,WZ-424,4,103000,Cash,43.0,Completed,
TX_0000007871,CUST0958,2025-09-04,EE-428,18,456000,Debit Card,47.0,Cancelled,
TX_0000000305,CUST0039,2025-08-19,IB-941,21,302000,Credit Card,18.0,Completed,
TX_0000003721,CUST0447,2024-10-15,KP-106,21,456000,Debit Card,40.0,Completed,Slightly defective but still usable
TX_0000001293,CUST0160,2024-10-31,WO-056,25,371000,Debit Card,42.0,Completed,"Item damaged upon arrival, disappointed"
TX_0000000071,CUST0010,2025-01-07,QE-897,29,90000,Bank Transfer,31.0,Completed,
TX_0000005412,CUST0658,2025-04-11,YF-213,23,151000,Debit Card,39.0,Completed,Original and quality item
TX_0000004688,CUST0562,2025-07-13,PX-092,19,299000,Bank Transfer,9.0,Completed,Product matches description
TX_0000002688,CUST0326,2024-11-16,WP-698,21,345000,Credit Card,27.0,Completed,Bit overpriced but quality is okay
TX_0000005202,CUST0628,2024-11-09,OV-111,16,264000,Cash,37.0,Completed,
TX_0000003827,CUST0457,2025-06-20,DK-464,28,56000,Debit Card,44.0,Completed,
TX_0000000832,CUST0104,2025-09-23,PF-686,23,274000,Cash,16.0,Completed,
TX_0000006720,CUST0813,2024-10-08,YF-253,32,163000,E-wallet,3.0,Completed,"Honest seller, item as described"
TX_0000001457,CUST0184,2024-03-19,BZ-484,25,150000,Debit Card,28.0,Completed,
TX_0000002608,CUST0318,2024-10-23,EM-668,10,311000,Credit Card,25.0,Refunded,Expensive price but worth it
TX_0000005022,CUST0607,2024-12-11,JR-296,16,340000,Credit Card,39.0,Completed,
TX_0000000239,CUST0031,2025-09-21,OR-916,22,115000,E-wallet,8.0,Completed,"Item matches picture, very satisfied"
TX_0000000093,CUST0012,2025-02-03,ZE-484,37,109000,Debit Card,46.0,Completed,
TX_0000002978,CUST0365,2025-09-14,GO-927,5,421000,Cash,34.0,Completed,
TX_0000005058,CUST0610,2024-12-10,EO-671,40,262000,Cash,9.0,Completed,Expensive price but worth it
TX_0000003383,CUST0409,2025-09-24,JO-188,33,145000,E-wallet,39.0,Completed,
TX_0000006168,CUST0746,2025-03-09,XE-502,39,356000,Credit Card,23.0,Completed,"Item arrived quickly, good condition"
TX_0000004516,CUST0545,2025-01-30,EU-864,32,219000,Cash,11.0,Completed,"Amazing product, exceeds expectations"
TX_0000004526,CUST0546,2025-08-31,PT-502,22,327000,Debit Card,46.0,Completed,"Premium quality, very satisfied"
TX_0000006686,CUST0808,2025-09-01,KA-950,19,222000,Cash,19.0,Completed,
TX_0000004335,CUST0522,2024-11-09,DO-267,3,271000,E-wallet,36.0,Completed,
TX_0000005172,CUST0624,2024-12-11,HW-978,29,386000,Credit Card,5.0,Completed,
TX_0000001002,CUST0123,2025-09-15,JR-727,18,120000,Cash,33.0,Cancelled,"Safe packaging, not damaged"
TX_0000006129,CUST0741,2025-05-29,XY-977,32,118000,E-wallet,48.0,Completed,
TX_0000008006,CUST0973,2025-01-22,QI-195,26,447000,Credit Card,1.0,Completed,
TX_0000002378,CUST0291,2025-08-13,JQ-246,29,207000,E-wallet,34.0,Completed,
TX_0000004809,CUST0579,2024-10-24,EO-140,18,153000,Cash,15.0,Completed,"Seller communicative, item is good"
TX_0000003758,CUST0451,2025-08-21,VW-024,24,374000,Debit Card,0.0,Completed,"Premium quality product, excellent"
TX_0000006758,CUST0820,2024-11-18,GM-167,35,370000,Cash,38.0,Completed,Item arrived safely
TX_0000003361,CUST0407,2025-01-05,TZ-257,35,275000,Bank Transfer,6.0,Completed,"Responsive seller, good problem solving"
TX_0000003247,CUST0394,2025-03-05,BD-201,25,243000,Debit Card,38.0,Cancelled,
TX_0000003442,CUST0416,2025-09-20,XS-335,38,146000,Credit Card,45.0,Completed,
TX_0000001533,CUST0193,2025-09-23,AA-566,1,39000,Debit Card,41.0,Completed,
TX_0000002411,CUST0294,2025-08-08,IJ-955,26,311000,Credit Card,34.0,Completed,
TX_0000004984,CUST0604,2025-03-24,LB-136,6,313000,Cash,29.0,Completed,
TX_0000000412,CUST0055,2024-10-15,OW-155,25,122000,Debit Card,39.0,Completed,5 stars for this product
TX_0000006443,CUST0779,2025-07-15,DP-304,12,158000,Bank Transfer,36.0,Completed,Price worth it for the quality
TX_0000007866,CUST0958,2025-08-21,IU-104,37,441000,Bank Transfer,17.0,Completed,
TX_0000003609,CUST0433,2024-10-29,TY-067,6,395000,Credit Card,36.0,Completed,Slightly disappointed with the finishing
TX_0000002806,CUST0342,2025-06-28,WW-493,22,496000,Debit Card,13.0,Completed,
TX_0000007576,CUST0921,2024-09-24,QX-617,19,125000,Bank Transfer,10.0,Completed,
TX_0000006042,CUST0730,2024-10-13,LH-347,17,494000,Bank Transfer,11.0,Completed,
TX_0000003083,CUST0377,2025-04-19,ZG-595,37,276000,Credit Card,12.0,Cancelled,"Super fast shipping, thanks"
TX_0000004555,CUST0550,2025-03-04,EP-887,5,451000,E-wallet,,Completed,Shipping a bit slow but good item
TX_0000001737,CUST0214,2025-02-01,SA-537,23,454000,E-wallet,50.0,Completed,Product doesn't match picture
TX_0000003980,CUST0476,2025-07-21,BK-995,16,362000,Credit Card,14.0,Completed,
TX_0000005622,CUST0682,2025-03-17,PQ-305,18,400000,Bank Transfer,46.0,Completed,
TX_0000007484,CUST0907,2025-01-01,GT-824,4,186000,Debit Card,46.0,Completed,
TX_0000006493,CUST0784,2024-10-20,FQ-106,11,466000,Debit Card,2.0,Completed,"Original item, fast shipping"
TX_0000006258,CUST0759,2025-07-28,KV-653,27,440000,E-wallet,31.0,Completed,
TX_0000005169,CUST0624,2024-11-05,KP-405,15,1986000,E-wallet,7.0,Completed,
TX_0000000634,CUST0079,2025-08-15,QM-096,30,270000,Cash,7.0,Completed,
TX_0000003022,CUST0369,2025-03-19,FE-835,22,303000,Bank Transfer,46.0,Completed,"Professional seller, highly recommended"
TX_0000000499,CUST0065,2024-09-30,VA-461,20,47000,Cash,19.0,Completed,Quality below expectations
TX_0000003923,CUST0467,2025-06-01,RQ-857,22,456000,Debit Card,,Completed,Item arrived safely
TX_0000002464,CUST0301,2025-07-08,YR-795,22,285000,Cash,45.0,Completed,
TX_0000004620,CUST0555,2025-05-07,TH-345,23,700,E-wallet,49.0,Completed,
TX_0000000638,CUST0079,2024-10-21,BV-363,34,114000,Debit Card,27.0,Completed,
TX_0000000721,CUST0092,2024-12-21,IN-432,19,44000,Cash,23.0,Completed,"Fast shipping, neat packaging"
TX_0000000289,CUST0037,2025-03-20,FA-786,28,300000,Credit Card,29.0,Cancelled,Won't buy here again
TX_0000000758,CUST0095,2025-02-06,HR-172,24,116000,E-wallet,17.0,Cancelled,
TX_0000004735,CUST0569,2025-09-09,QH-105,18,326000,Debit Card,8.0,Completed,"Good quality, competitive price"
TX_0000004018,CUST0482,2025-01-05,ML-706,5,162000,Bank Transfer,18.0,Completed,Slightly disappointed with the finishing
TX_0000003090,CUST0378,2025-02-17,OM-502,25,207000,Debit Card,35.0,Cancelled,"Product matches photo, good quality"
TX_0000004476,CUST0541,2025-05-21,WI-242,39,340000,E-wallet,15.0,Completed,
TX_0000005387,CUST0655,2024-12-28,BY-415,2,184000,Bank Transfer,0.0,Completed,
TX_0000004924,CUST0595,2024-12-16,RD-547,21,166000,Debit Card,10.0,Completed,"Thank you, very recommended"
TX_0000000450,CUST0059,2025-08-13,YO-126,33,448000,Debit Card,11.0,Completed,
TX_0000000597,CUST0074,2025-09-12,PM-093,24,197000,E-wallet,23.0,Completed,
TX_0000004109,CUST0498,2025-09-05,KG-640,19,345000,Credit Card,0.0,Completed,
TX_0000003773,CUST0452,2025-02-01,NR-020,17,110000,Credit Card,46.0,Cancelled,
TX_0000001069,CUST0130,2025-04-19,YW-772,36,279000,E-wallet,16.0,Completed,"Seller communicative, item is good"
TX_0000001943,CUST0236,2025-09-24,BS-640,17,470000,E-wallet,49.0,Completed,
TX_0000001648,CUST0206,2025-02-25,HC-913,17,189000,E-wallet,41.0,Completed,
TX_0000000495,CUST0065,2025-05-25,ES-122,4,26000,E-wallet,20.0,Completed,"Item matches picture, very satisfied"
TX_0000005405,CUST0657,2025-07-29,HO-750,29,204000,Credit Card,18.0,Completed,
TX_0000002701,CUST0327,2024-10-22,AG-623,23,375000,Credit Card,22.0,Completed,
TX_0000001701,CUST0210,2025-07-20,DZ-577,21,106000,Cash,38.0,Cancelled,"Good item, express shipping"
TX_0000006607,CUST0800,2025-02-17,KX-333,6,386000,Credit Card,31.0,Completed,
TX_0000006578,CUST0795,2025-04-12,LO-357,16,282000,Bank Transfer,25.0,Completed,
TX_0000004873,CUST0586,2024-10-09,NN-573,19,173000,Cash,3.0,Completed,5 stars for this product
TX_0000003911,CUST0466,2024-12-22,IV-307,33,434000,E-wallet,7.0,Completed,
TX_0000002943,CUST0360,2025-09-20,KW-477,33,180000,Credit Card,22.0,Completed,
TX_0000006724,CUST0814,2025-08-20,GF-535,10,130000,Bank Transfer,47.0,Completed,High quality product
TX_0000003722,CUST0447,2025-07-25,UE-116,19,188000,Credit Card,2.0,Completed,
TX_0000006410,CUST0776,2025-01-22,VH-405,6,180000,Credit Card,17.0,Completed,
TX_0000002124,CUST0260,2024-11-29,BW-406,15,118000,Bank Transfer,11.0,Completed,
TX_0000007948,CUST0966,2024-10-30,RA-878,5,53000,Cash,14.0,Completed,
TX_0000000087,CUST0012,2025-09-12,RA-364,20,432000,Cash,5.0,Cancelled,Doesn't meet expectations
TX_0000002309,CUST0282,2025-09-21,XW-647,27,314000,Cash,50.0,Cancelled,
TX_0000002678,CUST0326,2024-11-06,HA-512,40,244000,Cash,28.0,Completed,
TX_0000005633,CUST0685,2025-01-30,CI-666,33,203000,Credit Card,14.0,Completed,
TX_0000004558,CUST0550,2025-03-07,TY-908,9,432000,Credit Card,29.0,Completed,"Quality item, packaging OK"
TX_0000006827,CUST0828,2024-12-05,MI-041,23,358000,Cash,5.0,Completed,
TX_0000002595,CUST0317,2024-12-03,HR-240,12,42000,Debit Card,19.0,Completed,
TX_0000003887,CUST0464,2025-03-09,QX-027,19,394000,Debit Card,25.0,Completed,
TX_0000003059,CUST0373,2025-02-20,HM-290,33,387000,Bank Transfer,18.0,Completed,Shipping a bit slow but good item
TX_0000001030,CUST0127,2025-08-10,EK-930,31,358000,Bank Transfer,27.0,Completed,
TX_0000000137,CUST0016,2025-09-14,ZA-006,33,208000,E-wallet,9.0,Completed,
TX_0000002877,CUST0353,2025-09-09,LM-371,19,117000,Debit Card,23.0,Completed,
TX_0000007751,CUST0943,2025-03-10,ZV-005,17,388000,Debit Card,45.0,Cancelled,
TX_0000007795,CUST0949,2024-11-05,LH-904,15,133000,Bank Transfer,36.0,Cancelled,
TX_0000002145,CUST0264,2024-12-17,CR-805,20,274000,Debit Card,45.0,Completed,"Thick bubble wrap packaging, safe"
TX_0000007062,CUST0858,2025-02-04,RV-482,16,199000,Bank Transfer,35.0,Completed,
TX_0000006477,CUST0783,2024-07-29,ZZ-749,39,444000,Debit Card,34.0,Completed,
TX_0000005156,CUST0623,2024-10-29,GW-207,23,469000,Debit Card,29.0,Completed,
TX_0000003434,CUST0415,2025-03-10,RC-128,16,347000,E-wallet,1.0,Completed,
TX_0000001201,CUST0149,2025-01-28,CU-006,32,179000,Bank Transfer,35.0,Completed,
TX_0000002026,CUST0248,2024-06-08,ZA-113,14,440000,Debit Card,33.0,Completed,
TX_0000000622,CUST0076,2024-12-02,JR-651,39,332000,Bank Transfer,4.0,Completed,
TX_0000007462,CUST0905,2025-03-22,OM-381,17,477000,Bank Transfer,23.0,Completed,"Product matches photo, good quality"
TX_0000000567,CUST0072,2025-01-19,PS-081,21,413000,E-wallet,12.0,Completed,
TX_0000004902,CUST0590,2025-08-28,GM-157,23,356000,E-wallet,19.0,Completed,
TX_0000001838,CUST0225,2025-04-24,JZ-831,18,500000,Cash,36.0,Cancelled,
TX_0000001335,CUST0166,2025-03-13,OY-916,16,182000,Cash,23.0,Refunded,
TX_0000004061,CUST0489,2025-07-10,ZG-556,21,429000,Bank Transfer,2.0,Pending,"Super fast shipping, thanks"
TX_0000007801,CUST0949,2025-06-11,LI-267,32,262000,Debit Card,8.0,Completed,
TX_0000002100,CUST0257,2024-10-04,FD-764,38,177000,Cash,49.0,Completed,
TX_0000004014,CUST0482,2024-07-27,CC-091,10,182000,Credit Card,15.0,Completed,
TX_0000006033,CUST0729,2025-03-26,RG-355,3,498000,Cash,30.0,Completed,
TX_0000003574,CUST0430,2024-12-05,EZ-032,23,311000,Cash,36.0,Completed,
TX_0000004440,CUST0537,2025-02-13,JJ-720,25,425000,Credit Card,31.0,Completed,
TX_0000001689,CUST0209,2025-09-24,RD-235,10,17000,Cash,28.0,Completed,"Cheap price, decent quality"
TX_0000000746,CUST0093,2024-07-23,FQ-478,21,420000,E-wallet,29.0,Completed,
TX_0000006557,CUST0793,2024-12-05,HW-451,32,231000,Cash,29.0,Completed,
TX_0000007117,CUST0864,2024-09-18,XF-939,17,226000,Bank Transfer,47.0,Cancelled,"Amazing product, highly recommended"
TX_0000002188,CUST0268,2024-12-23,FW-909,10,181000,E-wallet,14.0,Cancelled,
TX_0000000196,CUST0023,2024-10-29,VU-071,22,306000,Cash,7.0,Cancelled,
TX_0000001153,CUST0142,2024-11-24,LV-183,34,269000,Bank Transfer,12.0,Completed,"Item damaged upon arrival, disappointed"
TX_0000007887,CUST0960,2025-06-04,TW-094,19,316000,E-wallet,49.0,Completed,
TX_0000005417,CUST0658,2025-09-13,BX-390,25,100000,Bank Transfer,10.0,Completed,
TX_0000000803,CUST0101,2025-01-10,QB-832,11,130000,Cash,0.0,Completed,
TX_0000005041,CUST0860,2025-08-12,EE-653,40,412000,E-wallet,45.0,Completed,Friendly and professional service
TX_0000002351,CUST0288,2025-03-07,WE-421,23,454000,Cash,33.0,Refunded,
TX_0000004302,CUST0519,2025-09-23,VI-614,20,227000,Bank Transfer,0.0,Completed,
TX_0000003572,CUST0430,2025-03-12,WM-299,25,275000,Debit Card,21.0,Completed,
TX_0000007428,CUST0899,2025-08-10,ZG-909,17,149000,Credit Card,15.0,Refunded,
TX_0000006142,CUST0743,2025-03-12,WN-268,15,405000,Credit Card,40.0,Refunded,
TX_0000002069,CUST0253,2024-10-05,VO-507,18,104000,Debit Card,26.0,Completed,
TX_0000002908,CUST0357,2025-08-18,TV-102,40,359000,Cash,20.0,Completed,
TX_0000005406,CUST0657,2025-09-04,YS-717,38,439000,Cash,33.0,Completed,A bit disappointing for this price
TX_0000006340,CUST0767,2025-01-26,TA-947,17,165000,Debit Card,45.0,Completed,
TX_0000000645,CUST0080,2025-09-18,TA-924,8,402000,Credit Card,7.0,Completed,
TX_0000007570,CUST0919,2024-08-31,YX-970,10,48000,Credit Card,36.0,Completed,Response was slow but item is good
TX_0000006158,CUST0744,2025-03-02,QZ-076,13,467000,E-wallet,26.0,Cancelled,
TX_0000006110,CUST0737,2025-03-13,SK-385,16,304000,Credit Card,16.0,Completed,5 stars for this product
TX_0000004900,CUST0590,2025-02-13,ZM-652,38,325000,E-wallet,49.0,Completed,"Good product, meets expectations"
TX_0000005712,CUST0694,2025-09-13,UY-719,4,217000,Credit Card,22.0,Completed,Fast response from seller
TX_0000008052,CUST0980,2025-02-22,KO-726,11,310000,Credit Card,12.0,Completed,"Standard quality, reasonable price"
TX_0000000121,CUST0015,2024-12-22,WS-775,35,352000,Credit Card,8.0,Completed,
TX_0000001778,CUST0219,2025-02-15,FO-748,13,241000,Bank Transfer,47.0,Completed,Responsive and helpful seller
TX_0000002982,CUST0365,2025-09-19,QK-799,37,309000,Cash,19.0,Completed,Response was slow but item is good
TX_0000004384,CUST0528,2024-07-27,UA-987,25,218000,Cash,44.0,Completed,
TX_0000003075,CUST0376,2024-11-01,OH-266,16,57000,Credit Card,34.0,Completed,"Seller communicative, item is good"
TX_0000006591,CUST0797,2025-09-11,OG-745,40,327000,E-wallet,22.0,Cancelled,"Item as ordered, safe packaging"
TX_0000005738,CUST0627,2024-11-25,PS-595,32,263000,Bank Transfer,20.0,Cancelled,
TX_0000007163,CUST0868,2025-03-19,IJ-043,32,429000,Cash,49.0,Completed,
TX_0000003036,CUST0371,2024-10-28,LH-515,4,398000,Cash,22.0,Cancelled,
TX_0000002136,CUST0262,2025-07-24,MK-196,17,487000,Debit Card,23.0,Cancelled,"Amazing product, exceeds expectations"
TX_0000005703,CUST0692,2024-12-22,YZ-119,26,296000,E-wallet,12.0,Completed,Item arrived faster than expected
TX_0000005016,CUST0606,2024-11-24,EQ-953,13,368000,Debit Card,8.0,Completed,
TX_0000000135,CUST0016,2025-08-06,KG-521,24,262000,Debit Card,25.0,Completed,A bit disappointing for this price
TX_0000007247,CUST0878,2024-06-18,LE-654,34,394000,Credit Card,13.0,Completed,
TX_0000004231,CUST0512,2025-05-16,AE-339,35,398000,Credit Card,43.0,Completed,
TX_0000004464,CUST0540,2024-10-29,WV-871,28,148000,Cash,15.0,Completed,
TX_0000007429,CUST0899,2025-03-19,NC-935,17,232000,E-wallet,17.0,Cancelled,
TX_0000003942,CUST0473,2024-09-05,NP-227,36,142000,Bank Transfer,44.0,Completed,
TX_0000001163,CUST0143,2025-03-25,XE-700,30,217000,Cash,47.0,Completed,
TX_0000002560,CUST0314,2025-06-29,CZ-652,30,218000,Debit Card,28.0,Completed,
TX_0000000063,CUST0009,2025-01-25,VZ-190,30,258000,Credit Card,39.0,Completed,
TX_0000005365,CUST0652,2025-01-11,XL-516,33,154000,Credit Card,41.0,Completed,Doesn't meet expectations
TX_0000007140,CUST0867,2025-05-05,YW-054,29,458000,Cash,30.0,Pending,
TX_0000005647,CUST0686,2024-12-27,AC-389,32,313000,E-wallet,46.0,Completed,
TX_0000001643,CUST0205,2025-01-31,EG-980,16,237000,E-wallet,,Completed,
TX_0000004288,CUST0518,2024-12-26,FX-195,23,404000,Cash,12.0,Refunded,Responsive and helpful seller
TX_0000002468,CUST0302,2024-11-17,CB-338,22,118000,Debit Card,20.0,Completed,
TX_0000000680,CUST0085,2024-11-01,LR-721,40,117000,Credit Card,0.0,Completed,
TX_0000004592,CUST0553,2024-08-20,QG-705,39,444000,Debit Card,24.0,Completed,"Standard quality, reasonable price"
TX_0000000742,CUST0093,2024-10-28,EC-863,27,266000,Credit Card,45.0,Completed,
TX_0000001212,CUST0152,2025-01-19,KR-952,1,262000,E-wallet,1.0,Completed,
TX_0000002171,CUST0266,2024-05-26,BW-177,9,147000,Bank Transfer,19.0,Completed,
TX_0000007121,CUST0864,2024-09-29,OJ-855,16,326000,E-wallet,46.0,Completed,
TX_0000008056,CUST0980,2025-03-24,KW-416,22,230000,Cash,1.0,Completed,
TX_0000005465,CUST0662,2025-01-15,ME-768,24,327000,Debit Card,46.0,Completed,Disappointed with item quality
TX_0000002901,CUST0357,2025-02-19,LC-801,16,448000,Debit Card,2.0,Completed,"Product not original, very disappointed"
TX_0000003259,CUST0394,2025-02-12,OH-829,9,342000,Cash,44.0,Cancelled,"Product not original, very disappointed"
TX_0000000568,CUST0072,2025-02-17,BT-886,20,2000,Cash,42.0,Completed,
TX_0000001874,CUST0229,2024-09-11,GS-879,24,380000,E-wallet,34.0,Completed,"Safe packaging, not damaged"
TX_0000000649,CUST0080,2025-06-04,GK-460,5,292000,Cash,43.0,Pending,Slightly disappointed with the finishing
TX_0000002597,CUST0317,2025-01-22,GC-097,19,402000,Cash,15.0,Completed,"Thick bubble wrap packaging, safe"
TX_0000001718,CUST0212,2025-05-13,SK-852,7,166000,Bank Transfer,50.0,Completed,Bit overpriced but quality is okay
TX_0000006797,CUST0824,2024-04-20,GM-205,34,402000,Debit Card,7.0,Completed,
TX_0000002844,CUST0347,2025-02-14,UQ-227,15,428000,Credit Card,33.0,Completed,
TX_0000001393,CUST0174,2025-03-08,RE-896,28,298000,Debit Card,46.0,Completed,
TX_0000007758,CUST0943,2025-01-17,WI-142,23,383000,Credit Card,12.0,Completed,
TX_0000003817,CUST0456,2024-10-03,MJ-603,37,464000,Debit Card,35.0,Completed,Quality below expectations
TX_0000005471,CUST0663,2024-10-09,NB-524,23,392000,E-wallet,22.0,Cancelled,
TX_0000003807,CUST0456,2025-02-09,OG-186,33,130000,Bank Transfer,12.0,Completed,
TX_0000006741,CUST0817,2024-11-24,GT-189,31,494000,E-wallet,29.0,Completed,"Competitive price, decent quality"
TX_0000000490,CUST0064,2025-07-22,DX-823,20,442000,Bank Transfer,10.0,Completed,
TX_0000000494,CUST0064,2024-11-25,LO-287,24,489000,E-wallet,0.0,Completed,"High quality product, recommended"
TX_0000000691,CUST0086,2025-05-11,NO-062,7,208000,Cash,6.0,Completed,
TX_0000005756,CUST0696,2024-12-09,JA-299,40,298000,Credit Card,42.0,Completed,
TX_0000000603,CUST0074,2025-08-11,AJ-869,36,429000,Credit Card,31.0,Refunded,
TX_0000001912,CUST0233,2025-08-06,SH-108,25,464000,Debit Card,,Completed,Won't buy here again
TX_0000005655,CUST0687,2025-08-21,UM-888,22,439000,Cash,45.0,Completed,
TX_0000002881,CUST0353,2025-07-18,DO-937,39,456000,E-wallet,5.0,Completed,
TX_0000004540,CUST0548,2025-02-16,AQ-812,17,290000,E-wallet,6.0,Completed,"Original item, fast shipping"
TX_0000005825,CUST0703,2025-01-19,WC-007,37,181000,E-wallet,47.0,Completed,"Premium quality, very satisfied"
TX_0000003707,CUST0443,2024-11-13,TE-244,5,439000,E-wallet,43.0,Pending,
TX_0000003933,CUST0469,2024-11-22,XY-196,21,343000,Bank Transfer,46.0,Completed,
TX_0000005629,CUST0684,2025-03-07,WI-844,27,133000,Cash,36.0,Completed,Response was slow but item is good
TX_0000002367,CUST0290,2025-02-27,ZE-035,17,284000,Credit Card,38.0,Completed,Satisfying service
TX_0000006985,CUST0850,2024-11-27,OQ-285,23,169000,E-wallet,22.0,Cancelled,Doesn't match my expectations
TX_0000001188,CUST0148,2025-09-22,AG-235,26,404000,Bank Transfer,35.0,Completed,
TX_0000000275,CUST0035,2025-01-08,ZB-335,13,305000,Cash,23.0,Completed,Bit disappointing from the photo
TX_0000004653,CUST0559,2025-08-12,TR-634,37,432000,Debit Card,23.0,Completed,
TX_0000007775,CUST0947,2024-11-15,CE-258,17,298000,Cash,24.0,Cancelled,
TX_0000001362,CUST0168,2025-07-03,ZX-055,31,257000,Credit Card,0.0,Completed,
TX_0000003974,CUST0475,2025-02-19,JD-297,17,447000,Bank Transfer,31.0,Completed,"Cheap price, decent quality"
TX_0000001527,CUST0192,2024-12-31,HY-287,37,465000,Cash,17.0,Completed,
TX_0000005734,CUST0695,2025-09-19,AU-489,24,168000,Cash,16.0,Completed,
TX_0000007867,CUST0958,2025-08-02,DY-437,18,244000,Cash,,Completed,"Safe packaging, not damaged"
TX_0000008081,CUST0983,2024-09-27,QZ-511,21,356000,Cash,38.0,Completed,
TX_0000001552,CUST0194,2025-01-17,ZL-269,22,278000,Cash,7.0,Completed,
TX_0000000331,CUST0043,2025-05-23,ZN-640,5,148000,E-wallet,11.0,Completed,
TX_0000007715,CUST0939,2025-09-18,RD-216,31,132000,E-wallet,29.0,Completed,"Thank you, very recommended"
TX_0000001338,CUST0166,2025-01-03,UO-044,22,248000,Debit Card,29.0,Cancelled,Won't buy here again
TX_0000005396,CUST0656,2025-08-14,WB-755,19,121000,Bank Transfer,44.0,Pending,
TX_0000000946,CUST0119,2025-03-18,UJ-423,20,318000,Credit Card,50.0,Completed,
TX_0000006452,CUST0780,2024-02-25,NK-578,8,395000,Debit Card,15.0,Completed,
TX_0000002251,CUST0275,2025-03-04,SD-418,40,289000,Credit Card,27.0,Completed,
TX_0000006456,CUST0781,2024-12-10,KT-900,22,32000,Cash,,Refunded,
TX_0000000802,CUST0101,2025-03-05,OJ-340,6,151000,Cash,4.0,Completed,"Safe shipping, nothing damaged"
TX_0000005996,CUST0726,2024-10-29,EN-542,5,60000,Debit Card,,Cancelled,A bit overpriced in my opinion
TX_0000002347,CUST0287,2025-06-17,NF-475,24,157000,E-wallet,20.0,Completed,
TX_0000000069,CUST0010,2024-12-10,TL-011,30,213000,Debit Card,1.0,Completed,"Item damaged upon arrival, disappointed"
TX_0000006018,CUST0728,2025-01-22,UT-627,29,499000,Cash,37.0,Completed,
TX_0000005843,CUST0705,2025-01-14,VZ-952,28,458000,Debit Card,39.0,Completed,
TX_0000002785,CUST0338,2024-10-26,UX-197,37,187000,Cash,6.0,Completed,
TX_0000001599,CUST0199,2024-10-13,RW-181,17,384000,E-wallet,2.0,Completed,
TX_0000004318,CUST0521,2025-07-05,FM-371,25,147000,Credit Card,14.0,Completed,
TX_0000005331,CUST0648,2025-07-11,YR-797,36,123000,E-wallet,9.0,Pending,
TX_0000005329,CUST0648,2025-07-13,PY-090,39,301000,Cash,11.0,Completed,
TX_0000001504,CUST0189,2025-01-16,MW-913,12,250000,Credit Card,17.0,Completed,High quality product
TX_0000007142,CUST0867,2025-04-17,IM-618,30,468000,Bank Transfer,31.0,Completed,"Amazing product, highly recommended"
TX_0000000151,CUST0018,2025-02-24,MO-850,20,160000,Debit Card,43.0,Completed,
TX_0000002805,CUST0342,2025-06-02,WW-045,37,122000,E-wallet,,Completed,
TX_0000003843,CUST0458,2025-01-11,BR-444,29,237000,Bank Transfer,23.0,Completed,
TX_0000002087,CUST0256,2025-03-05,PI-365,23,26000,Credit Card,4.0,Cancelled,
TX_0000007478,CUST0906,2024-11-13,MO-113,13,140000,Debit Card,26.0,Completed,
TX_0000002260,CUST0277,2024-12-26,YH-838,4,147000,Bank Transfer,14.0,Completed,Quality below expectations
TX_0000004123,CUST0499,2025-09-23,EM-294,31,310000,Credit Card,44.0,Completed,
TX_0000006261,CUST0759,2025-09-08,DS-699,22,109000,Debit Card,48.0,Completed,
TX_0000006330,CUST0767,2024-10-27,DS-747,20,184000,Debit Card,44.0,Pending,
TX_0000008021,CUST0976,2025-09-14,PI-000,34,242000,E-wallet,17.0,Completed,
TX_0000000860,CUST0107,2025-01-16,SQ-301,19,196000,Debit Card,32.0,Completed,"Quality product, satisfying service"
TX_0000004795,CUST0578,2025-08-11,HD-635,18,402000,Bank Transfer,11.0,Completed,Good product for this price range
TX_0000005112,CUST0618,2025-05-12,RR-952,27,435000,Bank Transfer,19.0,Completed,
TX_0000006921,CUST0842,2025-01-13,FG-419,23,51000,Credit Card,15.0,Completed,Very slow shipping
TX_0000004933,CUST0596,2025-03-19,YV-710,33,331000,Credit Card,27.0,Completed,"Friendly seller, item as ordered"
TX_0000004230,CUST0512,2025-07-06,GP-033,9,318000,Bank Transfer,9.0,Completed,Price matches quality
TX_0000006102,CUST0737,2025-03-28,ZQ-611,5,87000,Bank Transfer,50.0,Completed,"Product meets expectations, great"
TX_0000000367,CUST0049,2024-11-20,YW-111,15,325000,Debit Card,42.0,Completed,"Item arrived quickly, good condition"
TX_0000001433,CUST0181,2025-02-07,LH-587,17,168000,Credit Card,25.0,Completed,
TX_0000004692,CUST0563,2024-12-29,FO-518,27,237000,Cash,37.0,Completed,
TX_0000005759,CUST0696,2024-12-11,BY-360,32,487000,Cash,15.0,Refunded,
TX_0000003579,CUST0430,2025-08-28,MR-126,9,448000,Debit Card,16.0,Completed,
TX_0000001780,CUST0219,2025-02-16,UK-568,20,144000,Bank Transfer,33.0,Completed,
TX_0000003839,CUST0458,2024-10-21,PX-517,15,409000,Debit Card,4.0,Completed,
TX_0000005015,CUST0606,2025-05-03,PY-966,33,499000,Cash,14.0,Completed,"Product not original, very disappointed"
TX_0000007879,CUST0959,2025-02-13,OG-296,23,413000,Credit Card,5.0,Completed,
TX_0000001819,CUST0223,2025-01-28,ZF-036,12,269000,Debit Card,42.0,Completed,Poor quality for this price
TX_0000005252,CUST0634,2024-12-25,WB-016,39,257000,Bank Transfer,9.0,Completed,"Responsive seller, good problem solving"
TX_0000000842,CUST0105,2025-07-06,WE-480,21,158000,E-wallet,37.0,Completed,
TX_0000002705,CUST0328,2024-12-21,RY-741,5,206000,Bank Transfer,10.0,Completed,
TX_0000001190,CUST0148,2025-09-23,SB-780,33,115000,E-wallet,30.0,Completed,"Product meets expectations, will buy again"
TX_0000000176,CUST0021,2025-09-23,US-988,29,178000,Cash,,Completed,Satisfying service
TX_0000006841,CUST0830,2025-07-20,ZA-822,25,324000,E-wallet,23.0,Completed,"Quality product, satisfying service"
TX_0000007717,CUST0939,2025-07-09,EI-122,38,389000,Bank Transfer,43.0,Refunded,
TX_0000000618,CUST0076,2025-07-28,OQ-023,23,494000,Debit Card,35.0,Completed,
TX_0000002094,CUST0256,2025-02-05,ZU-621,5,150000,Credit Card,28.0,Completed,"Quality matches the price, decent enough"
TX_0000003309,CUST0401,2024-11-11,CM-756,5,239000,Cash,36.0,Completed,
TX_0000005969,CUST0722,2024-11-23,KX-783,22,190000,Cash,,Cancelled,Item arrived faster than expected
TX_0000003492,CUST0421,2024-12-24,OI-156,35,446000,Bank Transfer,31.0,Completed,Very satisfied with this purchase
TX_0000004011,CUST0481,2024-02-29,PV-786,31,365000,Credit Card,,Refunded,"Item matches picture, very satisfied"
TX_0000000083,CUST0012,2025-01-28,OR-231,25,337000,Credit Card,12.0,Completed,
TX_0000004003,CUST0479,2024-12-14,VN-081,38,423000,E-wallet,4.0,Completed,Shipping delayed but item is good
TX_0000003209,CUST0389,2024-09-12,WV-789,31,290000,Cash,31.0,Cancelled,"Amazing product, exceeds expectations"
TX_0000000817,CUST0103,2024-10-07,GH-496,19,245000,Cash,11.0,Completed,
TX_0000001031,CUST0127,2025-09-08,DU-953,39,424000,Cash,20.0,Completed,
TX_0000004951,CUST0599,2025-02-08,EH-738,37,467000,Cash,,Completed,"Amazing product, exceeds expectations"
TX_0000000301,CUST0039,2025-08-27,JA-835,26,116000,E-wallet,8.0,Completed,Shipping delayed but item is good
TX_0000004869,CUST0586,2025-01-28,QZ-552,8,115000,Credit Card,43.0,Completed,
TX_0000001473,CUST0187,2024-10-01,BU-283,4,57000,E-wallet,2.0,Completed,
TX_0000000284,CUST0036,2025-07-24,KH-695,31,433000,Credit Card,13.0,Completed,
TX_0000002029,CUST0248,2025-03-04,ZB-342,12,286000,Credit Card,10.0,Completed,
TX_0000004421,CUST0535,2024-12-29,QX-164,18,381000,Bank Transfer,6.0,Completed,"Quality item, packaging OK"
TX_0000005036,CUST0860,2025-09-18,DY-124,27,205000,Cash,18.0,Refunded,
TX_0000006508,CUST0786,2024-10-24,OG-755,23,412000,Bank Transfer,28.0,Completed,
TX_0000002916,CUST0358,2025-05-13,QO-877,30,147000,Debit Card,14.0,Completed,"Premium quality product, excellent"
TX_0000001814,CUST0222,2025-09-22,EF-793,5,221000,Bank Transfer,33.0,Completed,Recommended seller
TX_0000001272,CUST0157,2025-02-27,PT-873,19,332000,Cash,11.0,Completed,
TX_0000005606,CUST0681,2025-09-04,LJ-580,3,63000,Credit Card,,Completed,
TX_0000005149,CUST0623,2024-10-24,YA-295,10,308000,Cash,19.0,Completed,Expensive price but worth it
TX_0000003669,CUST0439,2025-03-23,XM-215,32,296000,Credit Card,,Completed,
TX_0000006114,CUST0738,2025-06-03,OM-980,3,119000,E-wallet,28.0,Completed,
TX_0000005207,CUST0628,2025-03-27,CF-827,31,243000,Debit Card,12.0,Completed,Very slow shipping
TX_0000003828,CUST0457,2024-10-19,PS-929,33,219000,E-wallet,46.0,Completed,"Super fast shipping, thanks"
TX_0000003151,CUST0383,2025-07-27,PU-335,23,146000,Debit Card,34.0,Completed,
TX_0000000821,CUST0104,2025-09-21,CE-321,29,231000,Bank Transfer,15.0,Completed,
TX_0000002314,CUST0283,2025-08-26,VX-375,17,213000,Credit Card,,Completed,
TX_0000002009,CUST0245,2025-05-14,AV-416,24,130000,Credit Card,2.0,Completed,"Packaging not neat, but item is okay"
TX_0000004952,CUST0599,2024-11-27,PJ-463,39,221000,Cash,12.0,Completed,
TX_0000002643,CUST0322,2025-05-11,JX-105,16,256000,E-wallet,40.0,Completed,
TX_0000006662,CUST0805,2025-03-01,CS-880,13,321000,E-wallet,,Completed,
TX_0000003845,CUST0458,2024-10-10,VS-257,21,256000,Bank Transfer,24.0,Completed,A bit expensive but worth the quality
TX_0000007476,CUST0906,2025-01-01,UI-958,35,496000,Cash,34.0,Cancelled,
TX_0000002306,CUST0282,2025-09-11,UK-833,23,445000,Credit Card,10.0,Refunded,
TX_0000004388,CUST0528,2024-06-12,BP-793,15,197000,Cash,35.0,Completed,
TX_0000007983,CUST0969,2025-09-23,HT-158,16,128000,E-wallet,33.0,Completed,"Quality product, attractive packaging"
TX_0000000100,CUST0013,2025-08-26,BL-943,1,490000,Debit Card,41.0,Completed,5 stars for this product
TX_0000004815,CUST0579,2025-09-09,ZP-372,15,702000,E-wallet,10.0,Completed,"Product not original, very disappointed"
TX_0000000745,CUST0093,2025-02-12,NU-832,37,436000,Credit Card,40.0,Cancelled,Doesn't match my expectations
TX_0000007878,CUST0959,2024-12-25,HX-791,30,481000,Bank Transfer,23.0,Completed,
TX_0000007589,CUST0923,2025-02-28,VH-662,23,434000,Bank Transfer,6.0,Completed,"Amazing product, highly recommended"
TX_0000004857,CUST0585,2024-12-31,NB-910,16,274000,Credit Card,29.0,Completed,
TX_0000000481,CUST0063,2025-06-30,WT-762,21,248000,E-wallet,,Completed,Satisfying service
TX_0000007609,CUST0924,2025-07-07,AG-763,20,260000,Debit Card,46.0,Completed,
TX_0000007958,CUST0967,2025-08-12,NY-175,12,73000,Bank Transfer,29.0,Completed,Expensive price but worth it
TX_0000005805,CUST0701,2025-07-16,VC-682,31,401000,Bank Transfer,43.0,Completed,
TX_0000001158,CUST0143,2025-01-28,YH-866,30,171000,E-wallet,7.0,Cancelled,
TX_0000006871,CUST0835,2025-07-30,PX-727,6,139000,E-wallet,37.0,Cancelled,
TX_0000007583,CUST0922,2025-03-28,IC-705,14,80000,E-wallet,,Refunded,
TX_0000006057,CUST0731,2024-11-08,QL-229,7,76000,Credit Card,11.0,Completed,
TX_0000001438,CUST0182,2025-09-24,NT-694,17,401000,Credit Card,48.0,Completed,
TX_0000002415,CUST0294,2025-07-18,LQ-010,22,244000,Credit Card,5.0,Completed,
TX_0000003555,CUST0428,2025-07-13,RG-234,28,156000,Cash,15.0,Completed,Expensive price but worth it
TX_0000007246,CUST0878,2025-01-24,TV-865,32,114000,Cash,24.0,Refunded,Expensive price but worth it
TX_0000000403,CUST0053,2025-09-23,ZG-661,11,448000,Debit Card,37.0,Completed,
TX_0000005580,CUST0678,2025-05-21,KA-283,38,771000,Cash,2.0,Completed,"Thick bubble wrap packaging, safe"
TX_0000002196,CUST0269,2025-03-02,NN-104,34,284000,Bank Transfer,19.0,Completed,Bit overpriced but quality is okay
TX_0000000950,CUST0119,2024-06-08,ZQ-469,25,267000,Credit Card,5.0,Completed,Item arrived safely
TX_0000004025,CUST0484,2024-12-07,OK-929,2,442000,Debit Card,,Completed,Item arrived safely
TX_0000002068,CUST0253,2025-01-14,CI-730,25,189000,Credit Card,43.0,Completed,
TX_0000004263,CUST0515,2025-07-25,UR-655,21,364000,E-wallet,28.0,Completed,
TX_0000005753,CUST0696,2024-10-22,ES-386,40,376000,Cash,25.0,Completed,
TX_0000000669,CUST0084,2024-10-28,ZX-086,23,475000,Debit Card,2.0,Completed,Response was slow but item is good
TX_0000000219,CUST0029,2024-11-08,UC-191,19,338000,Bank Transfer,20.0,Completed,
TX_0000003367,CUST0407,2024-12-07,CY-222,16,288000,Cash,22.0,Completed,
TX_0000007898,CUST0960,2025-08-31,HZ-968,19,444000,Debit Card,4.0,Completed,
TX_0000001963,CUST0239,2025-03-07,IC-672,35,453000,Debit Card,2.0,Completed,
TX_0000004078,CUST0493,2025-02-13,ZT-223,24,354000,Debit Card,21.0,Completed,
TX_0000006863,CUST0832,2024-11-07,IB-340,27,492000,Cash,,Completed,
TX_0000002214,CUST0661,2025-09-18,AY-486,33,109000,Debit Card,17.0,Completed,
TX_0000002634,CUST0320,2024-11-20,XM-100,23,295000,E-wallet,31.0,Completed,
TX_0000001660,CUST0207,2025-09-17,SW-737,9,492000,Debit Card,9.0,Pending,
TX_0000006527,CUST0789,2024-09-30,AR-198,5,312000,E-wallet,34.0,Completed,
TX_0000005504,CUST0667,2025-03-25,OT-516,33,322000,Debit Card,18.0,Refunded,"100% original item, recommended"
TX_0000006750,CUST0818,2025-01-30,TK-291,29,197000,Debit Card,16.0,Completed,"Honest seller, item as described"
TX_0000006077,CUST0734,2024-11-27,GD-564,21,700,Bank Transfer,30.0,Completed,
TX_0000002146,CUST0264,2025-02-28,RI-707,32,390000,Cash,5.0,Completed,
TX_0000000778,CUST0097,2024-11-04,ZP-432,23,5000,Cash,31.0,Completed,
TX_0000002435,CUST0298,2025-03-21,QW-301,22,47000,Bank Transfer,26.0,Completed,
TX_0000003067,CUST0375,2024-10-13,FQ-479,18,210000,E-wallet,26.0,Completed,"Quality matches the price, decent enough"
TX_0000005621,CUST0682,2025-06-28,AR-743,36,451000,Credit Card,17.0,Completed,Shipping a bit slow but good item
TX_0000004565,CUST0551,2025-04-18,EE-235,30,399000,Cash,50.0,Cancelled,"Item arrived quickly, good condition"
TX_0000005894,CUST0713,2025-09-13,ZD-902,19,237000,Bank Transfer,11.0,Completed,
TX_0000004694,CUST0563,2025-01-23,HM-786,18,234000,Bank Transfer,20.0,Completed,
TX_0000004991,CUST0604,2025-02-07,QW-577,17,218000,Credit Card,29.0,Completed,Standard quality for the price
TX_0000001492,CUST0189,2025-01-19,OA-788,4,387000,E-wallet,23.0,Completed,
TX_0000003546,CUST0428,2025-03-10,UG-719,21,266000,Bank Transfer,15.0,Completed,Very satisfied with this purchase
TX_0000003154,CUST0383,2025-03-15,SF-281,28,167000,Cash,27.0,Refunded,
TX_0000004895,CUST0590,2025-01-28,HZ-982,11,171000,Debit Card,19.0,Completed,
TX_0000003871,CUST0463,2025-07-07,KT-622,20,204000,Credit Card,8.0,Completed,Fast response from seller
TX_0000004658,CUST0559,2025-09-17,QZ-051,31,159000,Credit Card,44.0,Completed,
TX_0000006860,CUST0832,2025-09-21,HQ-351,27,343000,Bank Transfer,27.0,Completed,
TX_0000004756,CUST0571,2024-10-20,FI-568,21,408000,E-wallet,32.0,Completed,"Competitive price, decent quality"
TX_0000003642,CUST0738,2024-11-22,OZ-453,33,478000,Bank Transfer,6.0,Completed,
TX_0000000518,CUST0067,2024-12-14,VC-760,14,350000,Cash,24.0,Completed,"High quality product, recommended"
TX_0000004122,CUST0499,2025-09-18,RO-010,22,292000,Bank Transfer,41.0,Completed,
TX_0000005348,CUST0650,2025-01-17,VO-195,38,389000,E-wallet,12.0,Completed,
TX_0000004640,CUST0557,2025-03-12,KD-491,25,483000,Debit Card,45.0,Completed,Poor quality for this price
TX_0000005636,CUST0685,2025-01-18,CV-611,38,130000,Cash,,Completed,"Honest seller, item as described"
TX_0000007979,CUST0969,2025-09-23,QB-220,16,203000,Credit Card,10.0,Cancelled,
TX_0000006924,CUST0842,2025-02-03,EJ-438,21,180000,E-wallet,,Completed,
TX_0000001416,CUST0179,2024-10-02,AK-984,26,411000,Cash,,Completed,
TX_0000000569,CUST0072,2024-11-12,DU-632,21,188000,Cash,35.0,Completed,Shipping a bit slow but good item
TX_0000000361,CUST0049,2024-09-30,QQ-556,16,38000,Cash,32.0,Completed,Price matches quality
TX_0000006551,CUST0793,2024-10-11,SJ-236,38,369000,Credit Card,41.0,Completed,
TX_0000007164,CUST0868,2024-12-24,HF-694,33,386000,Cash,7.0,Completed,"Item arrived quickly, good condition"
TX_0000007304,CUST0886,2024-11-27,BO-574,21,112000,Debit Card,5.0,Refunded,
TX_0000004276,CUST0516,2024-10-11,AD-609,28,116000,Credit Card,23.0,Refunded,
TX_0000003101,CUST0379,2025-03-19,GR-124,39,445000,Bank Transfer,35.0,Completed,
TX_0000004100,CUST0496,2025-06-07,IU-911,24,145000,Bank Transfer,34.0,Completed,
TX_0000000760,CUST0095,2025-04-05,HI-957,38,219000,E-wallet,36.0,Completed,
TX_0000003549,CUST0428,2025-08-17,OS-588,25,462000,E-wallet,20.0,Completed,
TX_0000004491,CUST0542,2025-08-02,ME-726,35,834000,Cash,46.0,Completed,Won't buy here again
TX_0000007712,CUST0937,2025-07-07,AR-320,1,491000,Credit Card,22.0,Completed,
TX_0000007909,CUST0962,2025-09-02,PL-763,2,325000,Cash,1.0,Completed,
TX_0000006657,CUST0804,2024-11-29,PE-796,30,307000,Credit Card,17.0,Pending,
TX_0000005363,CUST0652,2025-05-07,ZH-403,29,269000,Cash,44.0,Completed,
TX_0000000215,CUST0028,2025-09-11,BG-286,4,259000,Credit Card,1.0,Completed,
TX_0000003663,CUST0438,2024-09-26,NR-757,21,441000,Credit Card,27.0,Completed,
TX_0000003972,CUST0475,2025-01-21,VG-407,32,231000,Debit Card,18.0,Completed,Bit disappointing from the photo
TX_0000006747,CUST0818,2024-12-31,AJ-521,29,469000,Cash,35.0,Refunded,A bit expensive but satisfied with result
TX_0000004944,CUST0598,2025-07-06,RB-023,7,453000,Debit Card,42.0,Completed,
TX_0000004986,CUST0604,2024-12-04,PC-746,34,194000,Credit Card,40.0,Cancelled,
TX_0000003802,CUST0455,2025-08-22,JU-948,8,281000,Debit Card,46.0,Completed,
TX_0000006083,CUST0735,2025-07-29,SX-244,17,71000,Debit Card,38.0,Completed,
TX_0000006474,CUST0783,2024-11-29,FC-767,23,176000,E-wallet,,Completed,
TX_0000001474,CUST0187,2025-01-16,GH-748,6,347000,Credit Card,17.0,Cancelled,"Premium quality, very satisfied"
TX_0000002245,CUST0273,2025-08-19,UA-717,20,248000,Bank Transfer,17.0,Completed,Product matches description
TX_0000000726,CUST0092,2024-10-12,JB-768,26,470000,Credit Card,32.0,Completed,
TX_0000004673,CUST0561,2024-11-03,DL-718,8,496000,Cash,14.0,Completed,
TX_0000003561,CUST0429,2025-04-27,JW-188,18,192000,Bank Transfer,13.0,Completed,
TX_0000000050,CUST0006,2025-07-23,AX-854,35,462000,Cash,42.0,Completed,
TX_0000006427,CUST0778,2025-04-17,WO-240,40,258000,Debit Card,49.0,Completed,"Item matches picture, very satisfied"
TX_0000006116,CUST0738,2024-12-15,FB-758,33,278000,Credit Card,38.0,Cancelled,
TX_0000003131,CUST0382,2025-01-23,QZ-752,14,121000,E-wallet,42.0,Completed,Responsive and helpful seller
TX_0000000888,CUST0111,2025-04-19,YF-139,35,139000,Cash,2.0,Completed,
TX_0000007179,CUST0871,2025-09-11,TW-431,30,324000,Cash,43.0,Completed,
TX_0000007180,CUST0871,2025-08-10,DS-506,32,3000,Bank Transfer,28.0,Completed,"Product matches photo, good quality"
TX_0000002894,CUST0356,2025-03-06,WU-408,25,253000,Bank Transfer,49.0,Completed,
TX_0000005675,CUST0689,2025-02-09,TX-456,25,156000,Debit Card,30.0,Completed,Bit disappointing from the photo
TX_0000008002,CUST0972,2025-05-07,WV-945,37,370000,Cash,47.0,Cancelled,
TX_0000000517,CUST0067,2025-03-04,WR-916,5,117000,Bank Transfer,33.0,Completed,Shipping delayed but item is good
TX_0000003169,CUST0385,2025-09-15,DX-721,16,115000,Cash,34.0,Pending,
TX_0000002950,CUST0362,2025-08-20,FI-590,4,125000,E-wallet,8.0,Completed,"Slow shipping, ordinary item"
TX_0000006623,CUST0801,2025-03-02,VD-467,24,194000,Bank Transfer,23.0,Completed,
TX_0000000140,CUST0017,2025-02-26,NE-110,28,107000,E-wallet,4.0,Refunded,
TX_0000007745,CUST0942,2025-09-10,YL-056,18,107000,Cash,21.0,Completed,
TX_0000007789,CUST0948,2025-01-04,FD-612,3,288000,E-wallet,39.0,Completed,
TX_0000002379,CUST0291,2025-05-31,ZO-611,24,342000,Bank Transfer,28.0,Completed,Expensive price but worth it
TX_0000007203,CUST0874,2025-06-25,IV-409,21,483000,Cash,21.0,Completed,
TX_0000003198,CUST0388,2024-12-21,HC-842,31,212000,Bank Transfer,16.0,Completed,
TX_0000004360,CUST0525,2024-10-05,UR-199,33,358000,Bank Transfer,16.0,Completed,
TX_0000000113,CUST0014,2025-01-28,TD-853,39,216000,Debit Card,40.0,Completed,
TX_0000003196,CUST0388,2025-02-17,JN-151,5,468000,Credit Card,7.0,Cancelled,
TX_0000000464,CUST0062,2025-02-05,DZ-250,31,307000,Bank Transfer,,Completed,
TX_0000005071,CUST0612,2024-10-01,KX-052,15,461000,Bank Transfer,22.0,Completed,
TX_0000001234,CUST0153,2025-09-21,BU-725,28,336000,Credit Card,21.0,Completed,A bit expensive but satisfied with result
TX_0000003251,CUST0394,2024-12-05,LR-037,14,21000,Debit Card,46.0,Cancelled,
TX_0000000595,CUST0073,2024-11-17,CP-202,30,410000,E-wallet,4.0,Completed,
TX_0000006090,CUST0735,2024-10-20,XN-816,19,124000,Cash,50.0,Completed,
TX_0000005232,CUST0631,2024-10-26,FT-755,34,220000,Cash,49.0,Completed,
TX_0000000451,CUST0059,2025-08-26,PD-173,30,390000,Cash,19.0,Completed,
TX_0000004607,CUST0554,2024-11-17,RH-999,33,202000,Credit Card,2.0,Completed,
TX_0000003278,CUST0397,2024-06-23,TI-685,18,209000,Cash,26.0,Completed,Doesn't match my expectations
TX_0000004242,CUST0514,2024-12-04,UN-951,38,429000,E-wallet,1.0,Completed,
TX_0000006767,CUST0821,2025-03-06,JL-137,10,108000,E-wallet,26.0,Cancelled,
TX_0000000313,CUST0041,2025-08-20,FR-459,28,369000,Cash,31.0,Completed,
TX_0000004150,CUST0503,2024-12-22,YL-960,37,134000,Bank Transfer,39.0,Cancelled,Product matches description
TX_0000006092,CUST0735,2025-03-24,PP-523,12,62000,Debit Card,39.0,Completed,A bit expensive but worth the quality
TX_0000004776,CUST0575,2025-08-08,SR-871,30,401000,E-wallet,10.0,Completed,
TX_0000004971,CUST0602,2025-08-19,MP-100,22,358000,Bank Transfer,1.0,Completed,Satisfying service
TX_0000007411,CUST0898,2024-11-20,UM-794,15,121000,Debit Card,19.0,Completed,
TX_0000005533,CUST0670,2025-09-19,XM-161,28,238000,Cash,49.0,Completed,
TX_0000000452,CUST0059,2025-08-27,JY-985,29,184000,E-wallet,7.0,Completed,
TX_0000003167,CUST0385,2025-09-04,ZC-960,11,328000,Debit Card,2.0,Completed,
TX_0000003732,CUST0448,2025-02-28,GJ-585,30,390000,Debit Card,20.0,Completed,
TX_0000006257,CUST0758,2024-12-14,BM-112,20,288000,Debit Card,50.0,Completed,
TX_0000006627,CUST0801,2024-11-23,KJ-551,35,443000,E-wallet,30.0,Completed,
TX_0000003627,CUST0434,2023-12-01,WI-098,35,480000,Debit Card,19.0,Completed,
TX_0000000891,CUST0111,2025-03-09,PS-874,2,136000,E-wallet,23.0,Completed,Responsive and helpful seller
TX_0000006426,CUST0777,2024-12-30,OE-944,18,82000,Bank Transfer,43.0,Completed,"Quality item, packaging OK"
TX_0000002764,CUST0334,2025-06-18,LK-732,5,81000,Credit Card,10.0,Completed,
TX_0000000659,CUST0083,2025-01-07,OW-500,18,194000,Cash,21.0,Completed,
TX_0000001507,CUST0190,2025-04-13,ZX-132,39,455000,Bank Transfer,10.0,Completed,"Honest seller, item as described"
TX_0000005171,CUST0624,2025-03-07,UQ-885,29,258000,Cash,43.0,Completed,High quality product
TX_0000004961,CUST0601,2024-11-14,JW-604,38,141000,Cash,13.0,Completed,Product doesn't match picture
TX_0000007678,CUST0933,2025-07-01,SZ-486,15,98000,E-wallet,4.0,Completed,
TX_0000001000,CUST0123,2025-02-18,KM-281,2,145000,Cash,46.0,Completed,
TX_0000000390,CUST0052,2025-06-21,GU-859,14,411000,E-wallet,6.0,Completed,"Item arrived quickly, good condition"
TX_0000003408,CUST0412,2025-01-17,CP-959,19,224000,Debit Card,42.0,Completed,
TX_0000002331,CUST0286,2024-11-30,LZ-972,40,410000,E-wallet,,Completed,
TX_0000001477,CUST0187,2024-11-12,TW-575,13,359000,Debit Card,33.0,Completed,"Quality product, satisfying service"
TX_0000002241,CUST0273,2025-07-15,SS-163,7,157000,Credit Card,36.0,Refunded,
TX_0000007371,CUST0894,2025-02-06,KD-396,38,235000,Debit Card,11.0,Completed,"Responsive seller, good problem solving"
TX_0000007382,CUST0895,2025-02-02,BK-114,9,1100,E-wallet,29.0,Completed,
TX_0000006839,CUST0830,2025-08-31,VT-378,38,119000,Bank Transfer,28.0,Pending,
TX_0000007672,CUST0933,2025-01-04,HF-735,16,329000,Cash,50.0,Completed,Shipping a bit slow but good item
TX_0000008017,CUST0975,2025-03-03,BE-096,19,228000,Credit Card,,Cancelled,5 stars for this product
TX_0000002973,CUST0364,2025-08-10,UB-696,18,462000,E-wallet,39.0,Completed,
TX_0000003387,CUST0409,2025-09-08,VA-257,37,119000,Credit Card,17.0,Completed,
TX_0000002776,CUST0336,2025-04-26,RO-510,19,187000,Debit Card,33.0,Refunded,Very satisfied with this purchase
TX_0000001924,CUST0235,2025-04-08,YK-977,23,156000,Bank Transfer,,Cancelled,A bit expensive but satisfied with result
TX_0000000759,CUST0095,2025-03-27,YP-451,26,453000,Credit Card,10.0,Completed,Won't buy here again
TX_0000000701,CUST0087,2025-09-04,LF-587,22,150000,Debit Card,28.0,Completed,
TX_0000007181,CUST0871,2025-07-31,PL-047,33,23000,E-wallet,41.0,Refunded,Shipping a bit slow but good item
TX_0000001294,CUST0160,2025-08-08,PQ-495,20,64000,E-wallet,18.0,Completed,"Amazing product, exceeds expectations"
TX_0000007236,CUST0877,2025-04-03,LA-304,23,117000,Bank Transfer,45.0,Completed,
TX_0000002874,CUST0353,2025-09-10,AG-621,37,359000,Cash,47.0,Completed,
TX_0000006858,CUST0832,2025-03-18,RK-518,22,349000,Bank Transfer,35.0,Completed,
TX_0000002536,CUST0312,2025-02-07,CY-023,11,96000,Debit Card,24.0,Completed,"Item matches picture, very satisfied"
TX_0000006889,CUST0837,2024-10-25,UP-137,40,330000,E-wallet,8.0,Completed,Very slow shipping
TX_0000001908,CUST0232,2024-12-09,UU-069,16,404000,E-wallet,2.0,Completed,
TX_0000005665,CUST0688,2025-06-10,BV-121,14,358000,Bank Transfer,40.0,Completed,"Good quality, competitive price"
TX_0000005708,CUST0693,2024-11-01,FA-650,4,376000,Debit Card,4.0,Completed,
TX_0000000369,CUST0049,2025-02-26,VM-285,11,195000,Credit Card,24.0,Completed,
TX_0000001938,CUST0236,2025-09-18,RB-348,32,226000,Debit Card,44.0,Completed,"Great product, will order again"
TX_0000004324,CUST0521,2024-10-08,SM-385,5,125000,Credit Card,35.0,Completed,
TX_0000001152,CUST0141,2024-11-07,SF-512,40,410000,Bank Transfer,36.0,Refunded,
TX_0000007864,CUST0957,2025-03-09,ZD-414,19,1284000,E-wallet,11.0,Completed,
TX_0000005222,CUST0630,2025-09-03,NC-275,36,278000,Credit Card,27.0,Completed,Very slow shipping
TX_0000004303,CUST0519,2025-01-23,UR-728,9,463000,E-wallet,17.0,Completed,
TX_0000007892,CUST0960,2025-08-17,YF-680,21,224000,Credit Card,28.0,Cancelled,"Item matches picture, very satisfied"
TX_0000003011,CUST0368,2025-01-02,QD-356,24,298000,E-wallet,27.0,Completed,"Good product, meets expectations"
TX_0000008067,CUST0981,2025-02-07,HI-927,28,396000,E-wallet,11.0,Completed,
TX_0000000192,CUST0023,2025-02-13,YW-086,38,128000,Credit Card,,Completed,
TX_0000005236,CUST0632,2025-02-20,KX-395,24,27000,Credit Card,8.0,Completed,Disappointed with item quality
TX_0000004538,CUST0547,2025-01-24,XB-422,34,288000,Cash,,Cancelled,
TX_0000000175,CUST0021,2025-09-23,CY-874,25,85000,Credit Card,14.0,Completed,
TX_0000001904,CUST0232,2025-01-04,ID-758,16,380000,Credit Card,24.0,Completed,"Competitive price, decent quality"
TX_0000001100,CUST0135,2025-07-15,PD-676,24,146000,Debit Card,24.0,Completed,
TX_0000005448,CUST0661,2025-09-09,OF-101,23,106000,Credit Card,46.0,Completed,"Quality item, packaging OK"
TX_0000003647,CUST0435,2025-09-03,AL-108,18,334000,Debit Card,31.0,Completed,
TX_0000003409,CUST0412,2025-01-14,CP-333,1,22000,E-wallet,7.0,Completed,
TX_0000004383,CUST0528,2025-02-12,YD-508,3,260000,Credit Card,39.0,Completed,
TX_0000002293,CUST0280,2025-03-23,ZZ-916,35,166000,Credit Card,8.0,Completed,
TX_0000007144,CUST0867,2025-05-17,YB-576,31,478000,Bank Transfer,49.0,Completed,Product matches description
TX_0000007972,CUST0968,2024-12-16,HB-578,40,380000,Credit Card,6.0,Completed,
TX_0000005457,CUST0662,2024-09-30,FK-329,19,247000,Cash,35.0,Completed,
TX_0000005021,CUST0607,2025-02-12,XR-629,5,307000,Cash,44.0,Completed,
TX_0000001165,CUST0143,2024-11-22,PK-945,18,354000,Bank Transfer,5.0,Completed,
TX_0000008058,CUST0981,2025-02-19,TA-263,36,423000,Credit Card,46.0,Cancelled,
TX_0000004766,CUST0573,2025-01-12,OJ-467,16,34000,Debit Card,24.0,Refunded,
TX_0000003983,CUST0476,2025-08-31,TA-096,30,347000,Cash,32.0,Completed,
TX_0000006124,CUST0739,2025-06-12,PF-866,20,247000,Debit Card,13.0,Refunded,
TX_0000006208,CUST0751,2025-02-22,CD-576,32,242000,Bank Transfer,14.0,Completed,
TX_0000003665,CUST0438,2025-01-25,IN-064,35,255000,Debit Card,45.0,Completed,"Item as ordered, safe packaging"
TX_0000005818,CUST0702,2025-02-26,SD-394,1,363000,Credit Card,23.0,Completed,"Quality matches the price, decent enough"
TX_0000001662,CUST0207,2025-09-24,DG-413,4,43000,Debit Card,9.0,Completed,Won't buy here again
TX_0000000509,CUST0067,2024-10-07,WX-425,16,399000,Debit Card,40.0,Completed,"Good item, express shipping"
TX_0000000167,CUST0514,2024-10-21,MT-809,18,160000,E-wallet,20.0,Completed,
TX_0000004265,CUST0516,2024-11-24,PV-240,17,466000,Credit Card,28.0,Completed,Friendly and professional service
TX_0000006048,CUST0730,2025-01-29,LV-660,38,342000,E-wallet,44.0,Completed,Poor quality for this price
TX_0000001007,CUST0123,2024-10-20,KV-246,20,114000,Debit Card,18.0,Completed,"Quality matches the price, decent enough"
TX_0000005737,CUST0695,2025-09-04,FP-609,25,175000,Cash,45.0,Completed,Item arrived in perfect condition
TX_0000003270,CUST0395,2024-11-16,PF-893,4,387000,E-wallet,39.0,Completed,Quality below expectations
TX_0000007372,CUST0894,2024-10-06,YA-702,34,68000,E-wallet,32.0,Completed,"Item matches picture, very satisfied"
TX_0000003495,CUST0422,2025-01-20,ZC-174,21,387000,Credit Card,2.0,Completed,
TX_0000004354,CUST0524,2024-03-11,PL-338,34,428000,Cash,5.0,Pending,Standard quality for the price
TX_0000005648,CUST0686,2025-03-18,WP-148,29,368000,Credit Card,9.0,Completed,
TX_0000000104,CUST0013,2025-08-15,KJ-131,14,182000,Debit Card,25.0,Completed,
TX_0000003266,CUST0395,2025-02-06,HU-980,1,129000,Debit Card,47.0,Completed,Response was slow but item is good
TX_0000001112,CUST0137,2025-07-31,RE-089,32,263000,Credit Card,36.0,Completed,
TX_0000004989,CUST0604,2025-05-13,FL-131,33,339000,E-wallet,43.0,Completed,
TX_0000002537,CUST0312,2025-03-04,AG-035,14,270000,Credit Card,13.0,Completed,
TX_0000001105,CUST0136,2025-01-20,AU-458,15,348000,Debit Card,32.0,Completed,
TX_0000003876,CUST0463,2025-03-12,TU-584,35,191000,Credit Card,13.0,Completed,Satisfying service
TX_0000005063,CUST0610,2024-10-16,WU-160,24,489000,Cash,42.0,Completed,
TX_0000001753,CUST0215,2025-01-22,HR-257,18,1583000,Debit Card,10.0,Completed,
TX_0000007325,CUST0889,2025-01-08,WR-268,11,466000,Debit Card,42.0,Completed,"Slow shipping, ordinary item"
TX_0000004619,CUST0555,2024-10-23,DW-577,13,217000,E-wallet,4.0,Completed,
TX_0000005441,CUST0660,2025-07-07,TW-132,10,83000,E-wallet,48.0,Completed,Satisfying service
TX_0000006010,CUST0727,2025-06-30,AD-121,36,293000,Credit Card,16.0,Completed,
TX_0000002917,CUST0358,2025-03-28,FP-318,24,490000,Bank Transfer,8.0,Completed,
TX_0000005418,CUST0658,2025-05-02,LY-420,1,323000,Bank Transfer,42.0,Completed,Premium quality at affordable price
TX_0000001659,CUST0207,2025-09-17,JX-638,6,300000,Credit Card,16.0,Completed,
TX_0000000153,CUST0018,2024-02-03,RS-013,26,263000,Bank Transfer,11.0,Completed,
TX_0000004512,CUST0545,2024-10-13,UX-130,15,166000,Cash,23.0,Completed,"Product not original, very disappointed"
TX_0000002484,CUST0305,2025-08-01,UQ-063,38,402000,Bank Transfer,40.0,Completed,
TX_0000001584,CUST0198,2025-09-20,LH-824,22,670000,Credit Card,42.0,Refunded,"Original item, fast shipping"
TX_0000003908,CUST0466,2025-01-24,OC-439,26,427000,Cash,30.0,Completed,
TX_0000006895,CUST0837,2025-02-18,ZY-050,3,113000,Bank Transfer,10.0,Cancelled,"Safe shipping, nothing damaged"
TX_0000002553,CUST0313,2025-02-09,ZN-821,12,382000,Bank Transfer,,Completed,Price worth it for the quality
TX_0000008028,CUST0977,2025-01-20,NU-356,2,177000,Cash,44.0,Completed,Premium quality at affordable price
TX_0000005600,CUST0680,2024-11-03,QA-195,11,450000,Cash,9.0,Completed,"Original item, fast shipping"
TX_0000003552,CUST0428,2024-04-15,KZ-572,26,400000,E-wallet,11.0,Completed,
TX_0000003723,CUST0447,2025-01-09,OH-052,19,128000,E-wallet,36.0,Completed,
TX_0000005357,CUST0652,2024-09-18,JT-127,32,334000,E-wallet,18.0,Completed,
TX_0000006574,CUST0795,2025-02-21,KM-883,32,346000,Debit Card,20.0,Completed,"Seller communicative, item is good"
TX_0000003986,CUST0477,2025-09-19,JA-632,24,145000,Credit Card,48.0,Completed,"Great product, will order again"
TX_0000007166,CUST0869,2025-02-09,UH-916,28,303000,Bank Transfer,37.0,Completed,Response was slow but item is good
TX_0000002210,CUST0661,2025-09-21,LK-683,15,228000,Bank Transfer,0.0,Completed,"Quality product, satisfying service"
TX_0000005199,CUST0628,2025-02-25,TU-377,5,181000,Cash,43.0,Completed,
TX_0000005592,CUST0680,2025-03-11,QS-203,24,54000,Bank Transfer,36.0,Completed,
TX_0000007466,CUST0905,2025-03-23,WM-248,21,392000,Credit Card,8.0,Completed,
TX_0000002986,CUST0365,2025-09-15,HM-937,29,236000,E-wallet,30.0,Completed,"Original item, fast shipping"
TX_0000001823,CUST0224,2025-01-15,OJ-307,22,366000,Cash,30.0,Completed,
TX_0000004148,CUST0502,2024-12-23,VB-745,29,157000,Cash,13.0,Completed,
TX_0000006334,CUST0767,2025-02-08,IG-195,32,115000,Debit Card,50.0,Completed,
TX_0000004705,CUST0564,2025-04-26,JG-643,17,412000,Cash,41.0,Completed,"Honest seller, item as described"
TX_0000004940,CUST0597,2025-07-16,AA-027,37,442000,E-wallet,32.0,Completed,
TX_0000005214,CUST0629,2025-02-13,OD-841,31,294000,E-wallet,1.0,Completed,
TX_0000000310,CUST0041,2025-09-06,RL-502,16,220000,E-wallet,30.0,Pending,
TX_0000000213,CUST0027,2025-03-17,AB-027,19,359000,Credit Card,8.0,Completed,
TX_0000007768,CUST0946,2025-02-08,IU-133,25,433000,Debit Card,37.0,Completed,
TX_0000007660,CUST0931,2024-10-28,TY-475,24,404000,Credit Card,46.0,Completed,
TX_0000003600,CUST0432,2025-09-19,OB-659,40,453000,Debit Card,8.0,Completed,
TX_0000003623,CUST0434,2024-11-03,FI-531,23,221000,E-wallet,32.0,Refunded,"Quality product, satisfying service"
TX_0000005890,CUST0712,2025-09-17,TJ-980,24,387000,Debit Card,43.0,Completed,
TX_0000007776,CUST0947,2024-09-24,ZR-308,23,228000,Debit Card,30.0,Completed,
TX_0000007564,CUST0917,2024-10-30,QD-618,27,482000,Bank Transfer,15.0,Pending,"Amazing product, exceeds expectations"
TX_0000003451,CUST0416,2025-09-24,FU-541,19,116000,Bank Transfer,46.0,Completed,
TX_0000000496,CUST0065,2025-03-27,VX-970,22,422000,Credit Card,32.0,Completed,
TX_0000006423,CUST0777,2025-09-13,AJ-345,27,362000,Bank Transfer,4.0,Completed,
TX_0000003257,CUST0394,2025-03-18,CE-777,17,5000,Bank Transfer,31.0,Completed,
TX_0000000206,CUST0024,2024-07-28,VI-988,23,140000,Bank Transfer,23.0,Refunded,Doesn't match my expectations
TX_0000001435,CUST0182,2025-08-18,TF-318,20,413000,Credit Card,48.0,Completed,
TX_0000001136,CUST0140,2025-08-15,II-792,10,89000,Bank Transfer,41.0,Completed,
TX_0000002585,CUST0316,2024-11-10,HZ-357,22,372000,Cash,28.0,Completed,
TX_0000000869,CUST0109,2025-08-27,RB-395,22,491000,Bank Transfer,19.0,Completed,
TX_0000002750,CUST0334,2025-03-28,OD-884,23,269000,Debit Card,16.0,Completed,"Professional seller, highly recommended"
TX_0000003614,CUST0433,2024-10-08,LV-910,20,166000,Bank Transfer,34.0,Completed,
TX_0000000306,CUST0040,2024-11-06,NU-497,1,498000,Bank Transfer,,Refunded,
TX_0000001850,CUST0227,2025-02-23,YO-330,15,112000,Debit Card,34.0,Completed,
TX_0000004351,CUST0524,2024-10-15,TK-413,19,163000,Bank Transfer,20.0,Completed,
TX_0000007309,CUST0887,2025-08-29,NQ-349,17,310000,Bank Transfer,3.0,Completed,"Good product, meets expectations"
TX_0000001989,CUST0242,2025-01-30,DJ-506,4,181000,Cash,18.0,Completed,Price worth it for the quality
TX_0000003241,CUST0393,2025-03-21,IA-328,29,438000,Bank Transfer,0.0,Completed,
TX_0000002799,CUST0341,2024-12-17,ZA-643,24,402000,Debit Card,7.0,Completed,
TX_0000004652,CUST0559,2025-08-16,RL-844,4,104000,Cash,7.0,Completed,"Professional seller, highly recommended"
TX_0000001535,CUST0193,2025-06-27,YV-901,3,262000,Credit Card,35.0,Completed,Expensive price but worth it
TX_0000003110,CUST0380,2024-07-12,LJ-720,21,372000,Cash,9.0,Completed,"Item damaged upon arrival, disappointed"
TX_0000000844,CUST0412,2025-01-25,HP-702,24,243000,E-wallet,34.0,Completed,
TX_0000001988,CUST0242,2024-12-30,BB-404,4,426000,Cash,19.0,Completed,
TX_0000005653,CUST0687,2024-10-01,FH-012,25,353000,Cash,23.0,Pending,Quality below expectations
TX_0000005523,CUST0669,2024-12-01,QZ-821,15,94000,Debit Card,39.0,Completed,
TX_0000001715,CUST0212,2024-11-21,KK-435,6,329000,Bank Transfer,24.0,Completed,"Quality item, packaging OK"
TX_0000000384,CUST0051,2025-03-09,LP-379,6,216000,Credit Card,11.0,Completed,
TX_0000001539,CUST0193,2025-08-19,KZ-514,9,245000,Bank Transfer,35.0,Completed,High quality product
TX_0000000212,CUST0027,2024-11-06,YU-405,11,106000,Debit Card,31.0,Completed,Slightly disappointed with the finishing
TX_0000003389,CUST0409,2025-09-03,GS-324,36,225000,Cash,28.0,Cancelled,
TX_0000006584,CUST0796,2025-03-02,NP-037,4,159000,Bank Transfer,21.0,Completed,Shipping a bit slow but good item
TX_0000001958,CUST0238,2024-10-02,IF-367,20,202000,Credit Card,0.0,Completed,"Quality product, satisfying service"
TX_0000005379,CUST0655,2024-10-19,CA-551,3,411000,Bank Transfer,20.0,Completed,
TX_0000002439,CUST0299,2025-06-10,AE-999,24,117000,E-wallet,2.0,Cancelled,"Honest seller, item as described"
TX_0000002728,CUST0331,2025-02-06,UN-197,38,297000,Credit Card,21.0,Pending,"Item as ordered, safe packaging"
TX_0000005880,CUST0710,2025-08-16,MG-551,19,474000,Cash,15.0,Completed,"Product meets expectations, great"
TX_0000004240,CUST0513,2025-05-05,PJ-651,26,434000,Bank Transfer,15.0,Completed,"Quality matches the price, decent enough"
TX_0000006253,CUST0757,2025-01-03,LY-791,24,255000,E-wallet,45.0,Cancelled,Satisfying service
TX_0000001350,CUST0167,2024-10-28,HA-265,28,246000,Credit Card,1.0,Completed,
TX_0000005155,CUST0623,2024-12-27,LY-705,35,426000,E-wallet,21.0,Completed,
TX_0000004399,CUST0532,2024-12-09,VC-823,35,133000,Debit Card,20.0,Completed,Price matches quality
TX_0000003833,CUST0457,2025-04-21,WP-635,36,348000,Bank Transfer,31.0,Completed,"Good item, express shipping"
TX_0000003581,CUST0430,2024-07-23,DK-943,6,170000,Cash,40.0,Completed,
TX_0000006285,CUST0762,2024-11-06,FS-241,19,435000,E-wallet,1.0,Completed,"Item damaged upon arrival, disappointed"
TX_0000000681,CUST0085,2025-02-09,NC-712,15,281000,E-wallet,24.0,Completed,"Thank you, very recommended"
TX_0000003902,CUST0466,2025-01-17,IV-608,17,416000,Bank Transfer,38.0,Completed,"Packaging not neat, but item is okay"
TX_0000000181,CUST0021,2025-09-24,CO-219,39,370000,Credit Card,21.0,Completed,
TX_0000007807,CUST0949,2024-11-06,IX-862,24,494000,Bank Transfer,45.0,Completed,
TX_0000000863,CUST0108,2024-10-20,WN-005,31,407000,Credit Card,3.0,Completed,
TX_0000007579,CUST0921,2025-02-01,AS-754,39,344000,Cash,6.0,Completed,Bit overpriced but quality is okay
TX_0000006831,CUST0829,2025-01-16,PO-161,20,499000,Credit Card,18.0,Completed,"Good product, meets expectations"
TX_0000000279,CUST0035,2025-01-31,JS-928,19,272000,Credit Card,26.0,Completed,
TX_0000004029,CUST0485,2025-06-27,PK-996,13,388000,Bank Transfer,,Completed,Doesn't match my expectations
TX_0000003320,CUST0402,2025-03-02,QC-939,16,251000,E-wallet,13.0,Completed,
TX_0000003253,CUST0394,2025-06-27,NJ-129,22,452000,Cash,24.0,Cancelled,
TX_0000002519,CUST0309,2025-08-14,RR-708,12,273000,Credit Card,18.0,Completed,"Professional seller, highly recommended"
TX_0000002481,CUST0305,2025-07-04,OG-309,23,226000,Bank Transfer,15.0,Completed,
TX_0000000290,CUST0037,2025-01-21,HZ-532,32,300000,Credit Card,16.0,Completed,
TX_0000004102,CUST0496,2024-11-18,TJ-597,29,496000,Bank Transfer,6.0,Completed,"Good item, express shipping"
TX_0000003076,CUST0376,2025-03-21,KI-292,21,57000,E-wallet,16.0,Completed,"Super fast shipping, thanks"
TX_0000008000,CUST0972,2025-06-02,VI-387,40,251000,Bank Transfer,22.0,Completed,
TX_0000004326,CUST0521,2024-12-29,MA-595,19,474000,Debit Card,30.0,Completed,
TX_0000007374,CUST0894,2025-02-28,GO-232,20,472000,E-wallet,19.0,Completed,
TX_0000000994,CUST0122,2024-12-04,DD-229,37,134000,E-wallet,,Completed,
TX_0000003236,CUST0392,2025-07-01,TI-665,34,1269000,Debit Card,2.0,Completed,
TX_0000002237,CUST0273,2025-06-23,PV-679,39,189000,Bank Transfer,27.0,Refunded,
TX_0000007657,CUST0931,2024-12-03,BY-195,17,177000,E-wallet,9.0,Completed,
TX_0000000040,CUST0005,2025-09-14,AP-886,34,301000,Bank Transfer,10.0,Completed,
TX_0000007759,CUST0943,2024-10-11,HP-116,37,118000,Debit Card,2.0,Completed,
TX_0000005556,CUST0674,2024-11-14,FN-143,37,226000,Debit Card,24.0,Completed,"Good quality, competitive price"
TX_0000006053,CUST0731,2025-01-11,WD-383,19,478000,Debit Card,15.0,Completed,
TX_0000002755,CUST0334,2024-12-01,US-208,16,133000,Credit Card,39.0,Completed,"Amazing product, exceeds expectations"
TX_0000006575,CUST0795,2025-01-15,SJ-286,19,156000,Bank Transfer,35.0,Completed,
TX_0000004130,CUST0501,2024-11-19,QD-572,26,1520000,Bank Transfer,22.0,Cancelled,Price worth it for the quality
TX_0000000271,CUST0034,2025-08-08,FK-968,2,474000,Cash,10.0,Completed,
TX_0000008090,CUST0984,2025-02-20,EQ-154,4,201000,Debit Card,14.0,Completed,Bit overpriced but quality is okay
TX_0000002884,CUST0353,2025-08-14,BI-573,22,840000,E-wallet,36.0,Completed,"Good product, meets expectations"
TX_0000007980,CUST0969,2025-09-24,ZN-694,36,61000,Bank Transfer,34.0,Completed,
TX_0000006619,CUST0801,2024-10-10,KP-257,31,82000,Cash,10.0,Completed,"Defective item, please replace"
TX_0000005383,CUST0655,2025-01-21,NK-368,12,51000,Debit Card,35.0,Completed,
TX_0000005915,CUST0715,2024-11-24,AL-187,32,379000,Cash,32.0,Pending,Fast response from seller
TX_0000007252,CUST0880,2025-02-07,GE-454,17,372000,Bank Transfer,31.0,Completed,
TX_0000006379,CUST0772,2024-09-05,JL-224,17,86000,Cash,37.0,Completed,Poor quality for this price
TX_0000000112,CUST0014,2025-04-08,LE-001,19,400000,Bank Transfer,44.0,Completed,Slightly defective but still usable
TX_0000003219,CUST0390,2025-09-07,FN-086,24,461000,Bank Transfer,16.0,Completed,
TX_0000001392,CUST0174,2025-05-11,MX-250,18,184000,E-wallet,36.0,Completed,
TX_0000002601,CUST0317,2025-02-09,RA-917,14,51000,Credit Card,28.0,Completed,"Item matches picture, very satisfied"
TX_0000003976,CUST0475,2025-01-29,GK-937,22,239000,Bank Transfer,0.0,Completed,
TX_0000000221,CUST0029,2024-10-08,EH-937,30,419000,E-wallet,35.0,Completed,
TX_0000004524,CUST0546,2025-09-22,YF-533,28,256000,Bank Transfer,50.0,Completed,
TX_0000004948,CUST0599,2025-07-21,GW-678,34,190000,Cash,41.0,Completed,
TX_0000007455,CUST0904,2025-03-03,KF-926,29,138000,E-wallet,34.0,Completed,
TX_0000005012,CUST0606,2025-08-12,EW-564,26,230000,Cash,45.0,Completed,"Cheap price, decent quality"
TX_0000000084,CUST0012,2025-02-01,GV-500,16,152000,Bank Transfer,27.0,Completed,
TX_0000000874,CUST0109,2025-09-20,JG-588,19,336000,Bank Transfer,31.0,Completed,
TX_0000007601,CUST0924,2025-07-28,SE-797,38,316000,Bank Transfer,33.0,Completed,
TX_0000006842,CUST0830,2025-08-10,EM-695,26,470000,Debit Card,34.0,Completed,"Quality is okay, affordable price"
TX_0000000462,CUST0062,2024-10-09,ZE-611,23,363000,Debit Card,15.0,Completed,"Item as ordered, safe packaging"
TX_0000007215,CUST0875,2024-10-31,AB-247,29,148000,E-wallet,11.0,Completed,
TX_0000004218,CUST0511,2024-11-06,JD-884,21,210000,Debit Card,28.0,Completed,
TX_0000000552,CUST0679,2025-09-21,TV-127,25,290000,Debit Card,16.0,Completed,
TX_0000002202,CUST0269,2024-12-25,WX-903,37,425000,Bank Transfer,48.0,Completed,
TX_0000002375,CUST0291,2025-07-27,AY-550,16,165000,E-wallet,0.0,Refunded,
TX_0000006890,CUST0837,2024-09-13,IW-698,31,232000,Cash,36.0,Completed,"Product matches photo, good quality"
TX_0000004316,CUST0521,2024-11-16,BG-018,4,448000,Cash,39.0,Completed,"Quality is okay, affordable price"
TX_0000002247,CUST0275,2025-07-06,ZQ-508,27,252000,Cash,32.0,Completed,
TX_0000007723,CUST0939,2025-06-13,QW-586,23,252000,Debit Card,29.0,Completed,
TX_0000004669,CUST0560,2025-05-04,QQ-852,18,434000,Debit Card,34.0,Completed,
TX_0000002451,CUST0300,2025-03-26,QJ-951,33,259000,Debit Card,17.0,Completed,Size doesn't match expectations
TX_0000003955,CUST0473,2024-12-28,ZT-268,38,139000,Credit Card,7.0,Refunded,"Standard quality, reasonable price"
TX_0000002330,CUST0286,2024-06-06,EH-611,35,336000,Credit Card,35.0,Completed,"Quality matches the price, decent enough"
TX_0000006876,CUST0835,2024-12-11,OZ-008,20,109000,Cash,1.0,Completed,Fast response from seller
TX_0000002147,CUST0264,2025-03-21,VP-287,34,204000,Cash,46.0,Completed,
TX_0000004757,CUST0572,2025-02-10,MD-818,18,17000,Credit Card,11.0,Completed,"Product not original, very disappointed"
TX_0000004527,CUST0546,2025-09-05,XI-131,39,102000,Credit Card,38.0,Completed,Very slow shipping
TX_0000007241,CUST0878,2024-06-14,KV-274,24,480000,Debit Card,25.0,Cancelled,
TX_0000000651,CUST0081,2025-01-19,LY-425,29,417000,Cash,0.0,Completed,
TX_0000007714,CUST0938,2025-02-24,TA-398,9,125000,Debit Card,20.0,Completed,
TX_0000000709,CUST0088,2024-05-06,MS-014,9,498000,Bank Transfer,35.0,Completed,
TX_0000007577,CUST0921,2024-11-20,WL-834,22,432000,E-wallet,30.0,Completed,
TX_0000004380,CUST0528,2025-02-07,PD-249,17,215000,Cash,23.0,Completed,Standard quality for the price
TX_0000007585,CUST0922,2025-01-30,NP-662,9,11000,Credit Card,31.0,Completed,
TX_0000007306,CUST0886,2025-02-11,TL-203,23,233000,Debit Card,50.0,Completed,
TX_0000003064,CUST0373,2024-09-24,XK-311,40,186000,E-wallet,5.0,Completed,
TX_0000005515,CUST0668,2025-02-28,UD-073,28,379000,Bank Transfer,18.0,Cancelled,
TX_0000003350,CUST0406,2024-10-04,JO-714,17,118000,Debit Card,47.0,Completed,Satisfying service
TX_0000001425,CUST0181,2024-11-18,JN-396,9,104000,E-wallet,,Completed,Poor quality for this price
TX_0000001217,CUST0152,2024-11-02,YT-939,31,298000,E-wallet,18.0,Completed,
TX_0000006271,CUST0760,2025-03-08,FN-381,29,310000,Credit Card,1.0,Completed,
TX_0000001925,CUST0235,2025-01-06,JF-671,31,357000,Bank Transfer,39.0,Completed,
TX_0000000105,CUST0013,2025-05-27,OG-688,20,427000,Bank Transfer,16.0,Cancelled,
TX_0000001065,CUST0130,2024-10-16,HL-867,35,384000,Bank Transfer,17.0,Completed,
TX_0000003787,CUST0453,2025-07-25,VZ-388,28,362000,Credit Card,7.0,Completed,"Original item, fast shipping"
TX_0000000315,CUST0041,2025-08-08,OD-535,15,355000,Debit Card,20.0,Completed,
TX_0000001290,CUST0160,2024-12-11,CE-797,9,147000,Credit Card,34.0,Cancelled,
TX_0000005304,CUST0643,2025-08-02,WO-628,39,283000,E-wallet,8.0,Completed,"Professional seller, highly recommended"
TX_0000006569,CUST0795,2025-03-05,MA-142,31,101000,E-wallet,11.0,Completed,
TX_0000001428,CUST0181,2025-06-07,OO-302,20,177000,Cash,16.0,Completed,
TX_0000004563,CUST0550,2025-09-16,UE-639,11,290000,Credit Card,35.0,Completed,
TX_0000006459,CUST0782,2025-03-27,HJ-384,25,38000,Credit Card,,Completed,A bit disappointing for this price
TX_0000003130,CUST0382,2025-01-26,SF-249,7,51000,Debit Card,31.0,Completed,Responsive and helpful seller
TX_0000005334,CUST0649,2024-12-11,KF-025,33,127000,E-wallet,19.0,Completed,
TX_0000006637,CUST0802,2025-02-09,AB-783,22,388000,Cash,11.0,Completed,Quality below expectations
TX_0000003009,CUST0368,2025-03-18,RL-671,22,390000,Bank Transfer,21.0,Completed,"Great product, will order again"
TX_0000006784,CUST0823,2024-10-31,QI-476,4,270000,E-wallet,28.0,Completed,"Packaging not neat, but item is okay"
TX_0000001106,CUST0136,2024-11-16,ID-319,23,109000,Debit Card,22.0,Completed,Item arrived safely
TX_0000007222,CUST0875,2025-05-24,AU-051,30,291000,Bank Transfer,5.0,Completed,Fast response from seller
TX_0000006049,CUST0730,2025-03-18,AR-010,40,43000,Credit Card,23.0,Completed,
TX_0000008026,CUST0977,2025-01-09,EZ-700,19,456000,Credit Card,6.0,Cancelled,
TX_0000008198,CUST1000,2025-02-25,II-104,16,423000,Credit Card,7.0,Completed,
TX_0000004457,CUST0540,2024-11-21,ZD-734,22,378000,Cash,23.0,Refunded,
TX_0000000685,CUST0086,2025-07-15,SG-212,6,417000,Cash,0.0,Completed,Product matches description
TX_0000006022,CUST0728,2024-11-20,EK-779,23,179000,E-wallet,26.0,Completed,Product matches description
TX_0000005520,CUST0669,2024-11-16,DY-823,25,435000,Bank Transfer,2.0,Completed,Doesn't meet expectations
TX_0000002766,CUST0336,2024-10-31,NW-665,30,423000,Bank Transfer,6.0,Completed,
TX_0000003930,CUST0469,2024-11-23,KZ-603,22,313000,Cash,48.0,Completed,5 stars for this product
TX_0000004814,CUST0579,2024-10-15,PZ-652,25,182000,Cash,42.0,Completed,Quality below expectations
TX_0000006327,CUST0767,2025-03-12,HE-919,38,105000,Debit Card,6.0,Completed,
TX_0000005068,CUST0611,2025-09-08,XE-396,18,120000,Credit Card,38.0,Completed,Expensive price but worth it
TX_0000004323,CUST0521,2024-10-21,AD-509,9,259000,Debit Card,50.0,Completed,
TX_0000006394,CUST0774,2025-03-21,ZE-751,36,256000,Debit Card,15.0,Completed,"High quality product, recommended"
TX_0000002452,CUST0300,2024-09-29,DD-674,37,196000,Bank Transfer,28.0,Completed,
TX_0000005428,CUST0659,2024-11-23,MP-049,36,273000,Debit Card,34.0,Cancelled,"Competitive price, decent quality"
TX_0000006051,CUST0730,2025-04-06,MX-532,39,441000,Bank Transfer,27.0,Completed,"Packaging not neat, but item is okay"
TX_0000003825,CUST0457,2024-11-26,SY-803,15,305000,Debit Card,40.0,Cancelled,
TX_0000002653,CUST0322,2025-06-25,DT-911,17,489000,Cash,1.0,Completed,
TX_0000006855,CUST0832,2024-10-26,JP-100,11,446000,Credit Card,37.0,Cancelled,
TX_0000007938,CUST0964,2025-08-14,MI-988,18,443000,Bank Transfer,1.0,Refunded,
TX_0000002177,CUST0267,2025-02-16,TV-944,31,189000,Credit Card,22.0,Cancelled,
TX_0000007097,CUST0860,2025-09-01,GJ-367,23,405000,E-wallet,40.0,Completed,
TX_0000003319,CUST0402,2024-09-20,CH-324,27,294000,Debit Card,29.0,Completed,
TX_0000004291,CUST0518,2025-02-22,OT-224,5,90000,Debit Card,28.0,Pending,
TX_0000002788,CUST0339,2025-03-18,QX-574,26,401000,Credit Card,19.0,Completed,
TX_0000004106,CUST0497,2025-09-17,UR-361,24,294000,Cash,31.0,Completed,
TX_0000004300,CUST0519,2024-12-31,TU-667,13,440000,Debit Card,39.0,Completed,
TX_0000001677,CUST0208,2024-12-02,QM-285,21,315000,Debit Card,32.0,Completed,
TX_0000003948,CUST0473,2025-01-15,UE-321,30,125000,Debit Card,27.0,Completed,
TX_0000006001,CUST0726,2025-01-26,XS-968,24,89000,E-wallet,46.0,Cancelled,
TX_0000004499,CUST0543,2025-04-14,GC-646,1,144000,Bank Transfer,28.0,Completed,
TX_0000005231,CUST0630,2025-05-01,SA-766,39,261000,Debit Card,15.0,Completed,
TX_0000005008,CUST0606,2025-06-07,EO-597,19,377000,Bank Transfer,2.0,Completed,
TX_0000002504,CUST0307,2025-08-10,VY-521,36,416000,Debit Card,18.0,Completed,
TX_0000007073,CUST0858,2025-02-20,NB-514,25,309000,Cash,49.0,Completed,
TX_0000002370,CUST0291,2025-06-15,AD-231,28,295000,Cash,43.0,Refunded,
TX_0000002218,CUST0661,2025-09-13,BH-315,39,457000,Debit Card,6.0,Cancelled,
TX_0000002219,CUST0270,2025-09-18,ZL-869,21,455000,Debit Card,31.0,Completed,
TX_0000003327,CUST0404,2024-12-30,BH-835,39,155000,Credit Card,11.0,Completed,Price worth it for the quality
TX_0000007558,CUST0916,2025-07-31,JR-218,11,454000,Bank Transfer,21.0,Completed,Very slow shipping
TX_0000003584,CUST0431,2025-02-26,YX-573,19,414000,E-wallet,39.0,Completed,"Seller communicative, item is good"
TX_0000006437,CUST0778,2024-12-03,SJ-112,22,340000,Credit Card,48.0,Completed,"Safe shipping, nothing damaged"
TX_0000005510,CUST0667,2025-03-25,FL-185,17,474000,Credit Card,31.0,Completed,
TX_0000006731,CUST0816,2024-09-20,QK-855,30,407000,E-wallet,30.0,Completed,"Professional seller, highly recommended"
TX_0000006436,CUST0778,2024-12-24,UK-250,19,246000,Cash,40.0,Completed,"Thank you, very recommended"
TX_0000000086,CUST0012,2024-03-20,ZP-054,23,328000,Debit Card,3.0,Completed,
TX_0000002802,CUST0342,2025-08-05,AP-436,17,500000,Cash,11.0,Completed,Good product for this price range
TX_0000003672,CUST0440,2025-01-26,NL-098,17,219000,Credit Card,18.0,Completed,Slightly defective but still usable
TX_0000003668,CUST0439,2024-12-14,TN-936,35,338000,Cash,27.0,Completed,
TX_0000002020,CUST0247,2025-03-15,OA-328,6,127000,Cash,10.0,Completed,Good product for this price range
TX_0000005635,CUST0685,2024-11-22,YF-054,22,343000,Debit Card,48.0,Completed,"Good quality, competitive price"
TX_0000002526,CUST0310,2025-01-09,YC-015,18,44000,E-wallet,10.0,Completed,
TX_0000004928,CUST0596,2025-02-14,KT-088,34,425000,Credit Card,11.0,Completed,Item arrived faster than expected
TX_0000004208,CUST0509,2024-11-22,WR-978,25,378000,Cash,29.0,Completed,Shipping delayed but item is good
TX_0000006348,CUST0768,2025-08-19,WU-562,33,249000,Credit Card,13.0,Completed,Bit disappointing from the photo
TX_0000006056,CUST0731,2025-01-04,LK-031,4,228000,Debit Card,38.0,Completed,
TX_0000004569,CUST0551,2024-12-03,ZZ-708,20,288000,Credit Card,50.0,Completed,
TX_0000002896,CUST0356,2024-12-01,NQ-934,24,371000,Bank Transfer,39.0,Completed,
TX_0000006337,CUST0767,2025-03-12,UL-665,24,166000,Bank Transfer,39.0,Refunded,
TX_0000007015,CUST0853,2025-08-19,HB-393,16,438000,Bank Transfer,37.0,Completed,Responsive and helpful seller
TX_0000003426,CUST0414,2025-08-24,EW-305,15,239000,Bank Transfer,19.0,Completed,"Thank you, very recommended"
TX_0000004685,CUST0562,2025-06-03,EO-861,34,286000,Credit Card,12.0,Completed,"Quality is okay, affordable price"
TX_0000004542,CUST0548,2025-03-16,PP-398,17,360000,Credit Card,17.0,Completed,"Original item, fast shipping"
TX_0000004478,CUST0541,2025-07-01,HA-049,35,135000,Cash,2.0,Completed,
TX_0000006024,CUST0728,2024-12-04,RX-878,22,258000,Debit Card,38.0,Completed,"Amazing product, highly recommended"
TX_0000007755,CUST0943,2025-02-22,VB-249,29,102000,E-wallet,1.0,Completed,Doesn't match my expectations
TX_0000002002,CUST0244,2025-05-08,UP-170,23,309000,Debit Card,26.0,Refunded,"Super fast shipping, thanks"
TX_0000006135,CUST0742,2025-02-24,SQ-741,38,490000,Debit Card,41.0,Completed,Friendly and professional service
TX_0000000870,CUST0109,2025-09-15,YQ-524,17,467000,E-wallet,,Completed,
TX_0000000357,CUST0049,2024-12-08,XZ-324,9,315000,Cash,26.0,Completed,Very slow shipping
TX_0000005502,CUST0667,2025-01-05,HF-954,35,481000,Credit Card,34.0,Refunded,"Quality matches the price, decent enough"
TX_0000005186,CUST0626,2024-12-07,XP-571,18,422000,Cash,42.0,Completed,
TX_0000008088,CUST0984,2025-01-20,HU-498,3,430000,Bank Transfer,16.0,Completed,
TX_0000001891,CUST0230,2025-08-01,OI-021,39,416000,Debit Card,1.0,Completed,Doesn't match my expectations
TX_0000004437,CUST0537,2024-06-06,FT-288,1,380000,Credit Card,46.0,Completed,
TX_0000006973,CUST0848,2024-11-04,WE-815,23,100000,Debit Card,4.0,Completed,
TX_0000003564,CUST0429,2024-11-30,KP-203,19,228000,Credit Card,10.0,Completed,
TX_0000005571,CUST0676,2024-12-23,PL-255,22,466000,Bank Transfer,26.0,Completed,
TX_0000002381,CUST0291,2025-05-31,OG-988,16,455000,Bank Transfer,18.0,Completed,Poor quality for this price
TX_0000007286,CUST0884,2024-12-08,VD-250,33,468000,Debit Card,26.0,Cancelled,
TX_0000005724,CUST0694,2025-07-05,OE-165,11,455000,Cash,2.0,Completed,Price worth it for the quality
TX_0000005819,CUST0702,2024-10-10,KJ-943,24,107000,E-wallet,5.0,Completed,"Item damaged upon arrival, disappointed"
TX_0000003307,CUST0400,2024-11-01,FM-186,22,349000,E-wallet,39.0,Refunded,Shipping delayed but item is good
TX_0000006790,CUST0823,2024-12-22,TS-098,21,87000,Credit Card,32.0,Refunded,
TX_0000003500,CUST0423,2025-08-24,CZ-273,15,201000,Debit Card,1.0,Completed,
TX_0000005109,CUST0618,2024-10-20,RJ-359,21,276000,E-wallet,49.0,Completed,
TX_0000001117,CUST0137,2025-03-01,OA-603,38,144000,Debit Card,7.0,Completed,"100% original item, recommended"
TX_0000007547,CUST0913,2024-10-29,EX-588,16,444000,Cash,20.0,Pending,
TX_0000006387,CUST0772,2025-05-30,CF-244,16,450000,E-wallet,22.0,Completed,"Thick bubble wrap packaging, safe"
TX_0000005134,CUST0621,2024-12-09,FE-475,4,216000,E-wallet,48.0,Completed,
TX_0000005554,CUST0674,2024-11-23,ZD-197,16,102000,E-wallet,43.0,Completed,
TX_0000005361,CUST0652,2024-06-04,XK-158,24,185000,Cash,5.0,Completed,Product matches description
TX_0000008034,CUST0977,2024-11-13,WV-402,29,404000,E-wallet,7.0,Cancelled,
TX_0000002501,CUST0307,2025-07-05,JZ-692,19,165000,Debit Card,45.0,Completed,
TX_0000004395,CUST0530,2025-04-21,HZ-641,35,1394000,Credit Card,42.0,Completed,Bit disappointing from the photo
TX_0000007283,CUST0883,2025-02-04,JU-196,22,319000,Cash,35.0,Completed,
TX_0000003810,CUST0456,2025-01-10,FV-616,20,213000,Cash,35.0,Completed,"Defective item, please replace"
TX_0000004472,CUST0541,2025-09-18,OF-324,25,202000,Cash,35.0,Cancelled,
TX_0000006190,CUST0748,2025-02-17,CF-414,18,205000,E-wallet,30.0,Completed,
TX_0000007346,CUST0891,2025-07-24,WH-792,25,369000,Debit Card,38.0,Pending,
TX_0000007816,CUST0951,2024-11-07,OF-339,32,286000,Cash,39.0,Completed,
TX_0000006572,CUST0795,2024-10-27,XS-376,23,431000,Bank Transfer,7.0,Completed,
TX_0000002053,CUST0252,2024-11-20,LS-434,14,301000,E-wallet,7.0,Completed,
TX_0000001777,CUST0219,2025-04-22,TG-900,6,279000,Bank Transfer,8.0,Completed,
TX_0000004429,CUST0535,2025-02-04,GD-425,26,352000,Cash,35.0,Completed,Responsive and helpful seller
TX_0000003314,CUST0401,2025-04-13,MH-532,11,141000,Cash,37.0,Completed,"Thank you, very recommended"
TX_0000005904,CUST0714,2025-05-31,NW-696,26,231000,Bank Transfer,3.0,Completed,Doesn't meet expectations
TX_0000007020,CUST0854,2025-02-13,ER-350,18,317000,E-wallet,28.0,Completed,Bit overpriced but quality is okay
TX_0000001593,CUST0198,2025-09-09,LE-916,29,340000,Debit Card,18.0,Completed,
TX_0000001724,CUST0213,2025-03-11,RI-073,39,104000,Bank Transfer,,Cancelled,
TX_0000006425,CUST0777,2024-12-21,PX-960,34,309000,Credit Card,18.0,Completed,
TX_0000007726,CUST0939,2025-06-04,WX-142,40,405000,Debit Card,39.0,Completed,"Thick bubble wrap packaging, safe"
TX_0000005594,CUST0680,2024-11-26,AY-894,24,160000,Bank Transfer,0.0,Completed,"Thick bubble wrap packaging, safe"
TX_0000000491,CUST0064,2025-03-08,CX-947,36,402000,Debit Card,,Refunded,
TX_0000007993,CUST0970,2025-03-16,CW-323,8,363000,Bank Transfer,33.0,Completed,
TX_0000003484,CUST0421,2024-10-19,BS-503,18,139000,Bank Transfer,25.0,Completed,"Product matches photo, good quality"
TX_0000003432,CUST0415,2025-03-28,SG-918,34,191000,Credit Card,47.0,Completed,
TX_0000004251,CUST0515,2025-08-07,TR-766,19,278000,Debit Card,,Completed,
TX_0000008196,CUST0999,2024-11-17,DK-785,12,460000,Credit Card,26.0,Completed,
TX_0000000026,CUST0004,2025-02-07,SL-066,16,139000,E-wallet,10.0,Completed,
TX_0000007299,CUST0886,2025-02-03,WC-155,32,491000,Credit Card,33.0,Completed,
TX_0000002410,CUST0294,2025-06-28,ER-479,29,359000,E-wallet,6.0,Completed,
TX_0000003271,CUST0396,2025-01-17,QG-693,16,399000,E-wallet,,Completed,
TX_0000001553,CUST0195,2025-01-21,ND-274,11,384000,E-wallet,30.0,Completed,Item arrived in perfect condition
TX_0000007148,CUST0867,2025-05-31,WQ-008,33,237000,Credit Card,37.0,Completed,Original and quality item
TX_0000006143,CUST0743,2024-12-28,AX-051,6,35000,Cash,43.0,Completed,
TX_0000003872,CUST0463,2024-11-23,VU-831,15,120000,Bank Transfer,7.0,Completed,"Responsive seller, good problem solving"
TX_0000003403,CUST0411,2024-11-20,RB-423,27,52000,E-wallet,26.0,Completed,"Original item, fast shipping"
TX_0000000980,CUST0122,2025-03-04,ZH-888,17,481000,Cash,32.0,Completed,
TX_0000002656,CUST0323,2025-09-13,SZ-478,18,103000,E-wallet,12.0,Completed,"Item matches picture, very satisfied"
TX_0000001848,CUST0227,2025-01-11,IV-052,27,487000,Debit Card,7.0,Completed,
TX_0000005360,CUST0652,2025-02-06,RM-196,20,431000,Credit Card,31.0,Completed,"Safe packaging, not damaged"
TX_0000005577,CUST0678,2025-05-19,LN-869,19,153000,Cash,46.0,Completed,
TX_0000006389,CUST0773,2025-07-01,SF-563,19,373000,E-wallet,33.0,Completed,A bit expensive but satisfied with result
TX_0000006105,CUST0737,2024-12-28,OC-611,25,87000,Cash,46.0,Completed,Disappointed with item quality
TX_0000004863,CUST0585,2024-12-03,OY-537,23,413000,Credit Card,20.0,Completed,
TX_0000001103,CUST0135,2025-07-31,SI-513,21,364000,Cash,19.0,Completed,
TX_0000003277,CUST0397,2024-09-29,QN-275,38,366000,Credit Card,37.0,Completed,
TX_0000004975,CUST0602,2025-09-09,CL-422,16,103000,Cash,25.0,Completed,
TX_0000006099,CUST0737,2025-02-19,SD-739,9,44000,Debit Card,12.0,Completed,
TX_0000005718,CUST0694,2025-09-06,TN-372,19,233000,Debit Card,36.0,Completed,Size doesn't match expectations
TX_0000003997,CUST0478,2025-09-19,WJ-568,24,271000,E-wallet,25.0,Pending,"Product not original, very disappointed"
TX_0000000195,CUST0023,2025-02-03,AD-551,23,107000,Debit Card,24.0,Completed,Premium quality at affordable price
TX_0000000644,CUST0080,2025-07-18,BX-413,11,363000,E-wallet,7.0,Completed,
TX_0000003286,CUST0397,2024-10-09,PL-287,20,306000,Bank Transfer,40.0,Completed,
TX_0000003117,CUST0381,2024-09-28,AU-694,24,342000,Cash,7.0,Pending,
TX_0000003576,CUST0430,2024-12-17,QQ-803,17,428000,E-wallet,37.0,Completed,
TX_0000006725,CUST0815,2024-12-03,AW-123,2,116000,Bank Transfer,29.0,Completed,Standard quality for the price
TX_0000002208,CUST0661,2025-09-17,NC-518,33,100000,Cash,37.0,Completed,
TX_0000003719,CUST0446,2024-10-01,QK-987,20,311000,E-wallet,48.0,Completed,
TX_0000000973,CUST0121,2025-04-26,KU-330,15,325000,Bank Transfer,31.0,Completed,
TX_0000000720,CUST0091,2025-01-03,IP-784,17,18000,Bank Transfer,42.0,Completed,
TX_0000007740,CUST0942,2025-08-19,QJ-718,20,239000,Credit Card,16.0,Completed,
TX_0000003897,CUST0465,2024-10-31,HS-780,24,406000,Debit Card,19.0,Completed,Item arrived in perfect condition
TX_0000002804,CUST0342,2025-07-18,WX-564,21,323000,Credit Card,25.0,Completed,
TX_0000002567,CUST0314,2025-07-01,SS-945,22,221000,E-wallet,50.0,Completed,
TX_0000004026,CUST0484,2025-01-03,CO-687,6,406000,Debit Card,35.0,Completed,
TX_0000000033,CUST0005,2025-09-14,SO-210,40,500000,Bank Transfer,0.0,Completed,Size doesn't match expectations
TX_0000007648,CUST0930,2025-08-01,FT-436,10,449000,Cash,2.0,Completed,
TX_0000004064,CUST0490,2025-01-21,FM-833,35,1488000,Bank Transfer,2.0,Completed,
TX_0000007554,CUST0915,2024-12-17,XS-527,24,370000,E-wallet,5.0,Completed,"Professional seller, highly recommended"
TX_0000001698,CUST0210,2025-01-25,VP-145,37,213000,E-wallet,41.0,Completed,
TX_0000002793,CUST0340,2025-07-29,EP-374,19,330000,Debit Card,7.0,Completed,
TX_0000002223,CUST0270,2025-08-07,QA-154,39,381000,Cash,48.0,Completed,
TX_0000003765,CUST0451,2025-08-23,GX-741,2,356000,Debit Card,36.0,Completed,
TX_0000003867,CUST0462,2025-07-03,IC-410,10,182000,Bank Transfer,31.0,Completed,"Poor product, requesting refund"
TX_0000006469,CUST0782,2024-09-29,QQ-838,9,17000,Credit Card,24.0,Completed,
TX_0000006605,CUST0799,2025-01-07,KR-872,18,131000,Cash,45.0,Completed,
TX_0000004508,CUST0544,2025-01-24,CK-933,29,329000,Bank Transfer,32.0,Completed,
TX_0000007942,CUST0965,2025-09-12,SP-922,18,289000,Credit Card,30.0,Completed,
TX_0000003759,CUST0451,2025-09-24,ZC-235,13,403000,Bank Transfer,26.0,Completed,
TX_0000005475,CUST0664,2025-08-13,RM-972,35,242000,Debit Card,48.0,Completed,"Poor product, requesting refund"
TX_0000003228,CUST0391,2025-03-25,TR-047,36,487000,Bank Transfer,25.0,Completed,Original and quality item
TX_0000005254,CUST0634,2025-02-11,VC-876,21,240000,E-wallet,21.0,Completed,Price worth it for the quality
TX_0000005768,CUST0697,2025-09-22,RM-793,22,459000,Cash,47.0,Completed,
TX_0000003905,CUST0466,2025-03-27,DL-955,32,405000,Debit Card,35.0,Completed,
TX_0000002278,CUST0279,2025-01-02,JE-801,17,199000,E-wallet,0.0,Completed,5 stars for this product
TX_0000004602,CUST0553,2024-10-22,MU-292,30,444000,Credit Card,23.0,Completed,"Standard quality, reasonable price"
TX_0000001402,CUST0177,2024-12-31,FG-611,37,661000,Credit Card,23.0,Completed,Very satisfied with this purchase
TX_0000000740,CUST0093,2025-06-11,QZ-863,26,382000,Bank Transfer,7.0,Completed,"Honest seller, item as described"
TX_0000007259,CUST0880,2024-10-01,SV-702,29,210000,Cash,8.0,Completed,
TX_0000007454,CUST0904,2025-02-18,TZ-465,33,339000,Bank Transfer,27.0,Completed,Standard quality for the price
TX_0000006163,CUST0745,2025-09-23,WM-532,2,453000,E-wallet,27.0,Completed,
TX_0000005518,CUST0668,2025-01-01,AN-108,17,449000,E-wallet,48.0,Pending,"Honest seller, item as described"
TX_0000006315,CUST0765,2025-04-29,TK-534,37,435000,E-wallet,46.0,Cancelled,Quality below expectations
TX_0000004626,CUST0556,2024-12-31,HP-243,16,195000,Credit Card,20.0,Completed,
TX_0000000675,CUST0085,2025-03-05,RB-416,20,202000,Debit Card,11.0,Completed,Premium quality at affordable price
TX_0000004305,CUST0519,2025-01-21,AE-812,23,1600,Debit Card,43.0,Refunded,
TX_0000003842,CUST0458,2025-01-10,CQ-352,32,306000,E-wallet,50.0,Completed,"Good product, meets expectations"
TX_0000001816,CUST0222,2025-09-19,FC-661,17,52000,Cash,18.0,Cancelled,
TX_0000005715,CUST0694,2025-07-07,OE-245,21,484000,E-wallet,,Completed,
TX_0000007945,CUST0965,2024-07-23,GJ-126,30,444000,Credit Card,30.0,Completed,"Product matches photo, good quality"
TX_0000007008,CUST0853,2024-09-30,GH-526,26,278000,E-wallet,,Completed,Original and quality item
TX_0000004929,CUST0596,2025-08-24,OQ-978,16,382000,Debit Card,50.0,Completed,"Premium quality, very satisfied"
TX_0000002101,CUST0257,2025-07-01,AO-814,39,429000,Bank Transfer,16.0,Completed,
TX_0000006905,CUST0838,2024-04-29,BT-327,32,123000,Debit Card,23.0,Completed,
TX_0000002102,CUST0257,2025-06-14,ER-459,21,487000,Credit Card,19.0,Completed,
TX_0000004214,CUST0510,2025-03-03,VB-003,3,289000,Bank Transfer,34.0,Completed,"Amazing product, highly recommended"
TX_0000004702,CUST0564,2024-11-08,TB-792,8,368000,Cash,,Completed,
TX_0000001549,CUST0194,2025-02-11,YO-255,32,467000,E-wallet,43.0,Completed,
TX_0000005289,CUST0640,2025-01-07,NG-391,18,444000,Bank Transfer,15.0,Completed,
TX_0000003324,CUST0403,2024-12-30,GZ-209,17,175000,Debit Card,27.0,Completed,A bit expensive but satisfied with result
TX_0000004897,CUST0590,2025-03-07,JP-881,34,402000,Credit Card,19.0,Completed,
TX_0000000356,CUST0048,2024-11-04,EB-275,3,130000,E-wallet,2.0,Completed,
TX_0000001462,CUST0185,2025-06-03,IC-745,34,390000,Cash,47.0,Completed,
TX_0000007269,CUST0882,2025-07-05,NL-037,29,356000,Debit Card,49.0,Completed,"Good product, meets expectations"
TX_0000003221,CUST0390,2024-12-03,FJ-935,6,313000,Bank Transfer,2.0,Refunded,"Good quality, competitive price"
TX_0000007469,CUST0905,2024-10-27,VN-059,18,402000,E-wallet,35.0,Completed,
TX_0000005308,CUST0644,2025-02-27,ZT-005,35,162000,Bank Transfer,41.0,Completed,Price worth it for the quality
TX_0000001752,CUST0215,2024-07-15,WY-538,4,303000,E-wallet,4.0,Completed,
TX_0000005877,CUST0710,2025-08-11,QT-696,16,414000,Credit Card,24.0,Completed,Product matches description
TX_0000007139,CUST0867,2025-06-05,FO-355,25,264000,Bank Transfer,49.0,Completed,
TX_0000001773,CUST0218,2025-01-17,UG-183,29,144000,Credit Card,38.0,Completed,Poor quality for this price
TX_0000001197,CUST0149,2024-10-22,GC-362,25,349000,Credit Card,31.0,Completed,
TX_0000001879,CUST0229,2025-04-11,QP-466,11,86000,Credit Card,3.0,Completed,
TX_0000002669,CUST0325,2025-08-28,XL-289,33,437000,Bank Transfer,18.0,Completed,Slightly defective but still usable
TX_0000008187,CUST0997,2025-03-06,XK-801,33,383000,Cash,42.0,Refunded,
TX_0000002017,CUST0245,2025-08-30,NB-077,25,121000,Bank Transfer,50.0,Completed,Doesn't meet expectations
TX_0000002006,CUST0245,2025-05-27,BQ-810,18,262000,Bank Transfer,9.0,Completed,Standard quality for the price
TX_0000003894,CUST0465,2025-03-07,IC-025,6,416000,Cash,7.0,Completed,
TX_0000003238,CUST0392,2025-08-16,WR-097,31,205000,Debit Card,42.0,Completed,"Item damaged upon arrival, disappointed"
TX_0000002079,CUST0255,2025-01-05,LY-746,3,406000,Debit Card,21.0,Completed,
TX_0000000397,CUST0052,2025-08-23,IZ-523,18,193000,Credit Card,7.0,Pending,Very slow shipping
TX_0000002789,CUST0340,2025-08-16,NO-056,19,318000,Credit Card,3.0,Completed,"Good item, express shipping"
TX_0000004820,CUST0580,2025-01-01,DP-743,24,241000,E-wallet,23.0,Completed,
TX_0000004073,CUST0491,2025-01-18,GM-094,26,251000,Debit Card,26.0,Completed,"Product meets expectations, will buy again"
TX_0000005762,CUST0696,2025-02-16,RF-540,31,304000,Cash,7.0,Completed,"Safe shipping, nothing damaged"
TX_0000004881,CUST0588,2024-11-09,KW-422,1,306000,Credit Card,27.0,Pending,
TX_0000001520,CUST0191,2025-07-22,UI-413,36,306000,Cash,22.0,Completed,
TX_0000006316,CUST0765,2025-07-30,XJ-030,35,298000,E-wallet,18.0,Completed,
TX_0000001379,CUST0172,2025-03-24,OV-330,39,250000,Bank Transfer,45.0,Completed,"Product meets expectations, will buy again"
TX_0000001024,CUST0126,2025-03-23,LC-871,17,490000,Credit Card,,Completed,
TX_0000002588,CUST0316,2024-12-31,SM-320,16,309000,Bank Transfer,16.0,Completed,
TX_0000005145,CUST0621,2024-10-03,RV-578,31,313000,E-wallet,37.0,Cancelled,
TX_0000002858,CUST0351,2025-09-22,US-165,8,43000,E-wallet,45.0,Cancelled,Price matches quality
TX_0000005591,CUST0680,2025-05-31,RZ-063,22,47000,Cash,18.0,Cancelled,"Product not original, very disappointed"
TX_0000001630,CUST0204,2025-08-04,DH-728,39,493000,E-wallet,27.0,Completed,
TX_0000003524,CUST0425,2025-02-11,DO-503,23,341000,Debit Card,38.0,Completed,Item arrived faster than expected
TX_0000007069,CUST0858,2024-10-16,IM-262,21,221000,Credit Card,15.0,Completed,
TX_0000003608,CUST0433,2024-11-18,JA-760,37,493000,Bank Transfer,26.0,Completed,Bit disappointing from the photo
TX_0000007321,CUST0888,2025-02-16,AY-640,25,494000,Cash,19.0,Completed,
TX_0000000235,CUST0031,2025-07-02,AK-905,8,39000,Credit Card,43.0,Completed,
TX_0000005224,CUST0630,2025-06-20,CU-144,21,356000,Bank Transfer,31.0,Completed,
TX_0000003797,CUST0454,2025-04-09,AB-921,17,229000,Cash,17.0,Cancelled,"Item matches picture, very satisfied"
TX_0000004119,CUST0498,2025-09-14,AL-861,19,263000,Cash,27.0,Completed,"Quality matches the price, decent enough"
TX_0000003801,CUST0454,2025-01-20,CD-447,32,410000,Bank Transfer,11.0,Completed,Won't buy here again
TX_0000005599,CUST0680,2025-04-14,TQ-358,7,457000,Bank Transfer,40.0,Completed,
TX_0000006047,CUST0730,2025-03-27,IR-109,18,433000,E-wallet,44.0,Completed,"Product meets expectations, great"
TX_0000001949,CUST0238,2025-02-18,KH-153,21,401000,Cash,33.0,Completed,"Quality matches the price, decent enough"
TX_0000007287,CUST0884,2024-10-02,GE-652,28,45000,E-wallet,25.0,Completed,
TX_0000006639,CUST0802,2025-08-30,JG-330,30,193000,E-wallet,43.0,Completed,
TX_0000003493,CUST0422,2025-04-13,KN-517,31,367000,Cash,32.0,Completed,
TX_0000002672,CUST0325,2025-07-10,UJ-905,26,463000,Bank Transfer,37.0,Completed,
TX_0000006825,CUST0828,2025-03-29,TK-396,38,198000,E-wallet,33.0,Completed,"Item arrived quickly, good condition"
TX_0000002225,CUST0270,2025-09-13,VI-626,20,364000,Credit Card,0.0,Completed,"Honest seller, item as described"
TX_0000001107,CUST0136,2024-11-14,KF-278,31,367000,E-wallet,33.0,Completed,
TX_0000006759,CUST0820,2024-11-23,EU-047,37,433000,Bank Transfer,32.0,Completed,
TX_0000000819,CUST0104,2025-09-20,FY-852,32,288000,Cash,0.0,Completed,"Packaging not neat, but item is okay"
TX_0000006393,CUST0774,2025-02-07,JQ-474,23,420000,Cash,21.0,Cancelled,
TX_0000006324,CUST0766,2025-07-28,IM-636,34,146000,Cash,6.0,Cancelled,Product matches description
TX_0000007278,CUST0883,2024-11-02,UI-082,19,500000,Bank Transfer,15.0,Completed,Response was slow but item is good
TX_0000000889,CUST0111,2025-03-06,TJ-425,26,463000,Bank Transfer,18.0,Completed,Original and quality item
TX_0000002438,CUST0299,2025-02-08,QU-362,29,362000,Cash,7.0,Completed,
TX_0000000818,CUST0103,2024-11-09,RJ-020,16,241000,Bank Transfer,,Cancelled,
TX_0000003415,CUST0413,2025-02-14,LT-438,40,471000,Cash,25.0,Completed,
TX_0000002342,CUST0287,2025-06-15,YD-174,20,499000,Cash,32.0,Completed,
TX_0000006735,CUST0816,2025-01-30,AY-524,23,425000,Cash,43.0,Completed,
TX_0000003168,CUST0385,2025-09-02,YT-103,4,476000,Credit Card,31.0,Completed,
TX_0000007851,CUST0955,2024-10-27,UK-723,37,435000,E-wallet,2.0,Completed,
TX_0000005404,CUST0657,2025-07-28,AJ-369,18,259000,Credit Card,14.0,Completed,
TX_0000001265,CUST0157,2024-12-02,GS-434,28,420000,Bank Transfer,18.0,Completed,
TX_0000007567,CUST0918,2025-09-09,NO-669,23,394000,Credit Card,1.0,Completed,
TX_0000005927,CUST0716,2025-05-05,TE-441,15,305000,Cash,43.0,Completed,Price worth it for the quality
TX_0000005784,CUST0699,2025-03-20,JZ-623,15,197000,Debit Card,37.0,Cancelled,
TX_0000001229,CUST0153,2025-09-21,KT-953,28,144000,Debit Card,16.0,Completed,
TX_0000005944,CUST0717,2025-02-27,IO-470,21,332000,Debit Card,17.0,Completed,
TX_0000000053,CUST0007,2024-11-19,ZJ-991,19,349000,E-wallet,19.0,Completed,
TX_0000004937,CUST0597,2025-09-16,OZ-368,33,146000,E-wallet,,Completed,
TX_0000005799,CUST0700,2024-10-05,HV-690,1,389000,E-wallet,37.0,Completed,"Quality is okay, affordable price"
TX_0000000160,CUST0020,2025-06-10,OU-696,30,496000,Bank Transfer,14.0,Completed,Item arrived safely
TX_0000005081,CUST0614,2025-03-22,GB-286,21,405000,Cash,41.0,Cancelled,
TX_0000001588,CUST0198,2025-08-22,FE-439,16,292000,Bank Transfer,39.0,Completed,Item arrived in perfect condition
TX_0000001590,CUST0198,2025-09-11,JQ-125,22,269000,E-wallet,34.0,Completed,"Standard quality, reasonable price"
TX_0000004963,CUST0601,2024-11-15,LO-049,40,205000,Debit Card,16.0,Completed,
TX_0000006162,CUST0745,2025-08-28,EQ-424,2,402000,Cash,37.0,Completed,
TX_0000007607,CUST0924,2025-06-07,SL-042,18,354000,Bank Transfer,11.0,Completed,
TX_0000003859,CUST0462,2025-08-02,ST-692,23,116000,Cash,28.0,Completed,
TX_0000004520,CUST0545,2024-12-25,QF-755,32,238000,Credit Card,40.0,Completed,
TX_0000002829,CUST0345,2025-03-07,TO-203,16,175000,Credit Card,21.0,Cancelled,"Safe packaging, not damaged"
TX_0000000437,CUST0058,2025-09-16,LZ-906,29,341000,Bank Transfer,11.0,Completed,
TX_0000005485,CUST0665,2025-08-08,YD-207,19,334000,Credit Card,41.0,Cancelled,"Premium quality, very satisfied"
TX_0000003879,CUST0463,2024-10-22,VV-686,21,438000,Credit Card,34.0,Completed,
TX_0000001589,CUST0198,2025-08-26,BJ-571,26,124000,Credit Card,18.0,Completed,
TX_0000002781,CUST0338,2025-02-18,VV-700,15,118000,Debit Card,32.0,Completed,"Standard quality, reasonable price"
TX_0000006668,CUST0806,2025-04-18,AB-050,22,156000,Credit Card,38.0,Completed,
TX_0000006054,CUST0731,2025-03-03,SR-643,24,122000,Cash,39.0,Completed,
TX_0000006891,CUST0837,2025-01-23,UW-140,18,121000,Credit Card,3.0,Completed,Product doesn't match picture
TX_0000000974,CUST0121,2025-06-10,QS-740,28,350000,E-wallet,29.0,Completed,
TX_0000001239,CUST0154,2025-09-07,IP-172,26,231000,Bank Transfer,4.0,Completed,
TX_0000002952,CUST0362,2025-09-07,JD-058,20,210000,Credit Card,9.0,Completed,
TX_0000002343,CUST0287,2025-07-18,EG-501,11,272000,E-wallet,17.0,Completed,
TX_0000006633,CUST0802,2025-07-08,QM-737,31,449000,Credit Card,47.0,Completed,
TX_0000007000,CUST0852,2024-11-21,HG-699,20,113000,Cash,48.0,Cancelled,A bit expensive but worth the quality
TX_0000001498,CUST0189,2025-07-16,LG-423,14,304000,Cash,34.0,Completed,
TX_0000004258,CUST0515,2025-08-31,YW-762,13,184000,Credit Card,37.0,Completed,
TX_0000002423,CUST0297,2024-10-06,DZ-726,36,362000,E-wallet,1.0,Completed,
TX_0000007280,CUST0883,2025-01-15,MM-772,18,490000,Cash,16.0,Completed,"Amazing product, highly recommended"
TX_0000005389,CUST0655,2025-01-15,VX-691,6,388000,E-wallet,2.0,Completed,"Great product, will order again"
TX_0000007061,CUST0858,2024-11-20,OB-351,18,358000,Cash,33.0,Completed,
TX_0000002093,CUST0256,2025-02-23,AM-210,25,4000,Cash,47.0,Completed,
TX_0000002016,CUST0245,2025-09-22,JU-445,17,28000,Bank Transfer,48.0,Completed,"Safe packaging, not damaged"
TX_0000006782,CUST0822,2024-07-31,NL-502,38,322000,Bank Transfer,41.0,Completed,
TX_0000005988,CUST0724,2024-10-28,ML-574,18,431000,Bank Transfer,33.0,Completed,Size doesn't match expectations
TX_0000000188,CUST0023,2024-11-01,MZ-341,22,154000,Debit Card,14.0,Completed,A bit expensive but worth the quality
TX_0000004635,CUST0556,2025-02-08,JO-271,23,98000,Debit Card,22.0,Completed,
TX_0000003656,CUST0437,2025-09-15,WL-710,16,342000,Credit Card,28.0,Pending,
TX_0000003427,CUST0414,2025-08-16,BL-005,28,456000,Cash,27.0,Completed,
TX_0000005310,CUST0644,2025-01-18,HB-993,29,176000,Credit Card,5.0,Cancelled,Good product for this price range
TX_0000001382,CUST0172,2024-05-24,VK-448,25,330000,Debit Card,44.0,Completed,Shipping delayed but item is good
TX_0000005024,CUST0607,2024-09-27,ZC-145,21,410000,Cash,24.0,Completed,Quality below expectations
TX_0000000414,CUST0055,2025-01-30,GK-291,11,35000,Cash,16.0,Completed,"Quality item, packaging OK"
TX_0000003337,CUST0405,2024-12-29,WX-660,26,170000,Cash,16.0,Completed,"Packaging not neat, but item is okay"
TX_0000003607,CUST0433,2025-03-16,YJ-532,29,289000,Bank Transfer,20.0,Completed,
TX_0000007691,CUST0934,2025-03-28,VY-996,1,372000,Debit Card,42.0,Completed,
TX_0000005984,CUST0724,2025-04-26,LP-259,15,207000,E-wallet,23.0,Completed,
TX_0000005522,CUST0669,2024-09-11,DA-624,10,81000,E-wallet,29.0,Completed,"Quality is okay, affordable price"
TX_0000000257,CUST0032,2025-03-01,SY-934,15,363000,Bank Transfer,30.0,Cancelled,
TX_0000004767,CUST0573,2024-06-12,LN-629,20,181000,Bank Transfer,24.0,Completed,
TX_0000008042,CUST0979,2024-11-18,SB-945,40,284000,Cash,3.0,Completed,Product matches description
TX_0000002236,CUST0273,2025-07-07,NE-408,18,227000,Credit Card,28.0,Completed,Friendly and professional service
TX_0000001768,CUST0218,2025-03-23,YX-240,31,476000,E-wallet,20.0,Completed,Quality below expectations
TX_0000004237,CUST0513,2025-07-19,JX-623,31,222000,Cash,39.0,Completed,"Responsive seller, good problem solving"
TX_0000007118,CUST0864,2024-11-25,AC-146,19,345000,E-wallet,33.0,Completed,"Item as ordered, safe packaging"
TX_0000001573,CUST0196,2025-09-23,CR-149,7,389000,E-wallet,33.0,Completed,Item arrived faster than expected
TX_0000000025,CUST0004,2024-10-13,AA-557,15,423000,Cash,2.0,Pending,Standard quality for the price
TX_0000006487,CUST0784,2024-12-01,BB-199,3,361000,E-wallet,19.0,Cancelled,
TX_0000001089,CUST0134,2025-03-01,NF-812,18,175000,Debit Card,38.0,Completed,
TX_0000002695,CUST0327,2024-11-12,ZT-018,22,2000000,Bank Transfer,15.0,Completed,"Original item, fast shipping"
TX_0000006346,CUST0768,2025-07-18,HS-081,17,299000,Credit Card,,Completed,
TX_0000003399,CUST0410,2024-09-04,ZZ-191,38,431000,Cash,29.0,Completed,
TX_0000003560,CUST0429,2024-10-14,IE-262,25,304000,Debit Card,36.0,Completed,Product doesn't match picture
TX_0000006925,CUST0842,2025-03-25,UW-037,8,300000,Cash,9.0,Completed,"Product meets expectations, will buy again"
TX_0000002842,CUST0347,2024-10-01,EH-472,23,171000,E-wallet,40.0,Completed,Shipping delayed but item is good
TX_0000002312,CUST0283,2025-07-28,MS-002,28,172000,Debit Card,42.0,Completed,
TX_0000005711,CUST0693,2025-01-21,JV-286,10,414000,Bank Transfer,13.0,Completed,
TX_0000007793,CUST0949,2025-09-16,PB-821,27,443000,Bank Transfer,,Refunded,"Defective item, please replace"
TX_0000004153,CUST0503,2024-10-29,ZW-529,35,169000,Cash,15.0,Completed,
TX_0000001310,CUST0163,2025-02-02,FM-848,40,340000,Debit Card,18.0,Completed,Disappointed with item quality
TX_0000000696,CUST0086,2025-08-21,GK-140,35,337000,Bank Transfer,38.0,Completed,
TX_0000004506,CUST0544,2024-10-05,AJ-849,19,386000,Cash,21.0,Cancelled,"Product meets expectations, will buy again"
TX_0000003753,CUST0450,2025-09-14,SE-416,37,439000,Debit Card,5.0,Completed,
TX_0000001228,CUST0153,2025-09-18,BQ-282,3,307000,Credit Card,38.0,Completed,A bit expensive but worth the quality
TX_0000002000,CUST0244,2024-10-28,WY-210,31,104000,Credit Card,24.0,Completed,Item arrived faster than expected
TX_0000000277,CUST0035,2024-11-28,QF-307,25,19000,Credit Card,14.0,Completed,
TX_0000006339,CUST0767,2025-03-26,YT-636,15,281000,Bank Transfer,9.0,Completed,
TX_0000004777,CUST0575,2024-11-22,XE-407,34,330000,Debit Card,26.0,Completed,
TX_0000006503,CUST0785,2025-09-23,BG-732,35,212000,Cash,16.0,Completed,"Honest seller, item as described"
TX_0000007290,CUST0884,2024-12-30,BC-840,34,222000,Cash,27.0,Completed,
TX_0000005560,CUST0675,2025-01-03,WX-972,26,365000,Cash,49.0,Refunded,
TX_0000008165,CUST0996,2025-01-06,RQ-337,40,106000,Credit Card,,Completed,
TX_0000008169,CUST0996,2025-01-04,NL-372,21,121000,Credit Card,20.0,Completed,"Thick bubble wrap packaging, safe"
TX_0000004746,CUST0571,2025-03-01,HA-130,32,312000,Bank Transfer,42.0,Completed,Price matches quality
TX_0000001138,CUST0140,2025-04-21,BE-434,20,252000,Cash,39.0,Cancelled,
TX_0000002768,CUST0336,2024-10-13,MH-944,34,313000,Bank Transfer,15.0,Completed,"Quality product, attractive packaging"
TX_0000005508,CUST0667,2024-12-29,GM-374,27,338000,Debit Card,34.0,Completed,
TX_0000005188,CUST0626,2025-03-26,PZ-206,33,268000,Debit Card,,Completed,
TX_0000000943,CUST0119,2025-03-28,WQ-233,12,178000,Credit Card,17.0,Completed,
TX_0000006610,CUST0800,2025-03-08,TW-568,10,34000,E-wallet,4.0,Completed,
TX_0000003936,CUST0469,2025-02-23,EZ-836,17,195000,Cash,6.0,Completed,Good product for this price range
TX_0000002385,CUST0292,2025-09-09,UR-292,28,143000,Cash,13.0,Completed,Expensive price but worth it
TX_0000000116,CUST0014,2025-03-07,HO-870,22,203000,Credit Card,34.0,Cancelled,"Standard quality, reasonable price"
TX_0000007974,CUST0969,2025-09-23,FX-501,4,493000,Credit Card,32.0,Completed,"Item damaged upon arrival, disappointed"
TX_0000008162,CUST0996,2025-03-26,ME-000,19,167000,Debit Card,23.0,Completed,"Product meets expectations, will buy again"
TX_0000003120,CUST0381,2024-11-20,VC-261,30,442000,E-wallet,40.0,Completed,
TX_0000004259,CUST0515,2025-08-18,KA-621,10,112000,Bank Transfer,28.0,Refunded,
TX_0000004529,CUST0546,2025-08-14,QQ-581,22,228000,E-wallet,31.0,Completed,"Product matches photo, good quality"
TX_0000005908,CUST0714,2025-07-11,US-551,20,494000,Bank Transfer,37.0,Completed,"Premium quality product, excellent"
TX_0000002820,CUST0343,2025-09-18,MH-599,32,314000,Debit Card,41.0,Completed,
TX_0000003823,CUST0457,2024-12-28,DJ-713,20,167000,Debit Card,30.0,Completed,
TX_0000006826,CUST0828,2025-01-21,QO-955,24,239000,Debit Card,4.0,Completed,"Premium quality product, excellent"
TX_0000006577,CUST0795,2024-12-29,GP-835,37,319000,Credit Card,4.0,Refunded,"Defective item, please replace"
TX_0000003803,CUST0455,2025-09-17,WH-578,1,90000,Cash,32.0,Completed,"Good quality, competitive price"
TX_0000003537,CUST0427,2024-10-23,RP-649,25,250000,Credit Card,23.0,Completed,Responsive and helpful seller
TX_0000003826,CUST0457,2024-10-17,EH-964,20,146000,Cash,11.0,Completed,
TX_0000008045,CUST0980,2024-09-27,AX-346,10,112000,Cash,39.0,Completed,
TX_0000001947,CUST0237,2025-07-31,ZC-639,36,323000,Bank Transfer,39.0,Completed,
TX_0000005595,CUST0680,2025-02-24,OF-120,7,147000,E-wallet,15.0,Cancelled,"Seller communicative, item is good"
TX_0000003489,CUST0421,2025-01-15,SK-613,31,278000,Bank Transfer,7.0,Completed,"Item matches picture, very satisfied"
TX_0000001611,CUST0202,2024-07-04,CU-359,15,75000,Credit Card,21.0,Completed,
TX_0000007994,CUST0970,2025-03-20,AO-976,35,287000,Debit Card,33.0,Completed,"Item matches picture, very satisfied"
TX_0000002195,CUST0269,2025-06-30,YA-518,23,121000,Debit Card,,Completed,
TX_0000005382,CUST0655,2025-06-14,BL-366,16,199000,Debit Card,0.0,Completed,
TX_0000000558,CUST0679,2025-09-21,JJ-638,12,306000,Debit Card,8.0,Completed,Item arrived safely
TX_0000005936,CUST0717,2024-09-07,BU-964,38,368000,Debit Card,10.0,Completed,"Safe shipping, nothing damaged"
TX_0000001208,CUST0150,2025-09-01,CQ-253,16,38000,Bank Transfer,46.0,Completed,
TX_0000007343,CUST0890,2024-10-05,AH-229,40,154000,Bank Transfer,34.0,Completed,
TX_0000004926,CUST0595,2025-09-17,RT-977,22,281000,E-wallet,6.0,Completed,
TX_0000001511,CUST0190,2025-07-09,KJ-745,14,270000,Debit Card,33.0,Completed,"Seller communicative, item is good"
TX_0000003830,CUST0457,2024-11-25,RV-385,7,116000,E-wallet,23.0,Completed,
TX_0000003733,CUST0448,2025-03-28,WZ-721,30,189000,Cash,13.0,Completed,
TX_0000007537,CUST0912,2024-12-27,CS-257,22,168000,Debit Card,11.0,Completed,
TX_0000003212,CUST0390,2025-03-22,EC-727,14,153000,Credit Card,11.0,Completed,
TX_0000003631,CUST0434,2025-06-20,PF-933,21,243000,Credit Card,2.0,Completed,Price worth it for the quality
TX_0000005608,CUST0681,2025-09-14,KS-394,17,117000,Credit Card,44.0,Cancelled,"Good quality, competitive price"
TX_0000008179,CUST0997,2025-01-26,NJ-529,23,489000,Debit Card,37.0,Completed,
TX_0000000267,CUST0033,2024-07-12,RG-464,36,461000,Bank Transfer,0.0,Completed,"High quality product, recommended"
TX_0000001141,CUST0140,2025-08-14,BP-433,3,202000,Debit Card,6.0,Completed,
TX_0000003163,CUST0384,2025-02-04,TB-677,35,295000,Credit Card,32.0,Completed,
TX_0000005838,CUST0705,2025-09-08,WH-146,28,458000,Cash,26.0,Cancelled,"Slow shipping, ordinary item"
TX_0000007536,CUST0912,2025-02-15,QP-599,6,494000,Cash,37.0,Cancelled,Won't buy here again
TX_0000001910,CUST0233,2025-09-20,TO-216,18,137000,E-wallet,8.0,Completed,Doesn't meet expectations
TX_0000007335,CUST0889,2025-02-19,VI-429,20,307000,E-wallet,6.0,Completed,Original and quality item
TX_0000006990,CUST0851,2024-11-23,AL-396,36,475000,Cash,14.0,Completed,"Good item, express shipping"
TX_0000000657,CUST0083,2024-12-23,CR-599,17,106000,Credit Card,45.0,Completed,"Good quality, competitive price"
TX_0000005816,CUST0702,2025-02-23,PQ-879,31,220000,Credit Card,43.0,Completed,
TX_0000005275,CUST0638,2025-09-17,KM-559,32,409000,E-wallet,35.0,Cancelled,
TX_0000000999,CUST0123,2024-11-12,PJ-657,20,489000,Bank Transfer,4.0,Pending,
TX_0000005002,CUST0605,2024-11-11,KR-070,22,430000,Debit Card,,Completed,
TX_0000002835,CUST0347,2024-05-11,CI-556,27,305000,Credit Card,1.0,Completed,"Product meets expectations, great"
TX_0000006965,CUST0846,2024-10-29,MB-617,36,325000,Cash,34.0,Completed,
TX_0000001238,CUST0154,2025-09-06,AJ-972,37,266000,E-wallet,3.0,Completed,
TX_0000006829,CUST0828,2024-11-01,YM-403,20,366000,Cash,7.0,Completed,
TX_0000005333,CUST0649,2024-03-02,HM-588,29,388000,E-wallet,11.0,Completed,
TX_0000006273,CUST0760,2025-01-10,YI-797,26,215000,Bank Transfer,29.0,Completed,
TX_0000002187,CUST0268,2024-10-24,FX-053,38,202000,E-wallet,10.0,Completed,
TX_0000001135,CUST0140,2025-08-18,XA-865,15,71000,Cash,42.0,Completed,
TX_0000001304,CUST0163,2024-11-20,US-136,30,376000,E-wallet,48.0,Completed,Responsive and helpful seller
TX_0000001628,CUST0203,2025-08-10,XN-704,16,153000,E-wallet,27.0,Completed,"Safe shipping, nothing damaged"
TX_0000006622,CUST0801,2025-08-17,UE-948,36,249000,E-wallet,41.0,Completed,
TX_0000001523,CUST0191,2025-09-01,TQ-352,9,390000,Credit Card,26.0,Completed,
TX_0000000359,CUST0049,2024-12-11,VQ-556,18,194000,Bank Transfer,32.0,Completed,
TX_0000000139,CUST0017,2024-12-17,EP-366,18,379000,Debit Card,29.0,Completed,
TX_0000000300,CUST0039,2025-06-01,LM-088,34,177000,Cash,26.0,Refunded,
TX_0000001557,CUST0195,2024-10-29,PX-078,16,243000,Bank Transfer,39.0,Completed,
TX_0000000383,CUST0051,2025-09-16,OR-512,16,265000,Credit Card,46.0,Completed,"Quality matches the price, decent enough"
TX_0000005682,CUST0690,2025-01-06,GB-424,15,315000,Debit Card,9.0,Completed,
TX_0000004696,CUST0563,2024-10-07,MG-283,29,336000,Cash,7.0,Completed,
TX_0000007910,CUST0962,2025-09-21,LL-151,25,93000,Credit Card,29.0,Completed,
TX_0000006949,CUST0844,2025-03-16,XT-544,11,360000,Credit Card,36.0,Completed,
TX_0000004813,CUST0579,2025-08-29,FM-781,31,132000,Debit Card,44.0,Completed,
TX_0000006634,CUST0802,2025-01-10,PK-602,34,142000,Cash,3.0,Cancelled,Poor quality for this price
TX_0000005663,CUST0688,2025-05-14,CW-560,10,321000,Credit Card,18.0,Completed,
TX_0000007836,CUST0952,2024-12-16,ME-223,32,469000,Bank Transfer,26.0,Completed,
TX_0000002722,CUST0330,2025-05-31,SS-344,31,187000,Bank Transfer,15.0,Completed,
TX_0000001933,CUST0235,2024-11-19,TS-763,12,151000,Credit Card,12.0,Completed,
TX_0000004997,CUST0605,2024-12-02,FO-456,35,336000,E-wallet,9.0,Refunded,"Premium quality, very satisfied"
TX_0000007373,CUST0894,2025-02-10,RE-852,29,237000,Cash,40.0,Completed,
TX_0000007419,CUST0899,2024-11-21,ZM-484,40,298000,E-wallet,29.0,Cancelled,
TX_0000004164,CUST0504,2024-11-21,XF-115,1,384000,Bank Transfer,13.0,Completed,"Item matches picture, very satisfied"
TX_0000006534,CUST0790,2024-12-15,TM-400,37,444000,E-wallet,13.0,Completed,
TX_0000003808,CUST0456,2025-04-14,ZK-335,30,356000,Cash,27.0,Refunded,
TX_0000007002,CUST0852,2024-11-12,EK-614,15,152000,E-wallet,17.0,Completed,Slightly disappointed with the finishing
TX_0000005129,CUST0619,2024-12-13,EP-665,28,244000,Debit Card,24.0,Completed,Bit overpriced but quality is okay
TX_0000004155,CUST0503,2024-08-19,TJ-997,25,427000,Cash,14.0,Completed,Very slow shipping
TX_0000004173,CUST0505,2025-01-23,XS-248,38,339000,Debit Card,31.0,Completed,
TX_0000000797,CUST0101,2025-02-18,WL-902,25,433000,Cash,3.0,Completed,Recommended seller
TX_0000002417,CUST0295,2025-09-12,GV-611,18,250000,E-wallet,30.0,Completed,
TX_0000000786,CUST0097,2024-11-26,QU-023,2,44000,Debit Card,25.0,Completed,"Super fast shipping, thanks"
TX_0000003159,CUST0384,2024-11-22,JB-231,31,472000,Credit Card,38.0,Completed,
TX_0000000124,CUST0015,2024-10-04,BQ-872,20,179000,Cash,6.0,Cancelled,
TX_0000002173,CUST0267,2025-07-07,EC-563,35,213000,Cash,6.0,Completed,
TX_0000005934,CUST0717,2025-05-31,AT-618,31,394000,E-wallet,15.0,Completed,
TX_0000005883,CUST0710,2025-08-10,GS-800,36,397000,Credit Card,16.0,Completed,"Quality item, packaging OK"
TX_0000004341,CUST0523,2025-09-10,ON-441,26,340000,Credit Card,33.0,Completed,
TX_0000000911,CUST0114,2025-03-25,HH-395,17,230000,Bank Transfer,43.0,Completed,A bit expensive but worth the quality
TX_0000002310,CUST0282,2025-09-14,MF-695,23,265000,Credit Card,47.0,Refunded,
TX_0000007681,CUST0934,2025-01-12,KL-605,11,22000,Bank Transfer,49.0,Pending,
TX_0000003635,CUST0738,2024-10-25,ZB-257,19,250000,Debit Card,,Completed,
TX_0000001258,CUST0156,2024-10-10,XS-765,40,249000,Debit Card,23.0,Completed,
TX_0000004459,CUST0540,2024-12-21,SA-947,20,170000,Cash,24.0,Completed,
TX_0000001179,CUST0145,2025-04-24,CC-545,14,38000,Debit Card,23.0,Completed,
TX_0000003651,CUST0435,2025-09-06,XJ-381,36,411000,E-wallet,27.0,Completed,
TX_0000000443,CUST0058,2025-02-21,GU-316,28,311000,Bank Transfer,37.0,Completed,
TX_0000007183,CUST0872,2025-01-13,OD-824,24,1100,Debit Card,41.0,Cancelled,
TX_0000001400,CUST0177,2024-11-26,DX-997,38,474000,Cash,13.0,Completed,
TX_0000001458,CUST0184,2025-02-09,TL-276,27,337000,Credit Card,20.0,Completed,
TX_0000007924,CUST0963,2024-07-29,ZY-182,27,419000,Cash,46.0,Completed,
TX_0000001055,CUST0128,2024-01-04,NQ-277,18,135000,Credit Card,2.0,Completed,Price matches quality
TX_0000003276,CUST0397,2024-06-20,PG-637,2,301000,E-wallet,,Cancelled,
TX_0000006300,CUST0764,2025-01-05,HQ-430,14,483000,Credit Card,18.0,Completed,
TX_0000003700,CUST0442,2025-08-03,QD-909,26,354000,Debit Card,29.0,Cancelled,"Good quality, competitive price"
TX_0000003760,CUST0451,2025-08-18,IF-780,24,172000,Cash,,Cancelled,"Quality product, attractive packaging"
TX_0000000930,CUST0137,2025-01-27,VA-304,29,466000,Cash,15.0,Completed,
TX_0000005817,CUST0702,2025-03-09,UD-949,24,270000,Debit Card,36.0,Pending,"Defective item, please replace"
TX_0000001830,CUST0224,2025-01-18,SF-587,7,481000,E-wallet,8.0,Completed,
TX_0000006946,CUST0844,2025-02-26,ZT-625,38,379000,Credit Card,18.0,Completed,
TX_0000004222,CUST0511,2025-02-03,YJ-873,5,105000,Bank Transfer,50.0,Completed,
TX_0000007521,CUST0910,2025-01-03,RK-188,19,64000,Credit Card,38.0,Completed,
TX_0000006604,CUST0799,2024-12-07,CK-571,33,121000,Cash,26.0,Completed,"100% original item, recommended"
TX_0000006933,CUST0843,2024-12-04,BJ-108,34,188000,E-wallet,31.0,Completed,
TX_0000002012,CUST0245,2025-07-04,YE-575,19,120000,Debit Card,35.0,Completed,"Original item, fast shipping"
TX_0000006229,CUST0755,2024-12-15,KP-019,34,206000,Bank Transfer,32.0,Completed,
TX_0000005588,CUST0679,2025-09-20,DA-969,18,474000,Debit Card,2.0,Completed,
TX_0000007865,CUST0957,2024-11-13,IS-392,37,59000,Cash,26.0,Completed,"Item arrived quickly, good condition"
TX_0000002607,CUST0318,2025-01-27,HU-812,3,325000,Cash,40.0,Cancelled,
TX_0000003265,CUST0395,2025-04-24,MB-256,21,403000,E-wallet,10.0,Completed,A bit overpriced in my opinion
TX_0000006211,CUST0751,2024-08-18,ZK-326,37,212000,E-wallet,49.0,Completed,"Item damaged upon arrival, disappointed"
TX_0000005459,CUST0662,2024-10-18,YQ-838,26,463000,Credit Card,18.0,Refunded,
TX_0000000007,CUST0002,2025-06-12,NW-872,7,337000,Credit Card,12.0,Completed,
TX_0000002981,CUST0365,2025-09-21,VK-759,20,301000,Cash,22.0,Completed,A bit disappointing for this price
TX_0000003362,CUST0407,2025-01-23,IQ-322,20,321000,Bank Transfer,29.0,Completed,
TX_0000001944,CUST0237,2025-01-22,ND-880,21,173000,E-wallet,37.0,Completed,
TX_0000005014,CUST0606,2025-05-03,VU-807,33,389000,Debit Card,28.0,Completed,
TX_0000007550,CUST0913,2025-05-11,RW-736,12,102000,E-wallet,48.0,Completed,
TX_0000006930,CUST0843,2025-01-23,BP-618,16,453000,E-wallet,33.0,Completed,"Product meets expectations, will buy again"
TX_0000006307,CUST0765,2025-09-24,WF-424,26,180000,Cash,36.0,Completed,
TX_0000005267,CUST0635,2025-02-03,MQ-296,25,123000,E-wallet,10.0,Completed,
TX_0000007545,CUST0913,2024-11-04,GI-655,2,221000,Debit Card,3.0,Completed,Recommended seller
TX_0000003135,CUST0382,2025-09-04,UG-012,11,51000,Bank Transfer,31.0,Completed,"Slow shipping, ordinary item"
TX_0000005228,CUST0630,2025-05-03,CO-060,18,198000,Credit Card,1.0,Completed,"Quality is okay, affordable price"
TX_0000002243,CUST0273,2025-07-16,ZK-918,23,474000,E-wallet,31.0,Pending,
TX_0000001475,CUST0187,2025-03-08,ZP-633,8,151000,Bank Transfer,35.0,Completed,
TX_0000006612,CUST0800,2025-03-08,PN-968,25,127000,Credit Card,46.0,Refunded,Size doesn't match expectations
TX_0000001890,CUST0230,2025-08-04,FT-622,15,469000,E-wallet,22.0,Completed,
TX_0000003436,CUST0415,2025-01-28,YA-345,19,153000,Debit Card,36.0,Completed,"Honest seller, item as described"
TX_0000005114,CUST0618,2025-07-01,XY-496,19,88000,Bank Transfer,18.0,Completed,"Amazing product, exceeds expectations"
TX_0000003706,CUST0443,2025-02-08,UG-739,5,203000,Debit Card,47.0,Completed,
TX_0000002022,CUST0247,2024-10-24,QO-682,32,475000,Bank Transfer,48.0,Completed,
TX_0000004021,CUST0483,2025-08-24,ZO-845,30,329000,Bank Transfer,3.0,Completed,"Safe packaging, not damaged"
TX_0000006711,CUST0812,2025-08-15,QE-821,15,325000,E-wallet,48.0,Completed,
TX_0000005862,CUST0707,2025-09-02,WM-738,14,355000,Bank Transfer,28.0,Completed,
TX_0000006683,CUST0808,2025-08-08,JD-706,18,483000,Debit Card,26.0,Pending,
TX_0000002659,CUST0323,2025-08-29,ZU-124,21,346000,Debit Card,26.0,Completed,5 stars for this product
TX_0000001131,CUST0139,2024-12-01,DP-978,18,475000,Cash,28.0,Completed,
TX_0000004954,CUST0599,2024-10-08,YT-787,17,250000,Bank Transfer,2.0,Completed,"Cheap price, decent quality"
TX_0000007427,CUST0899,2025-03-08,GM-144,30,175000,Credit Card,,Completed,"Product matches photo, good quality"
TX_0000005039,CUST0860,2025-08-15,AB-047,21,407000,Debit Card,21.0,Completed,
TX_0000004319,CUST0521,2025-07-22,OC-328,5,328000,E-wallet,18.0,Completed,
TX_0000007600,CUST0923,2024-11-25,VY-636,27,324000,Credit Card,,Completed,
TX_0000004145,CUST0502,2025-02-24,SI-485,16,490000,Bank Transfer,16.0,Completed,Responsive and helpful seller
TX_0000001237,CUST0154,2025-09-22,OA-181,19,472000,Credit Card,46.0,Completed,
TX_0000007940,CUST0965,2024-11-28,JU-725,31,212000,Cash,34.0,Completed,Disappointed with item quality
TX_0000007367,CUST0893,2025-09-08,TL-199,31,102000,Cash,30.0,Cancelled,
TX_0000002283,CUST0279,2025-02-26,SS-285,11,246000,Cash,,Completed,
TX_0000005573,CUST0676,2025-03-16,PQ-888,17,473000,E-wallet,45.0,Pending,
TX_0000007176,CUST0871,2025-08-21,QO-415,40,271000,Credit Card,11.0,Completed,
TX_0000004094,CUST0495,2024-12-31,GH-953,8,71000,Credit Card,49.0,Cancelled,
TX_0000004768,CUST0573,2024-11-03,AM-446,14,307000,Bank Transfer,3.0,Completed,Premium quality at affordable price
TX_0000006969,CUST0846,2024-10-02,HW-792,31,169000,E-wallet,2.0,Pending,Very slow shipping
TX_0000000387,CUST0052,2025-06-30,PB-271,12,120000,Cash,0.0,Completed,"Product meets expectations, will buy again"
TX_0000001629,CUST0203,2024-10-10,TD-158,20,284000,Bank Transfer,2.0,Completed,
TX_0000003586,CUST0431,2024-12-30,JO-850,21,425000,Credit Card,22.0,Completed,"Slow shipping, ordinary item"
TX_0000002715,CUST0329,2024-10-13,WO-592,19,255000,Credit Card,7.0,Cancelled,
TX_0000005355,CUST0651,2025-03-10,HT-276,16,443000,Bank Transfer,48.0,Completed,A bit expensive but satisfied with result
TX_0000005850,CUST0706,2025-05-24,HX-256,16,119000,Cash,36.0,Cancelled,
TX_0000007178,CUST0871,2025-08-16,UO-853,22,105000,Credit Card,44.0,Completed,Price worth it for the quality
TX_0000003190,CUST0387,2024-09-25,NX-707,25,372000,E-wallet,49.0,Completed,
TX_0000004306,CUST0519,2025-09-01,KX-333,2,21000,Debit Card,9.0,Cancelled,"Item matches picture, very satisfied"
TX_0000000910,CUST0114,2024-12-10,FW-226,17,223000,Debit Card,31.0,Completed,
TX_0000007443,CUST0902,2025-02-22,KW-289,34,304000,E-wallet,11.0,Completed,
TX_0000001867,CUST0228,2025-07-27,YX-865,35,297000,Cash,,Completed,
TX_0000001843,CUST0225,2024-11-25,DZ-081,17,56000,Bank Transfer,8.0,Completed,
TX_0000002498,CUST0307,2025-06-04,ZY-106,25,195000,E-wallet,9.0,Completed,
TX_0000006713,CUST0812,2025-07-07,XW-104,16,1139000,Bank Transfer,48.0,Completed,Standard quality for the price
TX_0000007557,CUST0915,2024-10-28,AT-516,15,157000,Debit Card,47.0,Completed,"Product meets expectations, great"
TX_0000005203,CUST0628,2025-07-14,AK-736,26,391000,Bank Transfer,17.0,Completed,
TX_0000004007,CUST0481,2025-08-28,LZ-619,20,115000,Bank Transfer,22.0,Completed,
TX_0000002703,CUST0328,2025-08-06,KK-397,21,485000,E-wallet,6.0,Completed,Size doesn't match expectations
TX_0000006742,CUST0817,2024-11-14,GQ-594,17,123000,Debit Card,29.0,Completed,
TX_0000000332,CUST0043,2024-12-12,FK-773,13,1308000,Debit Card,30.0,Completed,"Item damaged upon arrival, disappointed"
TX_0000004818,CUST0580,2024-10-20,DE-985,6,37000,Cash,,Completed,"Quality product, attractive packaging"
TX_0000004843,CUST0583,2024-12-21,TT-909,27,282000,Cash,28.0,Completed,"100% original item, recommended"
TX_0000002460,CUST0300,2025-02-19,WB-583,39,142000,Bank Transfer,12.0,Completed,
TX_0000001775,CUST0218,2024-12-25,BK-064,37,163000,Cash,48.0,Completed,Recommended seller
TX_0000005115,CUST0618,2025-03-16,DV-835,29,144000,Credit Card,20.0,Completed,
TX_0000005372,CUST0654,2025-06-28,VN-936,20,216000,Cash,40.0,Completed,
TX_0000002687,CUST0326,2025-03-27,FF-971,21,108000,Cash,8.0,Completed,"Item damaged upon arrival, disappointed"
TX_0000006912,CUST0839,2025-08-15,RX-018,20,435000,Cash,15.0,Completed,"Good quality, competitive price"
TX_0000006658,CUST0804,2025-01-29,LZ-694,23,301000,E-wallet,30.0,Cancelled,Bit disappointing from the photo
TX_0000005729,CUST0695,2025-08-16,DN-898,18,203000,Cash,0.0,Completed,
TX_0000006038,CUST0729,2024-01-19,IB-597,5,316000,E-wallet,7.0,Completed,
TX_0000006323,CUST0766,2025-08-19,WZ-683,15,87000,Bank Transfer,14.0,Refunded,
TX_0000006276,CUST0760,2025-02-11,NK-443,36,438000,Bank Transfer,5.0,Completed,
TX_0000005859,CUST0707,2024-11-16,WY-637,15,77000,Credit Card,2.0,Completed,Product matches description
TX_0000006180,CUST0748,2025-02-19,YX-088,25,396000,Debit Card,33.0,Completed,
TX_0000000174,CUST0021,2025-09-24,VM-557,24,374000,Debit Card,34.0,Completed,
TX_0000004616,CUST0555,2024-10-13,FI-252,4,419000,Credit Card,32.0,Completed,"Product meets expectations, great"
TX_0000003322,CUST0403,2025-04-29,HX-469,6,149000,Debit Card,35.0,Completed,Disappointed with item quality
TX_0000005578,CUST0678,2025-07-14,JM-633,19,339000,Cash,37.0,Completed,
TX_0000003373,CUST0408,2025-01-24,LC-510,22,374000,Debit Card,25.0,Completed,
TX_0000003312,CUST0401,2025-06-01,TC-660,10,289000,Credit Card,21.0,Completed,
TX_0000004919,CUST0595,2024-11-01,DD-153,29,262000,Debit Card,23.0,Cancelled,
TX_0000005107,CUST0618,2024-10-20,LU-974,30,238000,Bank Transfer,,Completed,
TX_0000006434,CUST0778,2025-03-17,VU-695,13,356000,E-wallet,16.0,Completed,High quality product
TX_0000006663,CUST0806,2025-03-04,YH-153,21,279000,E-wallet,37.0,Completed,Price matches quality
TX_0000003404,CUST0412,2025-03-09,NL-678,2,316000,Cash,16.0,Completed,
TX_0000000019,CUST0004,2025-01-18,WO-244,21,321000,Credit Card,47.0,Completed,Item arrived safely
TX_0000003692,CUST0442,2025-02-13,GU-599,30,491000,Credit Card,50.0,Completed,
TX_0000006200,CUST0750,2025-02-21,IC-732,20,313000,Credit Card,27.0,Completed,
TX_0000004097,CUST0496,2024-11-02,DN-833,17,156000,Cash,17.0,Completed,Response was slow but item is good
TX_0000003629,CUST0434,2024-12-05,DZ-435,27,349000,Debit Card,17.0,Completed,Shipping a bit slow but good item
TX_0000006496,CUST0784,2025-01-30,ZH-499,16,404000,Credit Card,12.0,Completed,
TX_0000002175,CUST0267,2024-12-11,HI-927,23,259000,E-wallet,40.0,Completed,Slightly disappointed with the finishing
TX_0000001357,CUST0168,2025-08-20,LX-512,33,349000,E-wallet,19.0,Cancelled,Very satisfied with this purchase
TX_0000007190,CUST0872,2025-01-19,MV-566,17,270000,E-wallet,29.0,Completed,
TX_0000007438,CUST0900,2025-02-17,LW-611,19,431000,Credit Card,10.0,Completed,"Slow shipping, ordinary item"
TX_0000003113,CUST0380,2025-01-25,AH-953,28,154000,Cash,20.0,Completed,Product doesn't match picture
TX_0000000183,CUST0022,2025-09-22,VD-582,3,198000,E-wallet,37.0,Completed,
TX_0000006411,CUST0776,2025-01-03,DM-462,20,144000,Debit Card,16.0,Completed,
TX_0000006489,CUST0784,2025-03-27,AT-653,17,87000,Credit Card,12.0,Completed,
TX_0000001813,CUST0221,2025-05-22,LW-134,19,421000,Bank Transfer,39.0,Completed,"Amazing product, highly recommended"
TX_0000005358,CUST0652,2024-10-26,DD-389,34,144000,Bank Transfer,40.0,Completed,
TX_0000005858,CUST0707,2025-03-21,CK-195,9,348000,Debit Card,18.0,Completed,Responsive and helpful seller
TX_0000001801,CUST0221,2025-04-19,TS-553,28,303000,Cash,10.0,Completed,"Competitive price, decent quality"
TX_0000002430,CUST0298,2024-10-03,XP-720,1,217000,Cash,32.0,Cancelled,
TX_0000006338,CUST0767,2025-02-26,ER-137,16,498000,Debit Card,27.0,Completed,
TX_0000005055,CUST0610,2025-02-25,GJ-069,39,365000,Debit Card,33.0,Completed,
TX_0000007076,CUST0741,2025-01-22,PG-321,21,437000,E-wallet,48.0,Completed,
TX_0000005720,CUST0694,2025-07-23,OP-281,15,166000,E-wallet,36.0,Completed,
TX_0000005466,CUST0662,2024-12-19,US-498,31,207000,E-wallet,3.0,Completed,
TX_0000007820,CUST0951,2024-11-26,WH-486,28,348000,Bank Transfer,16.0,Completed,
TX_0000004651,CUST0558,2025-09-23,UK-526,11,172000,Bank Transfer,44.0,Completed,
TX_0000001160,CUST0143,2024-12-02,HX-073,16,1375000,Bank Transfer,46.0,Cancelled,
TX_0000001214,CUST0152,2025-02-04,WV-201,27,246000,Cash,2.0,Completed,
TX_0000001326,CUST0165,2025-09-22,NY-292,33,181000,Credit Card,36.0,Completed,Product matches description
TX_0000005056,CUST0610,2024-12-20,ZH-773,32,221000,Cash,8.0,Completed,Very satisfied with this purchase
TX_0000001456,CUST0184,2025-01-27,EU-548,29,187000,E-wallet,31.0,Cancelled,
TX_0000004811,CUST0579,2024-10-30,UR-428,25,125000,Credit Card,3.0,Completed,
TX_0000006282,CUST0762,2025-02-27,RS-103,22,45000,Bank Transfer,27.0,Completed,"Standard quality, reasonable price"
TX_0000001645,CUST0206,2025-03-11,LJ-500,23,189000,Cash,45.0,Completed,"Safe packaging, not damaged"
TX_0000002141,CUST0263,2024-10-25,OU-767,15,287000,Credit Card,3.0,Completed,
TX_0000004537,CUST0547,2025-02-12,QA-227,40,500000,E-wallet,0.0,Refunded,
TX_0000004458,CUST0540,2024-11-08,PG-094,20,311000,Cash,2.0,Completed,
TX_0000006624,CUST0801,2025-03-25,GU-242,27,251000,Debit Card,46.0,Completed,
TX_0000004379,CUST0528,2024-10-16,QB-886,18,103000,Cash,35.0,Completed,Good product for this price range
TX_0000000730,CUST0092,2025-08-02,HH-700,29,361000,Credit Card,,Completed,
TX_0000004358,CUST0525,2025-03-24,ZM-641,31,224000,Credit Card,33.0,Completed,"Good item, express shipping"
TX_0000001937,CUST0236,2025-09-17,FQ-055,23,286000,Cash,25.0,Completed,Responsive and helpful seller
TX_0000003794,CUST0454,2024-11-25,RN-621,6,464000,Cash,30.0,Completed,
TX_0000007654,CUST0930,2025-08-18,PS-673,24,166000,Credit Card,10.0,Completed,A bit disappointing for this price
TX_0000007068,CUST0858,2025-07-02,HT-245,26,177000,Cash,46.0,Completed,"Super fast shipping, thanks"
TX_0000005860,CUST0707,2025-01-11,BK-118,24,60000,Cash,39.0,Completed,"Item arrived quickly, good condition"
TX_0000001111,CUST0136,2025-09-03,OB-063,24,258000,E-wallet,29.0,Cancelled,Size doesn't match expectations
TX_0000006661,CUST0805,2024-11-19,DX-743,10,443000,Bank Transfer,28.0,Completed,
TX_0000002999,CUST0368,2024-12-27,ES-880,19,102000,Cash,23.0,Completed,
TX_0000002395,CUST0293,2025-05-14,HL-965,26,362000,Bank Transfer,28.0,Completed,Disappointed with item quality
TX_0000001186,CUST0147,2024-10-17,DQ-935,15,281000,Bank Transfer,24.0,Completed,
TX_0000002008,CUST0245,2025-07-14,EZ-546,35,428000,Debit Card,1.0,Completed,
TX_0000000194,CUST0023,2025-01-19,GG-284,20,131000,Credit Card,22.0,Completed,
TX_0000006555,CUST0793,2024-11-15,MS-264,13,489000,E-wallet,13.0,Completed,
TX_0000000579,CUST0072,2024-12-19,AU-158,24,416000,Bank Transfer,8.0,Completed,
TX_0000000772,CUST0097,2025-02-11,VA-686,16,245000,Debit Card,43.0,Completed,Good product for this price range
TX_0000002396,CUST0293,2025-04-28,ZZ-750,32,348000,E-wallet,3.0,Completed,"Thick bubble wrap packaging, safe"
TX_0000008123,CUST0988,2025-01-12,LM-458,17,457000,E-wallet,49.0,Completed,Bit disappointing from the photo
TX_0000001847,CUST0227,2024-11-15,WC-407,18,203000,Credit Card,29.0,Completed,
TX_0000006856,CUST0832,2025-09-02,DI-903,36,467000,E-wallet,1.0,Completed,
TX_0000004275,CUST0516,2024-12-30,EW-327,40,124000,Bank Transfer,33.0,Completed,"Packaging not neat, but item is okay"
TX_0000003741,CUST0449,2025-01-24,OS-809,17,314000,Cash,35.0,Completed,
TX_0000004601,CUST0553,2024-10-20,AK-524,26,168000,E-wallet,17.0,Completed,
TX_0000005274,CUST0637,2024-10-13,OW-289,28,224000,Cash,23.0,Completed,Bit overpriced but quality is okay
TX_0000005455,CUST0662,2024-12-20,FM-904,31,445000,Bank Transfer,0.0,Completed,
TX_0000002074,CUST0254,2025-02-05,YQ-376,31,458000,Cash,20.0,Completed,"Amazing product, exceeds expectations"
TX_0000001897,CUST0231,2024-11-30,SU-297,37,289000,Cash,25.0,Completed,"Quality item, packaging OK"
TX_0000006044,CUST0730,2024-10-08,TI-379,1,452000,Credit Card,24.0,Completed,
TX_0000003660,CUST0437,2025-09-07,NH-666,24,259000,Debit Card,17.0,Completed,
TX_0000002380,CUST0291,2025-09-02,RN-016,21,143000,Cash,17.0,Completed,"Quality matches the price, decent enough"
TX_0000001448,CUST0183,2024-10-26,QJ-506,22,34000,Bank Transfer,15.0,Completed,"Product meets expectations, great"
TX_0000000343,CUST0045,2024-12-10,NS-145,22,300000,Debit Card,27.0,Completed,
TX_0000007234,CUST0876,2025-02-21,MK-094,18,482000,Cash,21.0,Completed,"Slow shipping, ordinary item"
TX_0000002528,CUST0311,2024-11-21,YR-875,31,170000,Debit Card,25.0,Completed,"Great product, will order again"
TX_0000000728,CUST0092,2025-01-07,IL-592,4,484000,Cash,32.0,Completed,"High quality product, recommended"
TX_0000004578,CUST0551,2024-09-29,YT-118,22,380000,Cash,24.0,Completed,
TX_0000000977,CUST0121,2024-11-01,CB-761,22,190000,E-wallet,12.0,Completed,
TX_0000005999,CUST0726,2025-03-04,YA-015,25,481000,Debit Card,34.0,Completed,"Cheap price, decent quality"
TX_0000003517,CUST0424,2025-09-10,FY-844,29,306000,Credit Card,47.0,Completed,
TX_0000005366,CUST0653,2025-08-29,WC-558,14,371000,Credit Card,10.0,Cancelled,
TX_0000007868,CUST0958,2025-08-01,RJ-358,33,396000,E-wallet,47.0,Completed,
TX_0000003941,CUST0472,2024-10-20,RA-333,27,464000,Credit Card,2.0,Completed,
TX_0000001300,CUST0163,2025-03-26,AB-286,26,123000,Bank Transfer,22.0,Completed,"Quality is okay, affordable price"
TX_0000007531,CUST0911,2025-09-22,GM-024,23,286000,Credit Card,,Completed,
TX_0000000661,CUST0083,2024-12-08,XQ-263,12,258000,Cash,20.0,Completed,"Poor product, requesting refund"
TX_0000001493,CUST0189,2024-10-15,BO-751,9,284000,Credit Card,7.0,Completed,Doesn't match my expectations
TX_0000005528,CUST0670,2025-09-19,ZU-262,30,449000,Debit Card,36.0,Completed,
TX_0000007249,CUST0880,2024-11-02,YI-535,23,282000,E-wallet,3.0,Completed,
TX_0000006007,CUST0727,2025-08-08,KE-927,37,498000,Bank Transfer,19.0,Completed,Bit overpriced but quality is okay
TX_0000002316,CUST0284,2025-08-18,GE-200,2,271000,Debit Card,3.0,Completed,Very satisfied with this purchase
TX_0000007614,CUST0925,2025-03-18,ND-769,18,321000,Debit Card,17.0,Completed,
TX_0000007553,CUST0914,2024-11-17,GG-680,5,323000,E-wallet,20.0,Completed,Satisfying service
TX_0000001086,CUST0134,2025-02-02,OF-072,15,263000,Credit Card,48.0,Completed,
TX_0000007737,CUST0941,2025-01-13,YK-357,24,143000,Credit Card,6.0,Completed,
TX_0000003199,CUST0388,2025-02-05,GW-376,31,281000,Credit Card,18.0,Completed,
TX_0000005558,CUST0674,2025-01-22,RZ-153,16,405000,E-wallet,23.0,Completed,"Friendly seller, item as ordered"
TX_0000005572,CUST0676,2024-11-30,ZU-632,37,439000,Cash,7.0,Completed,
TX_0000000068,CUST0010,2024-10-08,DS-576,20,465000,Bank Transfer,17.0,Completed,
TX_0000006520,CUST0787,2025-04-19,TA-120,17,429000,Debit Card,11.0,Completed,
TX_0000002270,CUST0278,2025-03-18,JV-319,38,431000,E-wallet,19.0,Refunded,A bit disappointing for this price
TX_0000006035,CUST0729,2025-03-09,ZS-102,17,115000,Debit Card,45.0,Completed,
TX_0000004946,CUST0598,2025-09-08,GJ-023,35,369000,Cash,41.0,Completed,
TX_0000006465,CUST0782,2024-06-06,DH-928,25,434000,E-wallet,38.0,Completed,"Packaging not neat, but item is okay"
TX_0000003448,CUST0416,2025-09-19,LS-372,23,1764000,Debit Card,4.0,Completed,"Seller communicative, item is good"
TX_0000002368,CUST0290,2025-02-24,IE-483,19,62000,Bank Transfer,28.0,Refunded,
TX_0000005749,CUST0627,2024-11-06,YV-851,22,186000,Debit Card,38.0,Completed,
TX_0000005484,CUST0665,2025-08-07,ZF-692,7,208000,Cash,21.0,Completed,Original and quality item
TX_0000002513,CUST0309,2025-09-12,ED-731,3,442000,Bank Transfer,4.0,Completed,
TX_0000002724,CUST0330,2025-03-31,YO-166,35,282000,Debit Card,44.0,Completed,
TX_0000006977,CUST0848,2024-12-27,VF-009,24,413000,E-wallet,22.0,Completed,
TX_0000006074,CUST0734,2024-10-07,OI-651,8,87000,Credit Card,30.0,Completed,"Safe shipping, nothing damaged"
TX_0000001144,CUST0140,2025-09-05,KP-301,1,259000,Credit Card,35.0,Completed,"Responsive seller, good problem solving"
TX_0000007785,CUST0948,2024-11-13,XO-337,38,271000,Debit Card,23.0,Cancelled,Shipping delayed but item is good
TX_0000005463,CUST0662,2025-01-10,LO-730,26,208000,Bank Transfer,43.0,Completed,
TX_0000007625,CUST0927,2025-06-01,OE-673,15,471000,Bank Transfer,14.0,Pending,"Seller communicative, item is good"
TX_0000004729,CUST0568,2024-12-29,AT-089,17,158000,Debit Card,44.0,Completed,Product doesn't match picture
TX_0000006188,CUST0748,2025-02-18,VZ-046,34,125000,Bank Transfer,1.0,Completed,
TX_0000003790,CUST0453,2024-12-24,GE-581,27,208000,Debit Card,29.0,Completed,"Item matches picture, very satisfied"
TX_0000002221,CUST0270,2025-09-04,PD-495,39,108000,E-wallet,40.0,Completed,"Poor product, requesting refund"
TX_0000002332,CUST0286,2024-10-25,MS-247,16,394000,Credit Card,32.0,Completed,Good product for this price range
TX_0000005007,CUST0606,2024-10-23,DE-571,24,249000,Cash,0.0,Completed,"Item damaged upon arrival, disappointed"
TX_0000005423,CUST0658,2025-05-20,UL-839,18,248000,Debit Card,20.0,Completed,
TX_0000007200,CUST0873,2025-02-21,GQ-704,19,321000,Debit Card,49.0,Completed,
TX_0000004089,CUST0494,2024-12-01,AZ-823,27,158000,Credit Card,47.0,Completed,
TX_0000001968,CUST0240,2025-01-04,RR-116,40,1842000,Bank Transfer,16.0,Completed,Fast response from seller
TX_0000006679,CUST0808,2025-08-17,MS-285,33,298000,Bank Transfer,39.0,Completed,
TX_0000006419,CUST0776,2024-11-12,PX-178,30,129000,E-wallet,10.0,Completed,
TX_0000007574,CUST0921,2025-01-10,ZY-712,30,159000,Debit Card,38.0,Completed,
TX_0000004366,CUST0527,2024-10-07,BC-252,19,73000,E-wallet,22.0,Completed,
TX_0000000424,CUST0056,2025-08-04,YP-771,29,497000,Debit Card,33.0,Completed,
TX_0000007101,CUST0861,2024-05-08,DS-869,17,340000,Cash,17.0,Completed,
TX_0000001905,CUST0232,2025-03-19,HM-250,27,336000,Cash,13.0,Completed,
TX_0000007442,CUST0902,2024-10-17,XE-991,29,225000,E-wallet,,Completed,"Item arrived quickly, good condition"
TX_0000003918,CUST0467,2025-01-15,LX-699,39,437000,Cash,44.0,Completed,A bit expensive but worth the quality
TX_0000003619,CUST0434,2025-07-08,WI-663,23,103000,Cash,32.0,Completed,
TX_0000000840,CUST0105,2025-09-12,UI-502,16,487000,Credit Card,21.0,Completed,
TX_0000004597,CUST0553,2025-01-22,JT-765,17,136000,Bank Transfer,13.0,Completed,
TX_0000005046,CUST0609,2025-02-09,LK-383,15,340000,Cash,31.0,Completed,Satisfying service
TX_0000000142,CUST0017,2025-03-10,FW-923,27,230000,Debit Card,17.0,Completed,
TX_0000006769,CUST0822,2024-12-20,IY-693,28,40000,Credit Card,37.0,Cancelled,
TX_0000001378,CUST0172,2024-08-01,EY-098,40,184000,Cash,26.0,Completed,"Amazing product, highly recommended"
TX_0000003675,CUST0440,2025-01-17,FW-071,22,191000,Debit Card,38.0,Completed,
TX_0000006381,CUST0772,2025-03-14,KW-977,25,465000,Cash,40.0,Completed,
TX_0000008035,CUST0977,2024-11-29,SQ-517,24,460000,Bank Transfer,28.0,Cancelled,
TX_0000004742,CUST0570,2025-01-19,FX-873,23,319000,E-wallet,,Completed,A bit overpriced in my opinion
TX_0000003809,CUST0456,2025-03-29,YG-843,32,134000,E-wallet,36.0,Completed,Expensive price but worth it
TX_0000001139,CUST0140,2025-06-21,PC-385,4,265000,Credit Card,,Completed,
TX_0000002258,CUST0277,2025-01-25,SZ-829,17,356000,Credit Card,3.0,Completed,
TX_0000001788,CUST0220,2024-12-19,AR-055,24,428000,E-wallet,16.0,Completed,
TX_0000003939,CUST0470,2025-02-09,IJ-187,14,166000,Cash,20.0,Pending,Disappointed with item quality
TX_0000007260,CUST0880,2025-03-02,JV-299,17,288000,Debit Card,,Cancelled,
TX_0000007551,CUST0913,2025-04-23,YN-780,2,81000,Debit Card,17.0,Completed,
TX_0000000460,CUST0061,2025-08-30,HD-144,8,444000,Debit Card,29.0,Refunded,
TX_0000007499,CUST0909,2024-10-11,QK-672,1,234000,Credit Card,35.0,Completed,
TX_0000000949,CUST0119,2024-12-04,QD-023,18,363000,Bank Transfer,11.0,Refunded,
TX_0000003701,CUST0442,2025-06-30,OV-179,31,107000,Cash,43.0,Completed,Bit overpriced but quality is okay
TX_0000001337,CUST0166,2025-01-21,RE-732,1,208000,Bank Transfer,41.0,Completed,
TX_0000004629,CUST0556,2025-01-23,SN-920,21,310000,Debit Card,,Cancelled,"Quality product, attractive packaging"
TX_0000007330,CUST0889,2025-03-20,FH-218,19,279000,E-wallet,49.0,Cancelled,
TX_0000001603,CUST0200,2025-01-24,NO-751,21,66000,Bank Transfer,,Completed,"Quality is okay, affordable price"
TX_0000002239,CUST0273,2025-09-24,NV-162,40,401000,Debit Card,,Completed,
TX_0000000640,CUST0080,2025-07-21,HA-653,18,69000,Debit Card,1.0,Completed,"Honest seller, item as described"
TX_0000007913,CUST0962,2025-09-19,ER-299,4,134000,Debit Card,1.0,Completed,
TX_0000003831,CUST0457,2025-04-04,HP-836,38,323000,Cash,17.0,Cancelled,"Slow shipping, ordinary item"
TX_0000005778,CUST0698,2025-09-02,ZJ-831,20,204000,Debit Card,9.0,Completed,
TX_0000008100,CUST0985,2025-07-11,RF-849,18,282000,E-wallet,47.0,Completed,Bit disappointing from the photo
TX_0000007332,CUST0889,2025-01-09,SD-610,14,267000,E-wallet,46.0,Completed,"Fast shipping, neat packaging"
TX_0000001071,CUST0130,2024-10-29,BH-619,21,471000,Bank Transfer,14.0,Refunded,
TX_0000000156,CUST0020,2024-12-20,LM-388,33,414000,Bank Transfer,,Completed,
TX_0000002296,CUST0280,2024-12-11,QQ-784,25,427000,Bank Transfer,10.0,Completed,
TX_0000007319,CUST0888,2025-02-08,GJ-002,18,425000,E-wallet,17.0,Completed,
TX_0000004579,CUST0552,2024-11-17,GL-663,24,44000,Cash,,Completed,Very satisfied with this purchase
TX_0000001090,CUST0135,2025-09-03,KI-075,8,413000,Cash,44.0,Completed,
TX_0000002941,CUST0360,2025-08-18,XH-385,36,611000,Bank Transfer,36.0,Completed,
TX_0000006928,CUST0842,2025-02-16,DX-000,5,392000,Debit Card,15.0,Completed,Item arrived safely
TX_0000004385,CUST0528,2024-10-13,ZI-981,29,345000,E-wallet,47.0,Completed,5 stars for this product
TX_0000000931,CUST0137,2024-11-07,XM-209,20,282000,Debit Card,46.0,Completed,
TX_0000002910,CUST0357,2024-09-30,SV-682,16,232000,E-wallet,21.0,Completed,Very slow shipping
TX_0000005285,CUST0640,2024-12-15,MJ-556,1,219000,Bank Transfer,32.0,Completed,
TX_0000007523,CUST0910,2025-03-06,EM-107,29,464000,E-wallet,38.0,Completed,"Packaging not neat, but item is okay"
TX_0000003248,CUST0394,2024-11-05,JE-584,4,29000,Credit Card,49.0,Completed,
TX_0000007450,CUST0903,2025-03-12,PV-250,28,486000,Debit Card,33.0,Completed,
TX_0000007355,CUST0892,2025-03-09,LA-565,40,492000,E-wallet,27.0,Completed,
TX_0000006019,CUST0728,2024-11-28,QA-389,31,194000,Credit Card,4.0,Completed,"Premium quality, very satisfied"
TX_0000007266,CUST0881,2025-08-28,VU-648,1,176000,Cash,7.0,Completed,
TX_0000007077,CUST0741,2025-09-04,KT-488,22,161000,Credit Card,,Completed,
TX_0000008159,CUST0996,2024-11-02,BT-833,38,427000,Bank Transfer,20.0,Completed,
TX_0000001699,CUST0210,2024-07-10,YG-940,22,1527000,Bank Transfer,33.0,Cancelled,
TX_0000007718,CUST0939,2025-07-25,SC-031,23,4000,E-wallet,12.0,Completed,
TX_0000008155,CUST0994,2025-04-09,EU-075,28,380000,Debit Card,13.0,Completed,
TX_0000005552,CUST0674,2025-01-31,PK-859,21,383000,E-wallet,49.0,Refunded,
TX_0000003832,CUST0457,2025-05-29,VA-547,29,372000,Cash,42.0,Completed,
TX_0000007474,CUST0905,2025-01-17,XX-241,19,437000,E-wallet,26.0,Cancelled,Item arrived faster than expected
TX_0000007463,CUST0905,2025-03-22,ZY-924,29,296000,Credit Card,3.0,Completed,"Item as ordered, safe packaging"
TX_0000000986,CUST0122,2025-01-09,UD-982,27,226000,Bank Transfer,34.0,Completed,"Professional seller, highly recommended"
TX_0000001822,CUST0223,2025-02-12,VW-784,23,491000,Bank Transfer,29.0,Completed,"Cheap price, decent quality"
TX_0000007212,CUST0874,2025-04-12,DA-928,20,335000,Credit Card,37.0,Refunded,
TX_0000000588,CUST0073,2025-09-02,HZ-494,37,420000,E-wallet,1.0,Completed,
TX_0000007821,CUST0951,2025-03-06,BN-460,32,425000,Bank Transfer,6.0,Completed,
TX_0000007787,CUST0948,2024-10-05,IV-713,22,474000,Credit Card,12.0,Completed,
TX_0000007468,CUST0905,2024-10-03,XV-507,36,464000,Bank Transfer,44.0,Completed,
TX_0000008150,CUST0993,2024-10-15,MT-307,4,150000,Bank Transfer,6.0,Completed,5 stars for this product
TX_0000005217,CUST0629,2024-10-30,NV-275,28,375000,E-wallet,26.0,Completed,"Poor product, requesting refund"
TX_0000006511,CUST0786,2024-12-05,PB-938,38,216000,Cash,26.0,Completed,"Responsive seller, good problem solving"
TX_0000003558,CUST0429,2025-03-04,HP-610,15,144000,Debit Card,1.0,Completed,
TX_0000001396,CUST0175,2024-09-29,AH-137,30,126000,Cash,,Completed,
TX_0000000265,CUST0033,2025-03-24,QQ-635,35,235000,Credit Card,20.0,Completed,
TX_0000003548,CUST0428,2024-12-19,DN-795,24,432000,Bank Transfer,3.0,Cancelled,
TX_0000005138,CUST0621,2024-12-09,SB-784,18,202000,Cash,6.0,Completed,"Super fast shipping, thanks"
TX_0000007486,CUST0907,2024-12-29,QC-849,34,152000,Cash,21.0,Completed,
TX_0000005800,CUST0700,2024-10-24,TR-094,23,287000,Debit Card,28.0,Completed,
TX_0000003865,CUST0462,2025-07-15,RY-526,21,60000,E-wallet,10.0,Completed,
TX_0000006803,CUST0825,2025-01-02,DQ-490,27,125000,E-wallet,3.0,Completed,"Good quality, competitive price"
TX_0000002401,CUST0293,2025-06-30,GC-273,38,360000,Credit Card,48.0,Cancelled,
TX_0000005937,CUST0717,2024-12-03,AL-442,21,102000,Bank Transfer,27.0,Completed,
TX_0000003712,CUST0444,2024-11-20,IV-968,1,426000,E-wallet,4.0,Completed,Size doesn't match expectations
TX_0000000247,CUST0032,2024-12-19,VW-806,34,236000,Credit Card,48.0,Completed,
TX_0000001595,CUST0199,2025-07-12,HY-864,19,195000,Credit Card,39.0,Completed,"Great product, will order again"
TX_0000007967,CUST0968,2025-01-10,LF-916,15,374000,Credit Card,30.0,Completed,
TX_0000005551,CUST0673,2024-10-09,WA-423,24,449000,E-wallet,42.0,Completed,Fast response from seller
TX_0000000924,CUST0117,2025-05-08,SW-173,11,467000,Bank Transfer,36.0,Refunded,
TX_0000005082,CUST0614,2025-01-24,HQ-168,16,182000,E-wallet,26.0,Completed,
TX_0000007618,CUST0926,2024-10-18,YI-035,28,220000,Credit Card,35.0,Completed,
TX_0000000670,CUST0084,2024-07-04,BF-612,16,374000,E-wallet,38.0,Completed,Bit disappointing from the photo
TX_0000003605,CUST0433,2025-02-14,GB-067,24,273000,Credit Card,1.0,Completed,"Amazing product, exceeds expectations"
TX_0000001911,CUST0233,2025-08-07,AJ-677,36,483000,Cash,29.0,Cancelled,
TX_0000007786,CUST0948,2024-01-24,SG-631,21,156000,Bank Transfer,18.0,Completed,"Packaging not neat, but item is okay"
TX_0000003959,CUST0474,2025-09-24,VM-342,27,447000,Cash,33.0,Refunded,
TX_0000002697,CUST0327,2024-11-23,XA-507,20,378000,Credit Card,46.0,Refunded,
TX_0000002592,CUST0317,2024-09-29,DD-875,10,165000,Credit Card,44.0,Completed,
TX_0000001782,CUST0219,2025-05-17,US-263,17,36000,Credit Card,44.0,Completed,
TX_0000003014,CUST0369,2025-03-20,LB-135,31,281000,Cash,41.0,Completed,Shipping a bit slow but good item
TX_0000002308,CUST0282,2025-09-18,FZ-890,36,461000,E-wallet,5.0,Completed,Friendly and professional service
TX_0000004909,CUST0592,2025-04-10,SX-584,21,469000,Cash,19.0,Completed,
TX_0000003691,CUST0442,2025-05-24,AA-201,4,243000,Cash,9.0,Completed,Good product for this price range
TX_0000000688,CUST0086,2025-09-17,LA-644,33,291000,Cash,38.0,Completed,
TX_0000000613,CUST0075,2025-03-28,NU-132,7,345000,Cash,26.0,Completed,
TX_0000003201,CUST0388,2024-11-21,WJ-231,35,387000,Cash,5.0,Completed,Product matches description
TX_0000002268,CUST0278,2025-02-12,EN-885,40,149000,Cash,1.0,Completed,
TX_0000007860,CUST0957,2024-12-01,UT-134,15,175000,Credit Card,2.0,Completed,"Amazing product, exceeds expectations"
TX_0000006240,CUST0756,2025-04-14,LK-200,37,185000,Cash,6.0,Completed,Product matches description
TX_0000001899,CUST0231,2024-10-13,YG-354,22,120000,Bank Transfer,47.0,Completed,Premium quality at affordable price
TX_0000007075,CUST0741,2025-01-09,ZW-083,27,114000,Bank Transfer,36.0,Completed,
TX_0000000259,CUST0032,2024-11-11,AK-939,7,462000,Credit Card,47.0,Completed,
TX_0000002925,CUST0359,2025-09-05,MJ-649,25,220000,Cash,1.0,Cancelled,"Product matches photo, good quality"
TX_0000002823,CUST0344,2024-08-20,UV-452,12,386000,Debit Card,5.0,Cancelled,"Quality is okay, affordable price"
TX_0000003340,CUST0405,2024-11-27,IJ-981,19,291000,Debit Card,42.0,Completed,"Packaging not neat, but item is okay"
TX_0000003526,CUST0425,2024-11-20,TP-989,18,410000,Cash,18.0,Completed,
TX_0000004564,CUST0550,2025-03-08,KC-561,16,147000,Debit Card,42.0,Completed,"Packaging not neat, but item is okay"
TX_0000002286,CUST0279,2024-12-20,YN-238,8,280000,Cash,24.0,Completed,Good product for this price range
TX_0000006923,CUST0842,2024-11-16,KA-505,1,53000,Bank Transfer,26.0,Completed,
TX_0000000485,CUST0063,2025-06-06,ME-776,22,259000,E-wallet,28.0,Completed,Responsive and helpful seller
TX_0000002212,CUST0661,2025-09-21,ZJ-289,31,323000,Debit Card,5.0,Completed,Friendly and professional service
TX_0000005091,CUST0615,2025-02-27,NU-803,22,376000,Bank Transfer,46.0,Completed,"Good quality, competitive price"
TX_0000002556,CUST0313,2024-11-26,RR-215,21,55000,Bank Transfer,36.0,Completed,
TX_0000000008,CUST0002,2025-08-10,EN-618,2,486000,Cash,14.0,Cancelled,
TX_0000003658,CUST0437,2025-09-06,OT-140,33,395000,E-wallet,29.0,Completed,
TX_0000006944,CUST0844,2024-12-25,OA-935,27,340000,Credit Card,24.0,Completed,
TX_0000004875,CUST0587,2025-05-29,QH-759,20,230000,E-wallet,7.0,Completed,
TX_0000004403,CUST0532,2025-01-18,AY-708,36,466000,Cash,25.0,Completed,A bit disappointing for this price
TX_0000002427,CUST0297,2024-08-01,AA-993,30,443000,Debit Card,34.0,Completed,"Professional seller, highly recommended"
TX_0000001815,CUST0222,2025-09-06,EV-385,23,137000,Bank Transfer,26.0,Completed,
TX_0000007628,CUST0928,2025-07-04,HM-538,28,106000,Bank Transfer,36.0,Completed,"Standard quality, reasonable price"
TX_0000002275,CUST0279,2025-03-02,KL-904,9,363000,E-wallet,29.0,Completed,
TX_0000001012,CUST0125,2025-03-08,OU-238,26,393000,Bank Transfer,6.0,Refunded,
TX_0000005559,CUST0674,2025-02-01,UR-393,24,379000,Credit Card,9.0,Completed,
TX_0000001068,CUST0130,2024-12-05,HW-077,38,278000,E-wallet,50.0,Completed,
TX_0000001992,CUST0242,2025-03-06,YJ-629,22,457000,Bank Transfer,18.0,Completed,
TX_0000003971,CUST0475,2025-02-17,QI-781,16,150000,E-wallet,30.0,Completed,Standard quality for the price
TX_0000005841,CUST0705,2025-01-02,XH-340,13,259000,Debit Card,50.0,Completed,Slightly disappointed with the finishing
TX_0000007146,CUST0867,2025-05-17,FH-629,19,320000,Bank Transfer,38.0,Completed,
TX_0000003868,CUST0462,2025-07-30,JF-760,8,12000,Bank Transfer,23.0,Completed,
TX_0000007317,CUST0888,2025-03-23,MI-769,36,158000,Credit Card,35.0,Completed,
TX_0000003049,CUST0372,2025-05-28,WL-194,12,5000,Debit Card,34.0,Cancelled,Price matches quality
TX_0000000782,CUST0097,2024-05-10,RI-055,2,227000,Cash,37.0,Completed,
TX_0000007955,CUST0966,2025-07-21,UW-402,7,349000,Cash,40.0,Completed,"Cheap price, decent quality"
TX_0000001750,CUST0215,2025-01-09,QM-491,30,190000,E-wallet,12.0,Cancelled,
TX_0000002792,CUST0340,2025-08-12,UL-882,22,398000,Cash,2.0,Completed,
TX_0000001092,CUST0135,2025-07-19,PK-467,20,191000,Bank Transfer,25.0,Cancelled,
TX_0000005674,CUST0689,2024-11-17,MQ-985,37,494000,Bank Transfer,43.0,Cancelled,"Honest seller, item as described"
TX_0000006926,CUST0842,2025-02-08,YN-123,7,429000,E-wallet,47.0,Completed,
TX_0000006975,CUST0848,2024-09-29,LQ-668,4,286000,Cash,22.0,Completed,"Quality matches the price, decent enough"
TX_0000006652,CUST0804,2024-12-10,PY-086,25,441000,Bank Transfer,,Completed,"Standard quality, reasonable price"
TX_0000002609,CUST0318,2024-10-08,RX-000,8,150000,E-wallet,16.0,Completed,"Product matches photo, good quality"
TX_0000006722,CUST0813,2025-04-01,DI-444,7,197000,Bank Transfer,,Completed,A bit overpriced in my opinion
TX_0000002291,CUST0280,2025-03-11,AR-580,17,280000,Cash,17.0,Pending,Price matches quality
TX_0000001728,CUST0213,2025-02-03,UN-852,25,120000,Credit Card,45.0,Completed,
TX_0000000611,CUST0075,2025-02-16,UA-062,1,63000,Debit Card,2.0,Completed,
TX_0000004667,CUST0560,2025-09-06,RV-420,40,253000,Cash,,Completed,
TX_0000000344,CUST0045,2025-04-13,XW-404,8,220000,Debit Card,27.0,Completed,
TX_0000005742,CUST0627,2024-12-21,JZ-339,16,429000,E-wallet,26.0,Completed,Disappointed with item quality
TX_0000006399,CUST0774,2024-10-07,IL-981,33,138000,E-wallet,25.0,Completed,
TX_0000003751,CUST0450,2025-06-03,VW-657,38,392000,Bank Transfer,18.0,Completed,Price matches quality
TX_0000006822,CUST0828,2024-12-13,HD-353,26,487000,Cash,,Completed,
TX_0000007157,CUST0868,2025-03-16,KL-805,38,148000,Cash,,Completed,Item arrived in perfect condition
TX_0000003216,CUST0390,2025-03-11,ZI-211,20,360000,E-wallet,23.0,Completed,
TX_0000000098,CUST0013,2025-09-16,XK-677,7,231000,Bank Transfer,14.0,Refunded,"Item arrived quickly, good condition"
TX_0000005163,CUST0624,2024-05-13,CK-314,16,335000,Bank Transfer,24.0,Cancelled,
TX_0000001538,CUST0193,2025-05-06,BT-203,10,265000,Bank Transfer,17.0,Completed,"Honest seller, item as described"
TX_0000003589,CUST0431,2025-09-13,TZ-894,29,497000,E-wallet,,Completed,
TX_0000004994,CUST0604,2024-12-16,IQ-400,32,312000,Credit Card,11.0,Completed,
TX_0000003649,CUST0435,2025-09-04,NM-727,5,345000,Credit Card,28.0,Completed,"Thick bubble wrap packaging, safe"
TX_0000006528,CUST0789,2025-07-07,RT-437,22,403000,Bank Transfer,,Completed,
TX_0000005083,CUST0614,2025-06-30,UI-169,30,394000,Bank Transfer,19.0,Completed,
TX_0000001518,CUST0190,2025-09-23,CE-637,30,359000,Debit Card,39.0,Completed,"Thank you, very recommended"
TX_0000007219,CUST0875,2025-02-19,VX-937,7,404000,Credit Card,25.0,Pending,
TX_0000004625,CUST0556,2024-10-06,PO-149,23,271000,Credit Card,27.0,Completed,"Good product, meets expectations"
TX_0000004273,CUST0516,2025-01-14,SS-838,29,459000,Cash,46.0,Completed,
TX_0000003670,CUST0440,2024-07-17,ZL-350,24,104000,Debit Card,25.0,Completed,
TX_0000002091,CUST0256,2025-01-21,BY-288,12,448000,Bank Transfer,12.0,Completed,A bit disappointing for this price
TX_0000000573,CUST0072,2025-03-10,AA-705,19,370000,Bank Transfer,19.0,Completed,
TX_0000007458,CUST0904,2025-01-27,QD-626,28,328000,Bank Transfer,18.0,Completed,Bit disappointing from the photo
TX_0000006220,CUST0753,2025-08-07,HC-447,22,299000,Debit Card,13.0,Completed,
TX_0000006805,CUST0825,2025-01-07,ZF-588,40,135000,E-wallet,1.0,Pending,
TX_0000003063,CUST0373,2024-10-29,TE-358,9,405000,Debit Card,47.0,Completed,
TX_0000006004,CUST0726,2025-02-11,DY-036,22,208000,Debit Card,34.0,Completed,Bit disappointing from the photo
TX_0000005946,CUST0718,2025-02-13,PV-532,17,367000,Credit Card,22.0,Completed,
TX_0000007226,CUST0875,2024-11-30,ZN-806,21,245000,E-wallet,22.0,Completed,"Thick bubble wrap packaging, safe"
TX_0000006415,CUST0776,2024-10-04,AT-023,17,166000,Cash,44.0,Completed,
TX_0000005609,CUST0682,2025-01-22,FV-168,20,447000,Debit Card,1.0,Completed,
TX_0000004480,CUST0541,2025-08-26,MU-100,16,203000,Debit Card,47.0,Completed,
TX_0000007228,CUST0876,2024-11-04,YW-710,15,317000,Bank Transfer,24.0,Completed,Product doesn't match picture
TX_0000000371,CUST0050,2024-12-26,MH-863,28,138000,Bank Transfer,24.0,Completed,A bit expensive but worth the quality
TX_0000001939,CUST0236,2025-08-28,MO-414,31,454000,Credit Card,22.0,Pending,
TX_0000005811,CUST0702,2025-08-16,NF-591,28,33000,Credit Card,45.0,Completed,Expensive price but worth it
TX_0000008039,CUST0978,2025-06-25,DI-764,19,412000,Cash,0.0,Completed,
TX_0000003671,CUST0440,2024-11-18,GP-292,32,442000,E-wallet,24.0,Completed,
TX_0000003653,CUST0436,2024-11-12,CK-483,16,475000,Cash,38.0,Completed,Item arrived safely
TX_0000002362,CUST0290,2024-12-23,UU-304,1,453000,E-wallet,7.0,Completed,
TX_0000004261,CUST0515,2025-07-12,HZ-235,13,99000,Bank Transfer,1.0,Refunded,Fast response from seller
TX_0000004992,CUST0604,2024-11-25,EQ-114,37,142000,Cash,22.0,Refunded,
TX_0000005119,CUST0619,2025-02-25,JN-225,31,487000,E-wallet,24.0,Completed,Good product for this price range
TX_0000007389,CUST0896,2025-09-20,XP-415,31,249000,E-wallet,32.0,Completed,
TX_0000003738,CUST0449,2024-11-11,OA-622,40,315000,Debit Card,48.0,Completed,
TX_0000005061,CUST0610,2025-03-15,SL-164,21,207000,Debit Card,25.0,Completed,Very slow shipping
TX_0000005664,CUST0688,2025-06-04,FM-960,13,275000,Bank Transfer,37.0,Completed,
TX_0000005699,CUST0692,2024-05-04,EJ-381,24,135000,Credit Card,50.0,Completed,"Honest seller, item as described"
TX_0000001172,CUST0144,2024-11-10,WQ-997,36,129000,Debit Card,10.0,Completed,
TX_0000006885,CUST0836,2025-08-15,DJ-585,9,376000,Debit Card,0.0,Completed,"Professional seller, highly recommended"
TX_0000001423,CUST0181,2025-03-05,HK-349,2,412000,Cash,36.0,Completed,
TX_0000007701,CUST0937,2025-04-25,GV-124,8,23000,Cash,24.0,Completed,"Seller communicative, item is good"
TX_0000007220,CUST0875,2025-05-14,QY-602,3,271000,Bank Transfer,33.0,Completed,"Super fast shipping, thanks"
TX_0000005395,CUST0656,2025-07-20,KS-295,16,313000,E-wallet,7.0,Completed,"Good item, express shipping"
TX_0000000875,CUST0109,2025-09-19,ED-139,11,40000,Debit Card,18.0,Completed,
TX_0000002298,CUST0280,2025-02-21,IR-227,30,302000,Bank Transfer,12.0,Completed,
TX_0000002644,CUST0322,2024-10-11,OV-678,23,326000,Credit Card,28.0,Completed,Shipping delayed but item is good
TX_0000008154,CUST0994,2024-11-01,XM-601,19,468000,Bank Transfer,40.0,Completed,Shipping delayed but item is good
TX_0000000841,CUST0105,2025-09-23,EZ-307,27,110000,Debit Card,15.0,Completed,
TX_0000000582,CUST0073,2024-12-23,BT-523,39,448000,E-wallet,49.0,Cancelled,
TX_0000000205,CUST0024,2024-11-09,HF-518,11,169000,E-wallet,22.0,Completed,
TX_0000001642,CUST0205,2024-10-16,ZM-657,37,442000,Debit Card,11.0,Completed,
TX_0000002015,CUST0245,2025-08-12,YT-117,37,242000,Cash,27.0,Completed,"Thick bubble wrap packaging, safe"
TX_0000003254,CUST0394,2025-03-18,ZV-065,16,142000,Credit Card,22.0,Completed,
TX_0000005073,CUST0612,2024-12-22,DF-093,17,378000,E-wallet,44.0,Completed,"Competitive price, decent quality"
TX_0000000906,CUST0114,2024-10-12,YD-176,21,239000,Debit Card,2.0,Completed,
TX_0000000632,CUST0079,2025-03-15,QD-906,27,222000,E-wallet,17.0,Completed,
TX_0000005827,CUST0703,2025-02-26,CU-318,20,241000,E-wallet,0.0,Completed,
TX_0000005271,CUST0636,2025-01-25,KB-572,27,465000,Cash,5.0,Completed,
TX_0000001975,CUST0241,2025-03-26,JD-913,10,298000,Cash,,Completed,
TX_0000000163,CUST0020,2024-12-07,HJ-190,26,124000,Credit Card,7.0,Completed,
TX_0000004999,CUST0605,2024-11-09,XJ-389,38,1531000,E-wallet,28.0,Completed,
TX_0000005604,CUST0681,2025-09-22,IU-436,8,47000,Debit Card,16.0,Completed,Doesn't meet expectations
TX_0000007366,CUST0893,2025-08-27,GG-292,15,322000,Debit Card,27.0,Completed,
TX_0000005229,CUST0630,2025-09-23,ZP-868,15,180000,E-wallet,2.0,Completed,"Seller communicative, item is good"
TX_0000004714,CUST0567,2025-07-28,VH-332,20,495000,Cash,35.0,Completed,
TX_0000000876,CUST0109,2025-08-22,VJ-027,20,35000,Debit Card,28.0,Completed,
TX_0000001432,CUST0181,2024-11-08,KO-532,1,83000,E-wallet,26.0,Cancelled,"Cheap price, decent quality"
TX_0000004644,CUST0558,2025-09-21,HP-784,23,150000,Cash,34.0,Completed,
TX_0000006900,CUST0838,2025-05-26,NK-981,23,295000,Credit Card,38.0,Completed,"Item damaged upon arrival, disappointed"
TX_0000005131,CUST0620,2024-10-26,GN-302,17,295000,Debit Card,38.0,Completed,"Thank you, very recommended"
TX_0000007615,CUST0925,2025-01-04,LY-932,35,411000,Bank Transfer,34.0,Refunded,Doesn't meet expectations
TX_0000002857,CUST0350,2025-01-14,RI-859,15,113000,Credit Card,26.0,Completed,
TX_0000001862,CUST0228,2025-01-03,JZ-730,17,287000,Debit Card,26.0,Completed,
TX_0000002660,CUST0323,2025-05-12,HB-245,24,289000,E-wallet,20.0,Completed,"Slow shipping, ordinary item"
TX_0000003385,CUST0409,2025-08-15,EZ-701,9,193000,Debit Card,4.0,Completed,
TX_0000007528,CUST0911,2025-09-05,WG-988,16,34000,Cash,19.0,Completed,
TX_0000007854,CUST0956,2024-11-08,BF-285,30,438000,Credit Card,17.0,Completed,
TX_0000005433,CUST0659,2025-01-31,FK-568,33,460000,Cash,32.0,Completed,
TX_0000004734,CUST0569,2025-07-06,IE-307,11,331000,Credit Card,,Completed,
TX_0000003332,CUST0404,2025-01-30,QS-873,23,408000,Credit Card,35.0,Completed,
TX_0000006705,CUST0812,2025-08-14,IP-156,36,389000,Cash,38.0,Completed,
TX_0000006176,CUST0747,2025-04-30,ZF-959,36,242000,Bank Transfer,15.0,Completed,
TX_0000006966,CUST0846,2024-12-18,QP-207,17,490000,Cash,19.0,Completed,Slightly defective but still usable
TX_0000002097,CUST0256,2025-02-03,FI-852,1,261000,Debit Card,39.0,Completed,
TX_0000002004,CUST0245,2025-07-02,JP-478,33,424000,E-wallet,21.0,Completed,
TX_0000006241,CUST0756,2025-04-15,UY-847,17,379000,Credit Card,38.0,Completed,
TX_0000005018,CUST0607,2024-10-22,RQ-414,21,409000,Credit Card,30.0,Cancelled,
TX_0000000547,CUST0071,2024-11-12,HB-464,31,216000,E-wallet,16.0,Completed,"Premium quality, very satisfied"
TX_0000001450,CUST0183,2024-12-17,IT-822,16,417000,E-wallet,29.0,Completed,"Amazing product, highly recommended"
TX_0000005693,CUST0690,2024-10-10,XR-806,34,200000,Debit Card,44.0,Completed,Original and quality item
TX_0000002611,CUST0318,2024-10-02,DQ-720,23,378000,Cash,46.0,Pending,
TX_0000001901,CUST0231,2024-10-04,XC-452,35,480000,Bank Transfer,43.0,Completed,"Honest seller, item as described"
TX_0000006464,CUST0782,2024-12-01,VQ-466,9,214000,Credit Card,32.0,Cancelled,"Original item, fast shipping"
TX_0000002758,CUST0334,2025-08-29,KD-292,13,407000,E-wallet,21.0,Cancelled,
TX_0000001886,CUST0230,2025-08-26,DY-903,28,219000,Debit Card,34.0,Completed,
TX_0000007922,CUST0962,2025-09-08,ZK-769,25,222000,Debit Card,13.0,Completed,"Quality product, satisfying service"
TX_0000002098,CUST0256,2025-02-12,EA-542,16,18000,Debit Card,2.0,Completed,"Quality matches the price, decent enough"
TX_0000007131,CUST0865,2025-07-11,QI-411,1,411000,Bank Transfer,41.0,Refunded,
TX_0000007365,CUST0893,2025-08-21,WQ-045,18,136000,Credit Card,0.0,Completed,
TX_0000000837,CUST0105,2025-08-03,ET-532,30,420000,Cash,48.0,Completed,
TX_0000003472,CUST0419,2025-02-04,ZA-172,1,407000,Bank Transfer,15.0,Completed,
TX_0000004698,CUST0563,2024-12-23,NY-248,27,188000,Credit Card,37.0,Completed,A bit expensive but satisfied with result
TX_0000006525,CUST0788,2025-02-27,FP-760,10,426000,Bank Transfer,42.0,Refunded,Slightly disappointed with the finishing
TX_0000002172,CUST0267,2024-11-13,LD-040,29,496000,Bank Transfer,38.0,Completed,
TX_0000007043,CUST0856,2025-01-13,DT-732,16,298000,Debit Card,7.0,Completed,"Great product, will order again"
TX_0000006974,CUST0848,2025-09-13,LG-891,24,193000,Cash,39.0,Completed,"Product not original, very disappointed"
TX_0000000399,CUST0053,2025-09-18,TZ-910,15,403000,Debit Card,17.0,Refunded,
TX_0000002011,CUST0245,2025-07-30,GL-255,32,478000,Debit Card,6.0,Completed,Quality below expectations
TX_0000007874,CUST0958,2025-08-12,OJ-817,39,147000,Cash,28.0,Completed,
TX_0000001284,CUST0158,2025-04-23,XQ-465,37,482000,E-wallet,45.0,Completed,
TX_0000005791,CUST0699,2025-03-14,QL-483,15,276000,E-wallet,39.0,Completed,
TX_0000006002,CUST0726,2024-11-15,RS-390,25,315000,Cash,21.0,Completed,
TX_0000004257,CUST0515,2025-08-25,NW-495,12,194000,Debit Card,12.0,Completed,Bit disappointing from the photo
TX_0000001837,CUST0225,2025-04-14,FX-940,23,76000,Cash,44.0,Completed,
TX_0000001020,CUST0126,2025-01-19,ZQ-725,6,391000,Debit Card,,Completed,
TX_0000005941,CUST0717,2025-01-30,JV-826,24,247000,Bank Transfer,45.0,Cancelled,
TX_0000001327,CUST0165,2025-09-23,FJ-024,16,304000,Bank Transfer,20.0,Completed,"Defective item, please replace"
TX_0000005092,CUST0616,2024-10-15,FU-747,20,222000,Cash,21.0,Completed,
TX_0000000476,CUST0063,2025-08-22,CI-670,26,378000,Credit Card,11.0,Completed,"Packaging not neat, but item is okay"
TX_0000002811,CUST0342,2025-08-17,YS-511,12,243000,Credit Card,48.0,Completed,
TX_0000008141,CUST0991,2025-09-22,NE-245,24,489000,Cash,43.0,Completed,
TX_0000001652,CUST0206,2025-05-26,GW-949,18,123000,E-wallet,,Completed,
TX_0000007610,CUST0924,2025-06-25,NQ-607,16,144000,Bank Transfer,33.0,Completed,
TX_0000007001,CUST0852,2024-11-06,GG-842,26,145000,Debit Card,41.0,Completed,
TX_0000002529,CUST0311,2024-11-15,BY-561,22,282000,E-wallet,39.0,Completed,
TX_0000001207,CUST0150,2025-07-27,RS-361,11,32000,Cash,49.0,Completed,Shipping a bit slow but good item
TX_0000005338,CUST0649,2025-02-12,XI-586,26,308000,Bank Transfer,2.0,Refunded,"Competitive price, decent quality"
TX_0000007265,CUST0881,2025-09-20,SJ-034,3,460000,Bank Transfer,26.0,Completed,
TX_0000007381,CUST0895,2024-11-23,CY-943,24,188000,Credit Card,16.0,Completed,
TX_0000007819,CUST0951,2024-10-08,OA-651,35,310000,Credit Card,32.0,Completed,
TX_0000000868,CUST0108,2025-02-26,HB-623,28,486000,Bank Transfer,37.0,Cancelled,"Cheap price, decent quality"
TX_0000002975,CUST0364,2025-06-14,AM-977,35,336000,Cash,10.0,Completed,
TX_0000005094,CUST0616,2024-11-30,ER-102,36,147000,Credit Card,36.0,Completed,Recommended seller
TX_0000000542,CUST0071,2025-03-12,YH-641,24,158000,Cash,26.0,Completed,
TX_0000001133,CUST0139,2024-12-07,XH-625,4,195000,E-wallet,13.0,Completed,"Super fast shipping, thanks"
TX_0000007941,CUST0965,2025-06-28,LO-231,31,126000,Bank Transfer,33.0,Completed,"Amazing product, highly recommended"
TX_0000006932,CUST0843,2025-02-10,KM-680,1,269000,Credit Card,1.0,Completed,
TX_0000003391,CUST0409,2025-08-22,RC-474,24,200000,Credit Card,26.0,Cancelled,A bit overpriced in my opinion
TX_0000005906,CUST0714,2025-05-27,YG-541,38,111000,E-wallet,39.0,Completed,"Honest seller, item as described"
TX_0000002963,CUST0362,2025-09-24,MF-303,3,333000,Debit Card,6.0,Completed,"Product meets expectations, great"
TX_0000004156,CUST0503,2024-10-24,ZL-465,28,106000,Credit Card,30.0,Completed,
TX_0000003260,CUST0395,2025-05-09,JQ-627,5,392000,E-wallet,7.0,Completed,
TX_0000005332,CUST0649,2024-12-26,NP-474,21,109000,E-wallet,,Completed,
TX_0000008099,CUST0985,2025-08-21,IW-499,25,452000,Credit Card,15.0,Completed,
TX_0000002584,CUST0316,2025-02-27,BF-909,7,245000,Bank Transfer,13.0,Completed,"Product not original, very disappointed"
TX_0000002814,CUST0342,2025-07-02,CD-631,33,121000,E-wallet,20.0,Completed,
TX_0000006366,CUST0770,2024-12-27,VG-814,36,368000,Debit Card,,Completed,Poor quality for this price
TX_0000007261,CUST0881,2025-09-16,NH-317,23,162000,Debit Card,10.0,Completed,
TX_0000005654,CUST0687,2024-10-16,AU-237,16,416000,Bank Transfer,,Completed,
TX_0000003587,CUST0431,2025-09-23,AI-375,21,243000,Bank Transfer,41.0,Completed,
TX_0000007039,CUST0856,2024-10-15,FQ-885,39,279000,Cash,22.0,Completed,
TX_0000006804,CUST0825,2025-01-02,HM-982,36,155000,E-wallet,25.0,Completed,
TX_0000006970,CUST0846,2024-07-04,GP-184,35,109000,Credit Card,29.0,Completed,
TX_0000002631,CUST0320,2025-02-16,SW-115,20,500,Bank Transfer,11.0,Completed,Quality below expectations
TX_0000006568,CUST0795,2024-12-03,KQ-068,24,490000,Cash,13.0,Completed,
TX_0000006796,CUST0824,2024-10-23,YG-093,14,454000,Cash,15.0,Completed,"Defective item, please replace"
TX_0000005037,CUST0860,2025-09-06,TU-822,30,493000,Cash,8.0,Completed,
TX_0000001081,CUST0133,2025-01-04,TQ-684,38,125000,Cash,44.0,Pending,Premium quality at affordable price
TX_0000004284,CUST0517,2025-01-22,WI-659,23,273000,E-wallet,39.0,Completed,
TX_0000002086,CUST0256,2025-09-22,CY-661,6,77000,E-wallet,38.0,Cancelled,
TX_0000002453,CUST0300,2024-10-18,GK-543,16,298000,Bank Transfer,16.0,Completed,
TX_0000004967,CUST0602,2025-08-06,RL-989,13,444000,Cash,34.0,Cancelled,Shipping a bit slow but good item
TX_0000002024,CUST0248,2024-02-18,VJ-886,8,78000,Credit Card,27.0,Completed,Bit disappointing from the photo
TX_0000005975,CUST0723,2025-09-17,HG-114,21,3000,Credit Card,,Completed,
TX_0000006625,CUST0801,2024-10-28,ZO-686,23,267000,Cash,38.0,Completed,
TX_0000000227,CUST0030,2024-12-28,EX-066,29,441000,Debit Card,34.0,Cancelled,Product matches description
TX_0000001014,CUST0125,2024-12-27,RG-754,36,280000,Debit Card,39.0,Completed,
TX_0000001930,CUST0235,2025-03-23,UA-494,32,358000,E-wallet,44.0,Cancelled,"Standard quality, reasonable price"
TX_0000008053,CUST0980,2025-03-22,LU-292,23,374000,Cash,47.0,Cancelled,Expensive price but worth it
TX_0000001405,CUST0178,2024-11-19,YK-862,16,498000,Debit Card,10.0,Completed,Quality below expectations
TX_0000002180,CUST0267,2024-10-31,ZZ-181,26,255000,Credit Card,33.0,Completed,
TX_0000000698,CUST0087,2025-09-20,UR-376,1,41000,Cash,13.0,Completed,Price worth it for the quality
TX_0000001125,CUST0138,2025-08-01,XI-473,3,86000,Credit Card,12.0,Completed,
TX_0000003896,CUST0465,2025-02-14,ZJ-217,8,308000,E-wallet,43.0,Completed,
TX_0000005111,CUST0618,2025-04-23,SO-621,35,134000,Credit Card,19.0,Completed,Responsive and helpful seller
TX_0000001779,CUST0219,2025-02-16,QS-606,4,334000,Cash,5.0,Completed,
TX_0000005651,CUST0686,2025-02-12,BX-944,35,372000,Cash,21.0,Completed,Item arrived in perfect condition
TX_0000002635,CUST0320,2024-11-04,CL-445,23,389000,Credit Card,20.0,Completed,Item arrived faster than expected
TX_0000003490,CUST0421,2025-08-21,HU-425,18,1323000,E-wallet,9.0,Completed,
TX_0000001038,CUST0127,2025-07-21,QJ-948,28,212000,Credit Card,4.0,Completed,
TX_0000002257,CUST0277,2025-02-02,GV-069,22,97000,E-wallet,17.0,Cancelled,Response was slow but item is good
TX_0000006517,CUST0786,2024-10-08,QM-366,26,246000,Debit Card,31.0,Completed,
TX_0000008108,CUST0987,2024-11-08,QX-422,11,96000,Bank Transfer,43.0,Completed,Product matches description
TX_0000000314,CUST0041,2025-04-29,IF-345,18,440000,Bank Transfer,19.0,Completed,
TX_0000002650,CUST0322,2025-07-14,RJ-327,5,457000,Cash,34.0,Cancelled,
TX_0000002282,CUST0279,2024-12-13,RV-916,20,82000,Credit Card,16.0,Completed,
TX_0000005886,CUST0711,2025-09-05,IJ-772,17,474000,E-wallet,12.0,Completed,"Defective item, please replace"
TX_0000002548,CUST0313,2025-02-24,KE-498,8,375000,Credit Card,37.0,Refunded,
TX_0000005133,CUST0621,2024-12-17,AS-176,40,476000,Debit Card,18.0,Completed,
TX_0000002160,CUST0265,2024-05-03,TP-501,23,88000,E-wallet,44.0,Completed,"Standard quality, reasonable price"
TX_0000003138,CUST0382,2024-10-23,MX-634,1,16000,Credit Card,6.0,Completed,
TX_0000006812,CUST0826,2025-03-25,VN-093,34,314000,Cash,39.0,Completed,
TX_0000003968,CUST0475,2025-03-13,PK-710,36,200000,Debit Card,17.0,Completed,
TX_0000001429,CUST0181,2024-10-30,PF-218,18,173000,Debit Card,25.0,Completed,
TX_0000005830,CUST0703,2024-12-13,EL-088,17,1970000,E-wallet,26.0,Completed,Price matches quality
TX_0000002521,CUST0309,2025-07-17,WU-849,19,454000,E-wallet,30.0,Completed,Premium quality at affordable price
TX_0000007830,CUST0952,2025-03-29,XJ-348,17,437000,Debit Card,22.0,Completed,
TX_0000005943,CUST0717,2024-10-11,UU-682,21,146000,Credit Card,43.0,Completed,"Quality item, packaging OK"
TX_0000006070,CUST0733,2025-03-11,YU-504,18,351000,Bank Transfer,45.0,Completed,
TX_0000000449,CUST0059,2025-08-21,US-187,25,175000,Bank Transfer,,Cancelled,Premium quality at affordable price
TX_0000005185,CUST0626,2025-01-18,PO-177,31,428000,Credit Card,19.0,Completed,
TX_0000001285,CUST0158,2025-04-19,OY-034,24,457000,E-wallet,31.0,Completed,
TX_0000003728,CUST0447,2024-10-16,TE-126,32,248000,Credit Card,39.0,Completed,
TX_0000000362,CUST0049,2025-01-14,XF-143,20,20000,Bank Transfer,15.0,Completed,
TX_0000006606,CUST0800,2025-01-18,MB-425,12,17000,Bank Transfer,12.0,Completed,"Product not original, very disappointed"
TX_0000006537,CUST0791,2024-12-05,IX-984,40,413000,Debit Card,2.0,Completed,5 stars for this product
TX_0000005150,CUST0623,2024-10-28,FJ-424,38,356000,E-wallet,3.0,Completed,
TX_0000002461,CUST0301,2025-09-16,BN-035,24,371000,Bank Transfer,17.0,Completed,Product matches description
TX_0000000023,CUST0004,2025-01-18,FL-539,40,492000,Bank Transfer,1.0,Completed,
TX_0000002067,CUST0253,2025-03-12,JH-653,15,489000,E-wallet,15.0,Completed,
TX_0000001654,CUST0206,2025-04-29,AY-073,18,226000,Bank Transfer,47.0,Completed,
TX_0000000703,CUST0087,2025-09-03,XF-406,2,295000,E-wallet,10.0,Completed,"Poor product, requesting refund"
TX_0000005945,CUST0717,2025-05-27,VH-249,30,197000,Cash,24.0,Completed,
TX_0000002744,CUST0332,2025-08-12,IA-996,29,172000,Cash,17.0,Completed,
TX_0000001377,CUST0171,2024-10-14,PR-178,9,239000,Bank Transfer,5.0,Completed,"100% original item, recommended"
TX_0000006664,CUST0806,2025-03-07,EK-477,39,367000,Credit Card,21.0,Completed,
TX_0000002469,CUST0303,2024-11-01,IA-241,33,424000,Credit Card,29.0,Completed,Slightly defective but still usable
TX_0000003755,CUST0451,2025-09-12,ZV-511,25,334000,E-wallet,42.0,Completed,
TX_0000002326,CUST0285,2025-01-26,VV-015,38,427000,Bank Transfer,31.0,Cancelled,Price matches quality
TX_0000000461,CUST0062,2025-01-18,TY-760,16,250000,E-wallet,5.0,Cancelled,Response was slow but item is good
TX_0000005164,CUST0624,2024-10-11,BD-698,37,106000,E-wallet,41.0,Completed,Item arrived faster than expected
TX_0000004184,CUST0507,2024-10-29,LS-228,38,322000,Credit Card,35.0,Completed,
TX_0000004083,CUST0493,2024-04-09,KA-207,16,302000,Debit Card,4.0,Completed,Disappointed with item quality
TX_0000001487,CUST0188,2025-09-24,XE-224,14,142000,Bank Transfer,0.0,Completed,
TX_0000003679,CUST0440,2025-03-09,CN-634,23,326000,Debit Card,20.0,Completed,
TX_0000000283,CUST0036,2025-06-24,XN-704,15,233000,Debit Card,30.0,Completed,
TX_0000004559,CUST0550,2024-11-04,BL-551,23,161000,Cash,29.0,Cancelled,
TX_0000004309,CUST0520,2024-11-18,BM-483,40,106000,Bank Transfer,33.0,Completed,
TX_0000004866,CUST0586,2025-07-25,FC-079,2,24000,Bank Transfer,48.0,Completed,
TX_0000003538,CUST0427,2024-10-22,OD-372,27,206000,E-wallet,6.0,Cancelled,"Quality product, attractive packaging"
TX_0000005774,CUST0698,2025-09-16,DT-685,29,291000,Credit Card,14.0,Completed,"Safe packaging, not damaged"
TX_0000002582,CUST0316,2024-06-01,HD-399,8,149000,Bank Transfer,37.0,Completed,
TX_0000001369,CUST0169,2024-12-13,NZ-343,24,197000,E-wallet,43.0,Cancelled,
TX_0000007396,CUST0897,2025-01-16,HN-446,3,396000,Debit Card,12.0,Completed,"Amazing product, highly recommended"
TX_0000006280,CUST0762,2025-01-19,JX-025,20,35000,Bank Transfer,3.0,Completed,
TX_0000000598,CUST0074,2025-08-20,DU-178,36,426000,Bank Transfer,44.0,Refunded,Disappointed with item quality
TX_0000004352,CUST0524,2025-02-16,KK-878,20,205000,Bank Transfer,,Cancelled,
TX_0000006660,CUST0805,2025-01-08,AS-784,22,193000,E-wallet,40.0,Completed,
TX_0000004759,CUST0572,2024-11-12,UB-379,24,38000,Cash,24.0,Completed,
TX_0000008142,CUST0992,2025-02-02,ZT-374,27,412000,Bank Transfer,30.0,Completed,A bit expensive but worth the quality
TX_0000007727,CUST0940,2025-03-28,VR-156,28,288000,Credit Card,41.0,Completed,
TX_0000007943,CUST0965,2024-12-23,QM-020,15,117000,Credit Card,,Completed,
TX_0000003469,CUST0419,2025-03-07,RA-955,29,488000,E-wallet,28.0,Completed,
TX_0000005251,CUST0634,2025-01-15,LB-820,6,138000,E-wallet,0.0,Completed,"Standard quality, reasonable price"
TX_0000002991,CUST0366,2024-04-02,AI-926,16,396000,Credit Card,27.0,Cancelled,"Good quality, competitive price"
TX_0000007297,CUST0886,2025-02-22,GZ-920,17,398000,Bank Transfer,48.0,Completed,
TX_0000008040,CUST0978,2025-06-19,YR-042,28,155000,Bank Transfer,22.0,Completed,Fast response from seller
TX_0000002545,CUST0313,2024-12-31,RV-414,7,194000,Debit Card,8.0,Refunded,
TX_0000006111,CUST0738,2024-10-23,ES-635,28,381000,E-wallet,13.0,Completed,
TX_0000006014,CUST0728,2024-12-26,US-883,26,226000,Cash,3.0,Refunded,
TX_0000004067,CUST0490,2024-10-16,SL-476,26,166000,Credit Card,16.0,Completed,Very satisfied with this purchase
TX_0000003989,CUST0477,2025-09-12,WV-374,22,332000,Bank Transfer,37.0,Completed,"Fast shipping, neat packaging"
TX_0000007918,CUST0962,2025-09-11,VT-099,25,379000,Credit Card,44.0,Completed,
TX_0000000686,CUST0086,2025-05-01,WK-653,19,309000,Credit Card,10.0,Completed,
TX_0000005242,CUST0633,2025-02-28,OW-526,17,173000,Credit Card,35.0,Completed,"Premium quality product, excellent"
TX_0000003244,CUST0393,2025-01-01,WM-205,7,442000,Bank Transfer,14.0,Completed,"Packaging not neat, but item is okay"
TX_0000006352,CUST0769,2025-05-03,RR-698,27,276000,E-wallet,41.0,Completed,Expensive price but worth it
TX_0000004084,CUST0493,2025-03-03,NX-166,38,351000,Debit Card,11.0,Completed,
TX_0000002838,CUST0347,2024-11-15,MY-247,27,212000,Cash,20.0,Completed,
TX_0000003698,CUST0442,2025-03-27,DI-277,21,247000,Credit Card,0.0,Completed,"Amazing product, highly recommended"
TX_0000004942,CUST0598,2025-06-07,EZ-753,26,496000,E-wallet,38.0,Refunded,Slightly disappointed with the finishing
TX_0000007189,CUST0872,2025-02-13,MN-635,24,342000,Bank Transfer,15.0,Completed,
TX_0000004041,CUST0486,2025-05-26,RT-659,15,141000,Cash,4.0,Completed,
TX_0000002231,CUST0273,2025-09-03,PC-892,36,155000,Bank Transfer,39.0,Completed,
TX_0000005993,CUST0724,2025-04-25,DK-562,5,145000,E-wallet,33.0,Completed,
TX_0000002321,CUST0284,2025-08-23,FV-855,16,400000,Debit Card,6.0,Completed,
TX_0000004879,CUST0587,2025-09-09,DH-010,35,470000,Cash,18.0,Cancelled,"Professional seller, highly recommended"
TX_0000000522,CUST0068,2025-09-12,LF-503,24,410000,E-wallet,16.0,Completed,
TX_0000000523,CUST0068,2024-11-13,YT-478,33,418000,Credit Card,13.0,Completed,"High quality product, recommended"
TX_0000006406,CUST0775,2025-02-11,GC-357,22,247000,Cash,18.0,Completed,Price worth it for the quality
TX_0000006600,CUST0798,2025-01-06,MU-545,17,214000,Debit Card,14.0,Completed,
TX_0000006597,CUST0798,2025-03-24,DH-484,20,262000,Bank Transfer,44.0,Completed,
TX_0000006195,CUST0749,2025-02-19,GF-545,30,500000,Bank Transfer,10.0,Completed,
TX_0000000781,CUST0097,2025-09-15,BL-606,3,447000,Debit Card,50.0,Completed,
TX_0000006417,CUST0776,2025-01-29,FB-235,28,368000,Cash,48.0,Completed,
TX_0000005564,CUST0675,2025-01-28,ZC-077,39,112000,Debit Card,23.0,Completed,"Product matches photo, good quality"
TX_0000000652,CUST0081,2025-05-30,IV-202,19,242000,Credit Card,11.0,Cancelled,
TX_0000006125,CUST0739,2025-01-10,QM-083,15,106000,Debit Card,50.0,Completed,
TX_0000002197,CUST0269,2024-12-08,EK-924,20,358000,Cash,43.0,Completed,
TX_0000000370,CUST0050,2024-12-18,CQ-998,18,1926000,Debit Card,14.0,Completed,
TX_0000005964,CUST0722,2024-12-29,VT-827,40,264000,Cash,3.0,Completed,
TX_0000004215,CUST0511,2024-05-27,OL-698,13,29000,E-wallet,49.0,Completed,
TX_0000000378,CUST0051,2024-11-25,ZV-316,17,379000,E-wallet,24.0,Completed,
TX_0000005775,CUST0698,2025-09-22,CL-477,19,175000,Bank Transfer,32.0,Completed,"Friendly seller, item as ordered"
TX_0000002217,CUST0661,2025-09-17,JZ-625,30,351000,E-wallet,,Completed,
TX_0000006250,CUST0757,2025-01-13,HV-766,14,435000,Bank Transfer,10.0,Completed,Price worth it for the quality
TX_0000001614,CUST0202,2025-01-02,PE-351,15,27000,Bank Transfer,21.0,Completed,
TX_0000007359,CUST0892,2024-12-24,IZ-051,31,384000,Credit Card,28.0,Completed,
TX_0000003633,CUST0738,2025-02-14,CG-515,18,110000,Credit Card,17.0,Completed,"Item as ordered, safe packaging"
TX_0000000963,CUST0120,2025-05-05,RG-076,23,248000,Bank Transfer,23.0,Pending,"Packaging not neat, but item is okay"
TX_0000007379,CUST0895,2024-05-15,CB-712,6,124000,Debit Card,12.0,Completed,
TX_0000007697,CUST0935,2025-01-04,DQ-924,26,188000,E-wallet,20.0,Completed,Satisfying service
TX_0000006256,CUST0758,2024-12-25,VZ-343,9,40000,Bank Transfer,40.0,Completed,"Original item, fast shipping"
TX_0000005565,CUST0675,2024-12-13,IR-746,6,180000,Debit Card,9.0,Completed,"Standard quality, reasonable price"
TX_0000000360,CUST0049,2025-03-02,UN-299,12,272000,Debit Card,0.0,Completed,
TX_0000003840,CUST0458,2024-12-20,KO-478,32,154000,Debit Card,45.0,Completed,Bit overpriced but quality is okay
TX_0000005495,CUST0666,2024-12-16,NO-223,27,355000,Bank Transfer,42.0,Completed,
TX_0000001247,CUST0155,2024-12-26,BT-831,6,73000,E-wallet,2.0,Completed,
TX_0000005730,CUST0695,2025-08-17,HQ-091,22,313000,E-wallet,6.0,Cancelled,
TX_0000005088,CUST0615,2025-05-05,AL-818,26,335000,E-wallet,35.0,Completed,
TX_0000003695,CUST0442,2025-01-18,SW-887,36,487000,Debit Card,28.0,Cancelled,
TX_0000006918,CUST0842,2025-01-18,BL-136,7,1900,Cash,26.0,Completed,Bit disappointing from the photo
TX_0000002568,CUST0314,2025-09-07,IF-520,40,360000,E-wallet,13.0,Pending,
TX_0000003424,CUST0414,2025-05-22,PZ-272,31,191000,E-wallet,26.0,Cancelled,
TX_0000002038,CUST0250,2025-09-16,LI-330,7,100,Bank Transfer,7.0,Completed,Standard quality for the price
TX_0000000773,CUST0097,2025-09-16,RC-441,23,411000,Debit Card,24.0,Completed,
TX_0000007535,CUST0912,2024-06-29,FM-308,9,299000,Debit Card,48.0,Completed,
TX_0000003563,CUST0429,2024-10-21,RO-184,32,383000,Credit Card,2.0,Completed,
TX_0000007762,CUST0944,2025-02-28,TX-461,38,226000,Credit Card,7.0,Cancelled,Slightly disappointed with the finishing
TX_0000007496,CUST0908,2024-10-02,TX-429,26,301000,Bank Transfer,49.0,Completed,
TX_0000005435,CUST0659,2025-01-09,UN-176,28,464000,E-wallet,,Completed,Item arrived in perfect condition
TX_0000004532,CUST0546,2025-09-05,OE-148,25,336000,Cash,47.0,Completed,5 stars for this product
TX_0000001675,CUST0208,2025-09-07,PV-093,18,123000,E-wallet,41.0,Completed,Bit overpriced but quality is okay
TX_0000000366,CUST0049,2024-10-07,BP-456,23,411000,E-wallet,11.0,Completed,Price matches quality
TX_0000006378,CUST0772,2024-12-04,BE-267,22,21000,Cash,36.0,Completed,
TX_0000005315,CUST0644,2025-06-10,UJ-634,15,145000,Debit Card,11.0,Completed,
TX_0000004328,CUST0522,2024-12-14,FF-904,32,4000,Cash,5.0,Completed,
TX_0000000148,CUST0017,2025-01-28,VI-969,10,176000,E-wallet,31.0,Completed,
TX_0000008071,CUST0982,2025-08-31,YM-413,29,483000,Credit Card,26.0,Completed,
TX_0000003089,CUST0378,2025-03-19,WL-787,16,316000,Credit Card,35.0,Completed,
TX_0000006472,CUST0783,2025-01-16,QA-788,24,290000,Bank Transfer,5.0,Completed,
TX_0000000408,CUST0054,2024-10-17,PU-522,33,239000,Debit Card,46.0,Refunded,Doesn't meet expectations
TX_0000007572,CUST0920,2024-10-28,ZZ-149,24,14000,Cash,27.0,Completed,"Good quality, competitive price"
TX_0000003457,CUST0417,2025-01-18,XH-698,36,199000,Debit Card,25.0,Completed,
TX_0000004183,CUST0507,2024-11-02,BA-796,39,1336000,Credit Card,49.0,Completed,"Good quality, competitive price"
TX_0000003577,CUST0430,2024-09-19,KS-454,7,109000,Cash,28.0,Refunded,
TX_0000003272,CUST0396,2024-12-28,QU-708,22,245000,E-wallet,17.0,Completed,A bit expensive but satisfied with result
TX_0000004941,CUST0598,2025-06-09,HW-611,34,349000,Debit Card,47.0,Completed,
TX_0000001032,CUST0127,2025-08-24,MS-048,27,235000,Bank Transfer,40.0,Completed,"Cheap price, decent quality"
TX_0000005378,CUST0655,2025-01-25,KL-831,19,233000,Bank Transfer,42.0,Completed,
TX_0000000856,CUST0106,2025-08-14,WI-888,20,86000,E-wallet,26.0,Completed,
TX_0000003927,CUST0468,2025-01-29,JX-270,25,428000,Debit Card,6.0,Completed,"Item as ordered, safe packaging"
TX_0000000079,CUST0011,2025-02-04,QO-291,22,471000,Credit Card,13.0,Completed,
TX_0000002248,CUST0275,2024-11-06,CV-011,17,241000,Bank Transfer,44.0,Completed,
TX_0000006082,CUST0735,2024-12-02,JF-738,1,257000,Debit Card,36.0,Completed,
TX_0000007490,CUST0907,2025-06-22,JC-159,20,109000,Cash,38.0,Completed,Price worth it for the quality
TX_0000007540,CUST0912,2025-03-15,OI-466,13,420000,Debit Card,2.0,Completed,
TX_0000008117,CUST0988,2025-02-26,MV-918,18,264000,Debit Card,47.0,Completed,
TX_0000005650,CUST0686,2025-01-12,AG-000,30,120000,Credit Card,27.0,Completed,
TX_0000000789,CUST0100,2025-02-05,WS-935,20,121000,E-wallet,32.0,Completed,
TX_0000002280,CUST0279,2024-11-14,DQ-420,19,407000,Credit Card,43.0,Completed,Recommended seller
TX_0000004096,CUST0495,2025-01-08,XR-317,18,81000,Cash,6.0,Completed,"Standard quality, reasonable price"
TX_0000003898,CUST0465,2024-10-13,IO-241,12,460000,Debit Card,10.0,Completed,Shipping a bit slow but good item
TX_0000005350,CUST0650,2025-02-16,HZ-426,37,462000,Bank Transfer,50.0,Completed,
TX_0000006808,CUST0826,2024-12-30,VO-521,17,177000,Bank Transfer,30.0,Completed,Bit disappointing from the photo
TX_0000003632,CUST0434,2025-01-07,FB-973,31,210000,E-wallet,26.0,Refunded,
TX_0000006148,CUST0743,2025-01-08,AH-742,18,412000,E-wallet,42.0,Cancelled,Size doesn't match expectations
TX_0000000425,CUST0057,2024-10-23,GW-197,17,197000,Credit Card,41.0,Completed,High quality product
TX_0000000393,CUST0052,2025-06-06,ZC-867,2,71000,Debit Card,13.0,Completed,"Item as ordered, safe packaging"
TX_0000006131,CUST0741,2025-07-31,AN-295,30,179000,Bank Transfer,37.0,Completed,
TX_0000007741,CUST0942,2025-08-18,LB-307,26,271000,Debit Card,23.0,Refunded,"Honest seller, item as described"
TX_0000004201,CUST0509,2025-09-20,VZ-714,20,319000,Cash,34.0,Completed,
TX_0000002673,CUST0325,2025-07-07,TZ-971,24,265000,E-wallet,26.0,Completed,Premium quality at affordable price
TX_0000007502,CUST0909,2025-04-18,WP-750,21,2000,Cash,43.0,Completed,
TX_0000005550,CUST0673,2025-02-16,QV-348,23,426000,Bank Transfer,42.0,Completed,Recommended seller
TX_0000003494,CUST0422,2025-01-11,ET-879,26,436000,Cash,50.0,Completed,
TX_0000001460,CUST0185,2024-10-21,SN-914,21,249000,E-wallet,36.0,Completed,
TX_0000005928,CUST0716,2025-09-05,GE-447,24,426000,E-wallet,,Completed,Quality below expectations
TX_0000006359,CUST0770,2024-12-18,OM-240,25,235000,Debit Card,45.0,Completed,Satisfying service
TX_0000005445,CUST0660,2024-10-02,MM-438,10,299000,Cash,16.0,Completed,"Responsive seller, good problem solving"
TX_0000003836,CUST0458,2024-12-26,BV-301,21,115000,Cash,10.0,Completed,"Item damaged upon arrival, disappointed"
TX_0000007167,CUST0869,2025-01-03,ZY-299,26,203000,Credit Card,10.0,Completed,"High quality product, recommended"
TX_0000006353,CUST0769,2025-06-16,IY-287,3,138000,Credit Card,12.0,Refunded,Poor quality for this price
TX_0000007804,CUST0949,2024-10-27,RV-428,19,1517000,Cash,13.0,Refunded,"Safe shipping, nothing damaged"
TX_0000004725,CUST0568,2024-10-20,JW-747,8,472000,Cash,29.0,Completed,
TX_0000006369,CUST0770,2025-06-13,PK-064,39,351000,Debit Card,1.0,Completed,
TX_0000002356,CUST0289,2024-08-19,RM-949,1,268000,E-wallet,38.0,Completed,
TX_0000008103,CUST0986,2025-08-25,TN-696,18,456000,Debit Card,44.0,Completed,"Product meets expectations, will buy again"
TX_0000002443,CUST0299,2025-01-25,ZT-460,36,405000,E-wallet,7.0,Completed,
TX_0000006935,CUST0843,2024-11-04,JZ-557,35,342000,Credit Card,25.0,Completed,Disappointed with item quality
TX_0000007524,CUST0910,2024-12-01,CR-916,16,476000,Debit Card,7.0,Completed,
TX_0000006383,CUST0772,2024-12-14,CW-473,9,285000,E-wallet,7.0,Completed,
TX_0000000465,CUST0062,2025-01-22,KH-227,22,140000,E-wallet,3.0,Completed,Good product for this price range
TX_0000000164,CUST0020,2025-01-13,QA-392,29,353000,Bank Transfer,23.0,Completed,Product doesn't match picture
TX_0000007095,CUST0860,2025-08-28,CN-283,31,152000,Credit Card,36.0,Cancelled,"Amazing product, highly recommended"
TX_0000007688,CUST0934,2025-01-15,UA-161,16,417000,Bank Transfer,29.0,Completed,
TX_0000007856,CUST0957,2025-02-20,DT-100,30,386000,Credit Card,25.0,Completed,"Item as ordered, safe packaging"
TX_0000008133,CUST0991,2025-07-24,HW-793,28,248000,Bank Transfer,9.0,Completed,
TX_0000002010,CUST0245,2025-07-05,EL-303,27,354000,E-wallet,,Completed,
TX_0000003085,CUST0377,2025-04-12,FE-048,33,490000,Bank Transfer,24.0,Cancelled,Satisfying service
TX_0000000901,CUST0113,2025-09-11,YC-125,38,226000,Bank Transfer,48.0,Completed,
TX_0000008173,CUST0997,2024-12-30,CE-569,27,222000,Bank Transfer,34.0,Completed,
TX_0000004838,CUST0583,2025-01-03,TL-679,26,428000,Debit Card,6.0,Completed,"100% original item, recommended"
TX_0000002294,CUST0280,2024-10-10,JX-238,2,204000,Cash,42.0,Completed,
TX_0000004482,CUST0541,2025-06-07,MN-240,26,344000,Debit Card,27.0,Completed,
TX_0000005303,CUST0643,2025-08-21,NY-120,38,1386000,Bank Transfer,7.0,Completed,
TX_0000004606,CUST0554,2024-12-13,DJ-573,21,40000,Credit Card,21.0,Completed,
TX_0000003717,CUST0445,2025-03-26,IL-062,24,176000,Bank Transfer,23.0,Completed,
TX_0000007806,CUST0949,2025-01-17,FH-112,16,131000,Bank Transfer,45.0,Completed,"Quality matches the price, decent enough"
TX_0000001765,CUST0217,2025-05-10,VX-394,26,57000,Cash,10.0,Completed,"Cheap price, decent quality"
TX_0000001550,CUST0194,2024-11-30,FG-435,21,190000,Cash,7.0,Completed,"Quality product, satisfying service"
TX_0000003030,CUST0371,2025-01-29,SE-322,18,236000,Bank Transfer,45.0,Completed,"Seller communicative, item is good"
TX_0000006199,CUST0750,2024-11-08,ZB-609,40,312000,Credit Card,4.0,Completed,Bit disappointing from the photo
TX_0000002045,CUST0250,2025-09-24,RL-621,25,247000,Debit Card,42.0,Completed,
TX_0000000768,CUST0096,2024-12-09,OB-922,25,147000,Credit Card,37.0,Refunded,
TX_0000001509,CUST0190,2025-06-06,DE-080,25,272000,E-wallet,10.0,Completed,
TX_0000007963,CUST0968,2024-12-04,KT-171,15,135000,Bank Transfer,3.0,Completed,"Slow shipping, ordinary item"
TX_0000004518,CUST0545,2025-03-25,PK-260,18,456000,Bank Transfer,,Completed,
TX_0000004220,CUST0511,2024-06-17,QX-312,19,141000,E-wallet,24.0,Completed,
TX_0000006811,CUST0826,2025-03-03,DG-741,31,411000,E-wallet,26.0,Completed,
TX_0000005375,CUST0654,2025-02-20,QI-173,9,497000,Bank Transfer,45.0,Completed,
TX_0000003293,CUST0399,2025-08-24,AV-702,18,145000,Debit Card,9.0,Completed,A bit expensive but satisfied with result
TX_0000000820,CUST0104,2025-09-19,MQ-700,31,360000,E-wallet,1.0,Completed,
TX_0000001404,CUST0178,2025-03-29,AE-922,23,153000,Cash,12.0,Completed,
TX_0000001383,CUST0172,2025-03-18,TS-559,22,296000,Debit Card,16.0,Completed,"Item as ordered, safe packaging"
TX_0000002149,CUST0264,2025-02-27,DO-729,30,390000,Debit Card,15.0,Completed,
TX_0000001639,CUST0205,2025-02-16,QT-843,1,136000,Cash,34.0,Completed,
TX_0000007882,CUST0959,2024-11-12,LL-826,39,292000,Cash,41.0,Completed,
TX_0000000400,CUST0053,2025-09-09,VO-667,7,136000,Bank Transfer,12.0,Completed,"Packaging not neat, but item is okay"
TX_0000000883,CUST0111,2024-11-16,WY-408,21,202000,E-wallet,40.0,Completed,"Great product, will order again"
TX_0000003566,CUST0429,2025-01-28,WI-764,34,449000,Debit Card,33.0,Completed,
TX_0000007327,CUST0889,2024-11-26,FU-250,8,90000,Credit Card,48.0,Completed,
TX_0000001180,CUST0146,2024-11-17,UA-536,20,339000,Debit Card,22.0,Completed,
TX_0000004245,CUST0514,2024-08-22,PB-376,22,188000,Bank Transfer,26.0,Cancelled,
TX_0000005219,CUST0629,2025-02-14,ZC-010,16,363000,Credit Card,28.0,Completed,
TX_0000005603,CUST0681,2025-09-04,UM-274,7,16000,E-wallet,44.0,Completed,
TX_0000002131,CUST0261,2025-06-13,GB-927,15,128000,Credit Card,48.0,Cancelled,
TX_0000005079,CUST0614,2025-07-16,HO-713,22,124000,Debit Card,50.0,Pending,A bit expensive but satisfied with result
TX_0000000457,CUST0060,2024-10-02,SE-938,20,382000,E-wallet,11.0,Completed,
TX_0000007066,CUST0858,2025-01-24,DI-896,17,250000,E-wallet,33.0,Cancelled,Premium quality at affordable price
TX_0000001951,CUST0238,2024-12-31,QZ-104,15,401000,Debit Card,19.0,Completed,"Product matches photo, good quality"
TX_0000005373,CUST0654,2025-02-16,QW-114,4,239000,Credit Card,34.0,Completed,Shipping delayed but item is good
TX_0000000690,CUST0086,2025-05-04,LW-685,20,66000,E-wallet,13.0,Completed,
TX_0000006482,CUST0783,2024-11-14,TW-365,30,218000,Bank Transfer,17.0,Refunded,"Item arrived quickly, good condition"
TX_0000007916,CUST0962,2025-09-03,XG-603,2,143000,Bank Transfer,39.0,Refunded,Very slow shipping
TX_0000001954,CUST0238,2025-03-15,DK-396,15,354000,Credit Card,22.0,Cancelled,
TX_0000002711,CUST0329,2025-02-03,EW-885,13,312000,Debit Card,12.0,Completed,"Safe packaging, not damaged"
TX_0000006061,CUST0732,2025-02-03,XE-016,8,66000,E-wallet,43.0,Completed,
TX_0000006096,CUST0736,2025-02-13,AY-284,29,356000,Credit Card,30.0,Completed,
TX_0000004350,CUST0523,2025-09-09,KT-026,33,164000,E-wallet,18.0,Cancelled,
TX_0000007116,CUST0864,2025-08-05,PE-643,17,202000,E-wallet,4.0,Completed,
TX_0000001885,CUST0230,2025-07-27,XH-056,29,308000,E-wallet,,Completed,
TX_0000007765,CUST0944,2024-10-28,MI-733,33,144000,Cash,8.0,Completed,
TX_0000007250,CUST0880,2024-12-13,KH-725,37,396000,Bank Transfer,17.0,Completed,
TX_0000002495,CUST0306,2024-11-20,IF-973,20,353000,Debit Card,11.0,Completed,"Product meets expectations, great"
TX_0000003037,CUST0371,2024-12-18,EB-910,2,160000,E-wallet,6.0,Completed,
TX_0000003604,CUST0433,2025-01-17,BE-762,35,231000,E-wallet,7.0,Completed,"Thank you, very recommended"
TX_0000000846,CUST0412,2025-02-04,SR-542,24,467000,Debit Card,,Completed,
TX_0000000543,CUST0071,2025-03-26,OP-196,37,137000,Credit Card,9.0,Completed,
TX_0000003725,CUST0447,2024-10-30,VK-415,21,341000,Credit Card,26.0,Completed,
TX_0000004188,CUST0508,2025-05-04,BB-657,36,459000,Debit Card,44.0,Completed,
TX_0000003680,CUST0440,2024-11-07,HM-987,29,430000,E-wallet,29.0,Completed,High quality product
TX_0000006548,CUST0793,2025-02-11,ZQ-937,22,388000,Credit Card,24.0,Completed,Item arrived faster than expected
TX_0000006706,CUST0812,2025-07-27,TT-474,23,139000,Cash,19.0,Completed,"Product meets expectations, will buy again"
TX_0000006274,CUST0760,2025-02-19,HL-644,22,84000,Debit Card,13.0,Completed,
TX_0000002965,CUST0363,2025-03-16,RX-532,20,438000,Cash,37.0,Completed,
TX_0000002530,CUST0311,2025-02-22,KD-981,18,120000,Cash,5.0,Completed,
TX_0000001049,CUST0128,2025-01-08,KI-881,40,479000,Bank Transfer,26.0,Completed,
TX_0000001961,CUST0238,2025-01-29,NB-676,32,289000,Bank Transfer,18.0,Completed,"Great product, will order again"
TX_0000002531,CUST0311,2024-11-21,GN-337,32,444000,E-wallet,11.0,Completed,
TX_0000006045,CUST0730,2025-01-21,BF-099,22,180000,E-wallet,48.0,Completed,
TX_0000000238,CUST0031,2025-06-10,KK-380,2,19000,Debit Card,24.0,Completed,Premium quality at affordable price
TX_0000004918,CUST0594,2024-11-28,DD-300,1,252000,Credit Card,43.0,Completed,A bit expensive but satisfied with result
TX_0000001134,CUST0140,2025-07-31,ZV-316,22,277000,Bank Transfer,12.0,Completed,"Safe shipping, nothing damaged"
TX_0000006780,CUST0822,2025-02-17,TV-919,28,168000,Bank Transfer,40.0,Completed,"Amazing product, exceeds expectations"
TX_0000004260,CUST0515,2025-09-18,RV-337,3,88000,Credit Card,45.0,Completed,
TX_0000006468,CUST0782,2024-12-14,FF-878,25,378000,Credit Card,3.0,Completed,
TX_0000006068,CUST0733,2025-02-16,BX-530,2,107000,Bank Transfer,20.0,Completed,
TX_0000006170,CUST0747,2025-05-03,UM-753,39,449000,E-wallet,49.0,Completed,
TX_0000006329,CUST0767,2024-10-31,JF-226,23,358000,E-wallet,1.0,Completed,
TX_0000002979,CUST0365,2025-09-17,FU-012,34,238000,Debit Card,29.0,Completed,
TX_0000007065,CUST0858,2025-03-26,GD-088,16,371000,E-wallet,24.0,Completed,
TX_0000006310,CUST0765,2025-06-26,LC-806,40,331000,Credit Card,42.0,Completed,Bit overpriced but quality is okay
TX_0000005836,CUST0705,2024-12-20,FA-242,37,306000,E-wallet,27.0,Completed,
TX_0000006122,CUST0739,2025-02-13,XP-751,36,121000,E-wallet,38.0,Completed,Doesn't meet expectations
TX_0000003920,CUST0467,2024-11-05,VS-410,33,182000,Cash,10.0,Completed,
TX_0000003139,CUST0382,2024-10-18,MA-794,11,386000,Credit Card,16.0,Completed,Satisfying service
TX_0000007318,CUST0888,2025-03-03,FG-720,24,309000,Bank Transfer,9.0,Completed,
TX_0000004074,CUST0492,2025-03-04,KN-664,19,68000,Credit Card,39.0,Completed,"Competitive price, decent quality"
TX_0000008128,CUST0989,2025-05-13,VX-632,39,419000,Debit Card,25.0,Completed,Shipping a bit slow but good item
TX_0000003230,CUST0391,2024-10-20,AL-052,38,198000,Debit Card,42.0,Completed,"Honest seller, item as described"
TX_0000001827,CUST0224,2025-01-17,RZ-344,34,370000,Cash,3.0,Completed,
TX_0000000594,CUST0073,2024-10-25,PL-376,21,259000,Cash,16.0,Completed,"Item arrived quickly, good condition"
TX_0000002726,CUST0330,2025-01-17,RX-616,36,396000,E-wallet,,Completed,
TX_0000004138,CUST0502,2024-12-05,TP-790,20,190000,Credit Card,10.0,Cancelled,"Professional seller, highly recommended"
TX_0000000561,CUST0679,2025-09-21,YT-219,11,60000,Bank Transfer,34.0,Completed,"Defective item, please replace"
TX_0000007754,CUST0943,2025-03-23,AM-125,21,190000,E-wallet,50.0,Completed,
TX_0000005783,CUST0699,2025-01-26,WG-204,21,328000,Debit Card,22.0,Completed,
TX_0000000244,CUST0031,2025-06-14,SK-875,22,195000,Bank Transfer,46.0,Completed,
TX_0000005436,CUST0659,2024-12-27,HY-688,27,265000,Bank Transfer,1.0,Completed,
TX_0000004438,CUST0537,2024-09-01,RW-905,6,156000,Cash,40.0,Completed,
TX_0000005695,CUST0691,2024-10-25,RJ-475,29,187000,E-wallet,29.0,Completed,
TX_0000000406,CUST0054,2025-02-06,CU-754,24,323000,Cash,29.0,Completed,
TX_0000001443,CUST0183,2024-10-27,NS-602,24,125000,Bank Transfer,21.0,Completed,"Safe packaging, not damaged"
TX_0000000262,CUST0033,2024-04-30,MV-211,33,120000,Debit Card,8.0,Cancelled,
TX_0000007960,CUST0968,2024-10-04,YI-562,20,229000,Bank Transfer,19.0,Completed,"Quality product, satisfying service"
TX_0000007481,CUST0906,2025-02-19,BS-091,28,248000,E-wallet,21.0,Completed,
TX_0000001690,CUST0209,2025-09-23,VY-538,19,283000,Credit Card,32.0,Completed,"Packaging not neat, but item is okay"
TX_0000001726,CUST0213,2024-12-21,QI-387,16,405000,Credit Card,49.0,Completed,"Thank you, very recommended"
TX_0000006688,CUST0810,2024-12-19,VY-600,17,201000,Bank Transfer,36.0,Completed,
TX_0000004931,CUST0596,2025-02-12,RQ-388,33,289000,Bank Transfer,49.0,Completed,
TX_0000002497,CUST0306,2025-01-17,EH-083,18,426000,Debit Card,39.0,Completed,High quality product
TX_0000005519,CUST0669,2025-05-18,AI-139,1,99000,Bank Transfer,12.0,Completed,
TX_0000000341,CUST0045,2024-11-14,GD-903,16,454000,Bank Transfer,2.0,Cancelled,"Quality product, satisfying service"
TX_0000007434,CUST0900,2024-11-28,RC-581,11,84000,Debit Card,32.0,Completed,
TX_0000001602,CUST0200,2024-10-21,FK-772,5,128000,Debit Card,34.0,Completed,
TX_0000004577,CUST0551,2025-07-20,DW-825,37,356000,Debit Card,40.0,Completed,
TX_0000003726,CUST0447,2024-10-26,IL-222,17,443000,Cash,32.0,Completed,High quality product
TX_0000008121,CUST0988,2025-03-13,XW-290,25,128000,Cash,48.0,Completed,
TX_0000002786,CUST0338,2025-01-09,HX-717,40,201000,Bank Transfer,29.0,Refunded,
TX_0000001524,CUST0191,2025-09-22,YK-579,21,177000,Cash,13.0,Cancelled,
TX_0000006120,CUST0739,2025-03-18,PW-826,40,430000,E-wallet,17.0,Completed,"Product meets expectations, great"
TX_0000007282,CUST0883,2025-03-28,SC-295,12,126000,Credit Card,1.0,Completed,Very slow shipping
TX_0000007597,CUST0923,2024-09-21,CQ-103,19,184000,Credit Card,29.0,Completed,
TX_0000005787,CUST0699,2024-10-06,KN-667,31,218000,Debit Card,28.0,Cancelled,
TX_0000007996,CUST0971,2024-05-17,XU-654,18,238000,Bank Transfer,,Completed,"Poor product, requesting refund"
TX_0000001767,CUST0218,2025-03-01,CZ-950,37,444000,Cash,46.0,Completed,
TX_0000008091,CUST0984,2025-01-07,IH-558,7,197000,Bank Transfer,29.0,Completed,Expensive price but worth it
TX_0000004038,CUST0485,2025-07-19,CE-496,4,84000,Credit Card,25.0,Completed,Good product for this price range
TX_0000007369,CUST0894,2024-08-03,NX-429,28,200000,Cash,28.0,Completed,"Premium quality, very satisfied"
TX_0000006483,CUST0783,2024-11-27,NP-130,20,227000,Debit Card,38.0,Completed,Quality below expectations
TX_0000007262,CUST0881,2025-09-17,QU-043,13,900,E-wallet,13.0,Completed,"Good quality, competitive price"
TX_0000007671,CUST0933,2024-11-29,EP-364,9,396000,Credit Card,18.0,Completed,
TX_0000000364,CUST0049,2024-12-09,ZH-259,4,207000,Debit Card,20.0,Completed,"Safe shipping, nothing damaged"
TX_0000005368,CUST0654,2025-01-25,VH-109,3,128000,E-wallet,50.0,Completed,
TX_0000008113,CUST0987,2024-05-22,QP-282,7,412000,Credit Card,48.0,Completed,A bit overpriced in my opinion
TX_0000007375,CUST0895,2024-12-17,QL-657,23,294000,Credit Card,31.0,Completed,"Item as ordered, safe packaging"
TX_0000004726,CUST0568,2025-01-07,FN-503,20,225000,Bank Transfer,25.0,Completed,
TX_0000004444,CUST0537,2024-11-18,BT-184,19,9000,E-wallet,,Completed,
TX_0000006538,CUST0791,2025-01-24,LI-918,40,158000,Bank Transfer,,Refunded,
TX_0000007573,CUST0921,2025-01-07,BU-165,24,432000,Bank Transfer,20.0,Completed,"Honest seller, item as described"
TX_0000002563,CUST0314,2025-09-24,OZ-649,18,358000,Credit Card,,Completed,
TX_0000005745,CUST0627,2024-03-20,ZH-137,18,268000,Debit Card,31.0,Completed,
TX_0000007624,CUST0927,2025-07-28,SB-665,30,369000,Bank Transfer,48.0,Completed,
TX_0000007612,CUST0924,2025-06-06,PM-269,26,192000,Bank Transfer,24.0,Completed,
TX_0000003084,CUST0377,2025-05-03,UG-819,33,454000,Bank Transfer,18.0,Completed,
TX_0000008112,CUST0987,2025-02-01,AC-144,6,357000,Credit Card,15.0,Cancelled,"Item arrived quickly, good condition"
TX_0000002103,CUST0257,2024-10-14,QV-655,37,124000,Debit Card,10.0,Completed,
TX_0000000633,CUST0079,2024-11-18,CL-285,34,190000,E-wallet,8.0,Completed,
TX_0000002494,CUST0306,2024-10-28,FF-623,18,390000,Debit Card,4.0,Completed,"Great product, will order again"
TX_0000002666,CUST0323,2025-08-13,QX-315,26,447000,Cash,29.0,Completed,
TX_0000006869,CUST0835,2024-12-26,OW-920,6,316000,E-wallet,14.0,Completed,"Item matches picture, very satisfied"
TX_0000004407,CUST0533,2025-02-16,VN-178,7,472000,E-wallet,1.0,Completed,
TX_0000006034,CUST0729,2025-03-05,EI-666,2,497000,Credit Card,49.0,Refunded,"Seller communicative, item is good"
TX_0000005832,CUST0703,2025-03-16,QK-529,26,461000,E-wallet,29.0,Completed,A bit disappointing for this price
TX_0000002335,CUST0287,2025-06-02,WI-782,9,1400,Cash,0.0,Cancelled,Product doesn't match picture
TX_0000008161,CUST0996,2024-11-12,TH-551,15,197000,Debit Card,30.0,Completed,
TX_0000003620,CUST0434,2024-11-07,CZ-264,34,377000,Credit Card,33.0,Completed,Poor quality for this price
TX_0000003884,CUST0464,2024-11-03,ZY-329,33,170000,Cash,14.0,Completed,
TX_0000007949,CUST0966,2024-11-17,AC-757,14,272000,E-wallet,40.0,Completed,Item arrived safely
TX_0000004212,CUST0509,2025-03-21,WT-743,33,493000,Debit Card,24.0,Completed,"Quality is okay, affordable price"
TX_0000001495,CUST0189,2024-12-13,LF-186,1,168000,Bank Transfer,34.0,Cancelled,
TX_0000002402,CUST0293,2025-09-24,JN-769,19,434000,Debit Card,15.0,Completed,
TX_0000003875,CUST0463,2025-07-11,BR-803,22,845000,Bank Transfer,47.0,Completed,
TX_0000001233,CUST0153,2025-09-21,GJ-409,21,176000,Bank Transfer,34.0,Pending,"Item as ordered, safe packaging"
TX_0000002662,CUST0323,2025-04-06,QD-796,38,183000,Cash,42.0,Completed,"Original item, fast shipping"
TX_0000002818,CUST0343,2025-08-16,CN-927,16,387000,E-wallet,47.0,Completed,Disappointed with item quality
TX_0000005610,CUST0682,2024-10-31,QU-655,2,374000,Bank Transfer,45.0,Completed,Bit disappointing from the photo
TX_0000007493,CUST0908,2025-02-21,JP-490,7,424000,Bank Transfer,20.0,Completed,
TX_0000008066,CUST0981,2024-10-25,JS-676,28,311000,Credit Card,41.0,Completed,
TX_0000006514,CUST0786,2025-01-23,JC-397,29,1082000,Credit Card,7.0,Completed,
TX_0000004154,CUST0503,2024-11-13,HJ-317,19,286000,Debit Card,18.0,Completed,
TX_0000006121,CUST0739,2025-03-22,EG-702,19,222000,Credit Card,23.0,Completed,
TX_0000003062,CUST0373,2024-11-12,KQ-613,28,407000,Cash,10.0,Completed,
TX_0000007004,CUST0852,2025-08-25,US-622,35,170000,Cash,38.0,Cancelled,
TX_0000008114,CUST0987,2024-11-17,XU-437,23,191000,Debit Card,5.0,Refunded,Friendly and professional service
TX_0000001736,CUST0214,2024-11-12,CV-033,25,104000,Bank Transfer,,Completed,Won't buy here again
TX_0000002824,CUST0344,2024-10-22,QU-789,25,93000,Cash,4.0,Completed,
TX_0000006262,CUST0759,2025-09-08,EL-314,17,376000,Credit Card,25.0,Completed,"Quality product, attractive packaging"
TX_0000005637,CUST0685,2024-11-13,SQ-650,33,111000,Debit Card,16.0,Completed,Shipping delayed but item is good
TX_0000002476,CUST0304,2025-01-28,GY-530,10,166000,Bank Transfer,33.0,Completed,
TX_0000002565,CUST0314,2025-06-28,AO-977,38,178000,Bank Transfer,45.0,Cancelled,
TX_0000008174,CUST0997,2024-11-14,XC-840,25,171000,Credit Card,19.0,Completed,
TX_0000006901,CUST0838,2024-11-07,RK-738,26,204000,Cash,13.0,Completed,"Item damaged upon arrival, disappointed"
TX_0000006349,CUST0768,2025-08-11,CA-255,35,267000,Bank Transfer,2.0,Pending,
TX_0000000708,CUST0088,2024-12-18,FT-207,12,374000,Bank Transfer,12.0,Completed,Friendly and professional service
TX_0000003047,CUST0372,2025-04-05,NQ-306,8,239000,Cash,40.0,Refunded,
TX_0000006991,CUST0851,2024-12-09,AW-934,40,354000,Bank Transfer,31.0,Completed,"Thank you, very recommended"
TX_0000005190,CUST0626,2025-02-06,GV-805,34,154000,E-wallet,15.0,Completed,
TX_0000006268,CUST0760,2025-03-12,MV-539,22,127000,Debit Card,34.0,Completed,Shipping delayed but item is good
TX_0000005473,CUST0664,2025-02-24,MT-438,20,420000,Debit Card,7.0,Completed,Recommended seller
TX_0000000073,CUST0010,2025-06-14,KK-362,21,364000,Bank Transfer,29.0,Refunded,Slightly defective but still usable
TX_0000004449,CUST0538,2025-01-01,JC-521,16,168000,Credit Card,46.0,Completed,
TX_0000004840,CUST0583,2024-07-13,FP-562,22,146000,Credit Card,15.0,Completed,
TX_0000007674,CUST0933,2024-11-29,GR-145,24,116000,Bank Transfer,46.0,Completed,Price matches quality
TX_0000005102,CUST0617,2025-03-27,WM-646,16,141000,E-wallet,,Completed,
TX_0000001191,CUST0148,2025-09-24,KB-646,21,143000,Cash,47.0,Completed,
TX_0000002602,CUST0318,2025-02-15,YC-032,11,295000,Credit Card,,Cancelled,
TX_0000001126,CUST0138,2025-08-18,MH-189,8,310000,E-wallet,32.0,Pending,"100% original item, recommended"
TX_0000001242,CUST0155,2025-02-22,BG-799,9,328000,Cash,39.0,Completed,"Poor product, requesting refund"
TX_0000007348,CUST0891,2025-01-24,VU-822,17,377000,Debit Card,12.0,Refunded,
TX_0000006763,CUST0820,2025-01-18,DM-073,21,204000,Bank Transfer,28.0,Cancelled,
TX_0000006161,CUST0744,2025-01-28,KE-611,5,496000,Debit Card,28.0,Completed,
TX_0000003352,CUST0406,2024-12-29,NM-878,23,37000,Debit Card,40.0,Completed,
TX_0000005095,CUST0616,2024-12-26,DB-088,25,254000,E-wallet,36.0,Completed,"Amazing product, exceeds expectations"
TX_0000004009,CUST0481,2024-11-08,BV-626,34,226000,Credit Card,25.0,Completed,
TX_0000001578,CUST0197,2024-11-26,RP-277,17,262000,E-wallet,32.0,Completed,
TX_0000003907,CUST0466,2024-12-13,RN-860,27,281000,Bank Transfer,19.0,Completed,
TX_0000003730,CUST0447,2025-03-02,TA-077,30,402000,E-wallet,26.0,Completed,
TX_0000004359,CUST0525,2024-11-24,SF-515,16,133000,Cash,49.0,Completed,
TX_0000001344,CUST0167,2025-05-05,BY-324,19,309000,E-wallet,47.0,Completed,
TX_0000008181,CUST0997,2024-11-19,CA-122,25,325000,Debit Card,39.0,Completed,
TX_0000006245,CUST0756,2025-02-19,ES-666,12,464000,Debit Card,37.0,Cancelled,
TX_0000000441,CUST0058,2025-02-14,GJ-326,20,290000,E-wallet,11.0,Cancelled,
TX_0000001101,CUST0135,2025-08-12,FY-696,19,337000,Credit Card,19.0,Completed,"Product meets expectations, will buy again"
TX_0000002638,CUST0321,2024-06-30,IF-967,24,64000,Debit Card,23.0,Completed,
TX_0000006518,CUST0786,2024-11-25,YK-034,27,106000,Bank Transfer,6.0,Completed,A bit overpriced in my opinion
TX_0000000650,CUST0080,2025-06-18,DA-455,20,62000,Debit Card,32.0,Completed,
TX_0000001547,CUST0194,2025-01-20,LF-605,18,248000,Bank Transfer,23.0,Completed,
TX_0000006247,CUST0757,2025-03-02,MG-501,18,497000,Credit Card,11.0,Completed,
TX_0000006267,CUST0760,2024-11-22,PV-527,21,389000,Credit Card,48.0,Completed,"Quality matches the price, decent enough"
TX_0000002853,CUST0348,2025-09-17,DT-671,18,493000,Debit Card,,Pending,"Competitive price, decent quality"
TX_0000003504,CUST0423,2025-08-17,CT-093,22,262000,Credit Card,50.0,Completed,Friendly and professional service
TX_0000007659,CUST0931,2025-05-14,CY-217,19,188000,Bank Transfer,22.0,Pending,
TX_0000000631,CUST0079,2025-09-08,QZ-485,33,177000,Bank Transfer,23.0,Completed,
TX_0000004769,CUST0573,2024-11-25,KE-680,2,339000,Cash,20.0,Completed,High quality product
TX_0000001250,CUST0155,2025-09-01,TW-285,17,76000,Debit Card,30.0,Completed,
TX_0000007677,CUST0933,2025-09-16,MS-660,25,328000,Debit Card,6.0,Completed,"Responsive seller, good problem solving"
TX_0000000483,CUST0063,2025-06-25,SD-248,27,137000,E-wallet,18.0,Completed,
TX_0000001585,CUST0198,2025-09-21,WL-603,22,311000,Credit Card,28.0,Completed,
TX_0000004677,CUST0561,2025-03-24,FK-028,14,67000,Cash,,Completed,Good product for this price range
TX_0000001463,CUST0185,2025-03-06,XV-473,17,101000,Cash,3.0,Cancelled,
TX_0000003041,CUST0371,2025-03-28,ZB-172,4,218000,Credit Card,0.0,Completed,"Fast shipping, neat packaging"
TX_0000005011,CUST0606,2025-03-01,CJ-993,36,245000,Debit Card,29.0,Completed,
TX_0000007578,CUST0921,2024-12-23,GZ-251,31,233000,Credit Card,35.0,Completed,
TX_0000003274,CUST0396,2025-02-15,SW-775,17,34000,Debit Card,35.0,Completed,
TX_0000003684,CUST0441,2025-07-13,GW-892,14,373000,Debit Card,22.0,Cancelled,"Thick bubble wrap packaging, safe"
TX_0000004146,CUST0502,2025-02-11,TY-254,16,154000,E-wallet,2.0,Completed,
TX_0000007303,CUST0886,2025-08-03,HW-640,30,106000,Debit Card,14.0,Completed,Responsive and helpful seller
TX_0000004955,CUST0599,2024-11-15,VW-661,24,252000,E-wallet,28.0,Completed,
TX_0000003226,CUST0391,2025-08-24,TX-787,30,407000,Credit Card,49.0,Completed,Very satisfied with this purchase
TX_0000001073,CUST0131,2024-11-14,QZ-693,15,170000,E-wallet,18.0,Completed,Poor quality for this price
TX_0000004816,CUST0579,2024-11-30,AT-666,21,187000,Bank Transfer,46.0,Completed,
TX_0000002632,CUST0320,2025-02-15,BT-113,2,18000,Bank Transfer,22.0,Completed,"Great product, will order again"
TX_0000001661,CUST0207,2025-09-19,KM-940,3,429000,Credit Card,43.0,Completed,
TX_0000002426,CUST0297,2025-02-18,ZR-814,20,199000,Bank Transfer,28.0,Completed,
TX_0000005080,CUST0614,2024-11-12,ZO-886,23,726000,E-wallet,19.0,Completed,
TX_0000006908,CUST0838,2025-03-05,CE-140,21,150000,Debit Card,43.0,Completed,
TX_0000007151,CUST0867,2025-05-03,EG-950,32,466000,E-wallet,45.0,Cancelled,"Super fast shipping, thanks"
TX_0000003098,CUST0379,2025-04-18,WJ-026,40,151000,Bank Transfer,22.0,Completed,"Item matches picture, very satisfied"
TX_0000003977,CUST0476,2025-07-04,IK-950,32,481000,E-wallet,38.0,Completed,"Safe packaging, not damaged"
TX_0000007341,CUST0890,2025-01-08,FB-816,24,440000,Bank Transfer,33.0,Completed,
TX_0000007784,CUST0948,2025-09-22,OZ-431,20,273000,Debit Card,,Completed,"Item matches picture, very satisfied"
TX_0000005905,CUST0714,2025-06-11,LG-724,27,208000,Credit Card,1.0,Completed,
TX_0000005482,CUST0665,2025-07-26,NV-740,21,481000,Bank Transfer,43.0,Completed,
TX_0000006502,CUST0785,2025-09-15,IK-140,21,270000,Bank Transfer,43.0,Completed,
TX_0000005496,CUST0666,2025-04-22,JC-663,2,143000,Credit Card,8.0,Completed,"Fast shipping, neat packaging"
TX_0000005292,CUST0641,2025-02-14,BX-872,38,441000,Cash,24.0,Completed,Product doesn't match picture
TX_0000001409,CUST0178,2025-03-18,MI-453,8,113000,Bank Transfer,23.0,Refunded,Response was slow but item is good
TX_0000001846,CUST0227,2025-03-01,DS-365,16,253000,Debit Card,36.0,Completed,
TX_0000001799,CUST0220,2025-02-15,WD-341,25,408000,Bank Transfer,,Completed,
TX_0000003958,CUST0474,2025-09-07,KI-050,37,221000,E-wallet,33.0,Cancelled,
TX_0000001476,CUST0187,2024-11-22,VD-183,13,269000,Credit Card,12.0,Cancelled,"Great product, will order again"
TX_0000005953,CUST0720,2025-06-24,EQ-652,19,283000,Debit Card,16.0,Completed,"Product not original, very disappointed"
TX_0000000036,CUST0005,2025-08-23,CM-694,18,401000,Bank Transfer,30.0,Completed,
TX_0000006249,CUST0757,2025-03-22,KU-588,3,260000,Credit Card,35.0,Completed,
TX_0000000445,CUST0058,2025-01-05,MU-292,15,418000,E-wallet,39.0,Completed,
TX_0000002360,CUST0290,2025-05-19,NU-194,6,74000,Debit Card,14.0,Completed,
TX_0000003655,CUST0437,2025-06-28,JI-451,24,211000,Credit Card,,Cancelled,
TX_0000006447,CUST0780,2024-11-27,WJ-108,12,340000,Credit Card,41.0,Completed,Premium quality at affordable price
TX_0000003180,CUST0387,2024-11-05,PY-070,14,106000,Credit Card,6.0,Cancelled,
TX_0000001287,CUST0160,2024-11-17,QP-115,23,386000,Cash,15.0,Completed,
TX_0000007108,CUST0861,2025-02-18,QU-805,25,387000,Bank Transfer,0.0,Completed,
TX_0000004446,CUST0537,2025-01-14,EE-858,2,162000,E-wallet,29.0,Completed,
TX_0000003417,CUST0413,2024-09-29,CH-929,18,289000,E-wallet,10.0,Completed,
TX_0000002138,CUST0262,2025-01-03,RW-426,18,166000,Bank Transfer,23.0,Completed,Bit overpriced but quality is okay
TX_0000002637,CUST0320,2025-03-23,MG-028,11,154000,Bank Transfer,45.0,Completed,
TX_0000004017,CUST0482,2024-10-26,FE-735,10,110000,E-wallet,13.0,Cancelled,"Good product, meets expectations"
TX_0000008082,CUST0983,2025-03-03,BC-537,16,282000,Cash,20.0,Completed,"Original item, fast shipping"
TX_0000001682,CUST0209,2025-09-23,PI-962,2,411000,E-wallet,39.0,Completed,
TX_0000007811,CUST0950,2025-07-22,NP-110,31,458000,Bank Transfer,40.0,Cancelled,
TX_0000007349,CUST0891,2024-10-02,YG-749,6,320000,Credit Card,21.0,Completed,"Item matches picture, very satisfied"
TX_0000005276,CUST0638,2025-08-19,UN-009,35,324000,Credit Card,22.0,Completed,
TX_0000001693,CUST0210,2024-12-22,PB-947,40,397000,Bank Transfer,0.0,Completed,Bit disappointing from the photo
TX_0000006063,CUST0733,2025-03-21,RW-735,6,43000,Cash,50.0,Completed,
TX_0000006533,CUST0790,2025-01-30,JE-592,22,351000,E-wallet,47.0,Completed,Very slow shipping
TX_0000003636,CUST0738,2024-11-24,RU-662,23,238000,E-wallet,12.0,Completed,
TX_0000000373,CUST0050,2025-01-09,HL-584,34,380000,E-wallet,42.0,Completed,Poor quality for this price
TX_0000006309,CUST0765,2025-08-01,IN-662,37,440000,E-wallet,5.0,Completed,Response was slow but item is good
TX_0000005454,CUST0661,2025-09-08,DF-890,33,355000,Bank Transfer,10.0,Cancelled,
TX_0000004883,CUST0588,2025-01-07,WZ-500,10,320000,Cash,30.0,Completed,
TX_0000007770,CUST0946,2024-12-17,SB-436,22,430000,Bank Transfer,11.0,Completed,Product doesn't match picture
TX_0000000141,CUST0017,2024-12-03,CQ-411,37,1672000,E-wallet,,Completed,"Honest seller, item as described"
TX_0000004885,CUST0588,2025-03-28,VY-398,13,469000,E-wallet,14.0,Completed,
TX_0000004420,CUST0534,2025-02-16,JW-081,8,454000,Debit Card,7.0,Completed,
TX_0000007641,CUST0929,2025-07-05,FL-834,34,335000,Bank Transfer,13.0,Completed,"Product meets expectations, great"
TX_0000007110,CUST0862,2024-12-11,JE-891,21,400,Cash,21.0,Completed,"Standard quality, reasonable price"
TX_0000000715,CUST0090,2025-04-30,GW-669,4,297000,Credit Card,,Completed,Doesn't match my expectations
TX_0000005244,CUST0633,2025-03-03,LK-706,38,126000,Debit Card,29.0,Refunded,Very satisfied with this purchase
TX_0000003189,CUST0387,2024-10-05,VD-526,5,266000,Debit Card,37.0,Pending,
TX_0000007245,CUST0878,2025-05-11,ZF-873,35,219000,Credit Card,28.0,Completed,
TX_0000004432,CUST0536,2024-11-23,AO-622,36,59000,Debit Card,3.0,Refunded,Shipping delayed but item is good
TX_0000005757,CUST0696,2025-02-12,RT-512,36,373000,Bank Transfer,26.0,Completed,
TX_0000000407,CUST0054,2025-02-04,OM-277,21,465000,E-wallet,7.0,Completed,"Slow shipping, ordinary item"
TX_0000000021,CUST0004,2025-09-02,TK-278,21,367000,E-wallet,26.0,Completed,
TX_0000001005,CUST0123,2024-11-04,GH-196,16,180000,Credit Card,44.0,Completed,
TX_0000004987,CUST0604,2025-01-08,RK-973,28,135000,E-wallet,18.0,Refunded,Standard quality for the price
TX_0000002412,CUST0294,2025-07-18,TJ-950,19,35000,Cash,25.0,Completed,Very slow shipping
TX_0000002546,CUST0313,2024-01-20,RT-149,17,352000,Debit Card,32.0,Completed,A bit expensive but worth the quality
TX_0000006157,CUST0744,2025-02-04,ZN-380,3,443000,Credit Card,4.0,Completed,
TX_0000002391,CUST0292,2025-07-20,JE-571,15,325000,Debit Card,6.0,Completed,
TX_0000006590,CUST0797,2025-09-08,II-877,33,132000,E-wallet,46.0,Completed,Item arrived safely
TX_0000000043,CUST0006,2025-08-24,RW-971,36,257000,Credit Card,24.0,Completed,
TX_0000002831,CUST0345,2025-01-09,IS-259,37,338000,Bank Transfer,37.0,Cancelled,
TX_0000003372,CUST0408,2024-11-30,KU-754,21,116000,Debit Card,18.0,Completed,
TX_0000003023,CUST0369,2025-03-22,VS-245,15,317000,Bank Transfer,5.0,Completed,
TX_0000003365,CUST0407,2024-12-25,IV-753,25,240000,Cash,43.0,Completed,
TX_0000004400,CUST0532,2024-10-30,YL-148,22,350000,E-wallet,49.0,Completed,"Defective item, please replace"
TX_0000005253,CUST0634,2024-10-23,QG-496,20,213000,Bank Transfer,32.0,Completed,"Item matches picture, very satisfied"
TX_0000000012,CUST0003,2025-08-21,JV-076,16,214000,Bank Transfer,43.0,Cancelled,
TX_0000004761,CUST0573,2025-01-09,WE-001,11,243000,Debit Card,49.0,Completed,
TX_0000001178,CUST0145,2025-02-14,LS-037,2,423000,E-wallet,19.0,Completed,"Good quality, competitive price"
TX_0000001948,CUST0237,2024-11-11,LR-063,38,401000,Cash,46.0,Completed,
TX_0000002502,CUST0307,2025-05-23,BL-838,26,297000,E-wallet,45.0,Completed,
TX_0000007120,CUST0864,2025-02-28,ZR-292,9,129000,Bank Transfer,33.0,Completed,"Good quality, competitive price"
TX_0000002864,CUST0351,2025-09-20,GF-896,20,368000,Cash,35.0,Completed,
TX_0000003866,CUST0462,2025-08-04,NE-872,20,222000,Bank Transfer,46.0,Completed,
TX_0000001027,CUST0127,2025-07-02,SV-290,33,276000,Bank Transfer,27.0,Completed,
TX_0000003849,CUST0459,2025-05-28,NP-801,22,49000,Cash,41.0,Completed,
TX_0000002990,CUST0366,2025-02-28,FU-017,28,418000,Cash,44.0,Completed,Fast response from seller
TX_0000000962,CUST0120,2025-06-12,LF-672,32,106000,Cash,13.0,Completed,
TX_0000002890,CUST0355,2025-09-16,RF-938,38,179000,E-wallet,19.0,Completed,Disappointed with item quality
TX_0000003016,CUST0369,2024-12-26,EB-596,39,123000,Cash,31.0,Completed,
TX_0000003339,CUST0405,2024-11-17,VL-642,38,397000,Bank Transfer,38.0,Completed,"Packaging not neat, but item is okay"
TX_0000005810,CUST0702,2025-01-26,CW-549,18,203000,E-wallet,40.0,Completed,
TX_0000000736,CUST0093,2025-01-15,MK-558,17,183000,Debit Card,7.0,Completed,
TX_0000004401,CUST0532,2025-02-04,AR-369,25,490000,Bank Transfer,22.0,Completed,
TX_0000001441,CUST0183,2025-03-07,ZX-406,13,147000,Cash,47.0,Completed,
TX_0000007803,CUST0949,2025-02-18,HN-958,32,440000,Bank Transfer,7.0,Completed,
TX_0000002876,CUST0353,2025-09-19,VM-049,24,359000,Bank Transfer,15.0,Completed,
TX_0000003987,CUST0477,2025-09-17,ZT-090,40,106000,Credit Card,8.0,Completed,Slightly defective but still usable
TX_0000000917,CUST0116,2024-11-25,MG-324,36,196000,Debit Card,45.0,Completed,
TX_0000006840,CUST0830,2025-07-17,GB-908,34,1492000,Bank Transfer,15.0,Completed,
TX_0000006913,CUST0840,2025-02-02,MS-178,29,153000,Debit Card,7.0,Completed,"Slow shipping, ordinary item"
TX_0000004090,CUST0494,2025-03-06,FK-596,23,173000,Credit Card,45.0,Completed,
TX_0000007995,CUST0970,2024-10-29,GG-807,33,453000,Bank Transfer,14.0,Completed,Poor quality for this price
TX_0000007030,CUST0855,2025-08-15,RU-043,25,350000,Debit Card,19.0,Completed,"Standard quality, reasonable price"
TX_0000002773,CUST0336,2025-03-25,WL-534,21,15000,E-wallet,36.0,Pending,"Quality is okay, affordable price"
TX_0000001625,CUST0203,2024-12-28,PX-682,26,330000,Debit Card,5.0,Completed,Item arrived safely
TX_0000006504,CUST0785,2025-09-19,IY-978,37,472000,Cash,46.0,Refunded,Very slow shipping
TX_0000000822,CUST0104,2025-09-23,NG-835,20,263000,Credit Card,16.0,Completed,
TX_0000001368,CUST0169,2024-10-28,IG-089,17,163000,Credit Card,21.0,Completed,
TX_0000003713,CUST0445,2024-09-25,FP-315,17,368000,Credit Card,16.0,Completed,
TX_0000007969,CUST0968,2025-08-15,NL-936,18,223000,Credit Card,14.0,Completed,
TX_0000007368,CUST0893,2025-07-25,SJ-315,34,361000,Bank Transfer,43.0,Completed,
TX_0000000851,CUST0412,2025-07-13,GI-103,20,437000,E-wallet,33.0,Completed,"Great product, will order again"
TX_0000001001,CUST0123,2024-11-23,MX-145,16,150000,E-wallet,13.0,Cancelled,
TX_0000006109,CUST0737,2025-06-18,JA-716,23,142000,E-wallet,47.0,Completed,Slightly defective but still usable
TX_0000004115,CUST0498,2025-09-24,QC-038,39,1248000,Credit Card,14.0,Completed,
TX_0000001638,CUST0205,2024-11-17,OQ-311,33,357000,E-wallet,9.0,Cancelled,"Friendly seller, item as ordered"
TX_0000001668,CUST0208,2024-11-27,VO-727,18,445000,Bank Transfer,,Completed,"100% original item, recommended"
TX_0000004590,CUST0552,2025-02-04,WI-748,18,397000,Credit Card,46.0,Completed,
TX_0000003174,CUST0386,2025-07-16,JI-268,21,147000,E-wallet,38.0,Cancelled,
TX_0000006252,CUST0757,2025-04-02,EC-091,8,16000,E-wallet,35.0,Completed,Recommended seller
TX_0000001348,CUST0167,2025-01-27,NW-028,40,490000,Credit Card,25.0,Completed,
TX_0000006409,CUST0776,2024-12-22,WX-649,18,343000,Cash,33.0,Completed,
TX_0000003231,CUST0391,2025-03-02,BI-116,28,370000,Bank Transfer,30.0,Completed,
TX_0000006817,CUST0826,2024-11-24,VG-276,39,485000,Bank Transfer,10.0,Completed,
TX_0000008139,CUST0991,2025-07-11,GR-223,22,361000,Bank Transfer,4.0,Completed,
TX_0000004784,CUST0576,2024-09-29,UY-928,20,244000,Debit Card,42.0,Completed,Product matches description
TX_0000008083,CUST0983,2025-03-06,UD-241,26,340000,Bank Transfer,9.0,Completed,Doesn't meet expectations
TX_0000003233,CUST0391,2024-12-27,GD-080,24,401000,Bank Transfer,35.0,Completed,Response was slow but item is good
TX_0000005705,CUST0693,2025-07-22,IA-634,8,463000,Credit Card,36.0,Completed,
TX_0000006708,CUST0812,2025-06-28,NG-462,26,135000,Credit Card,26.0,Completed,
TX_0000000704,CUST0087,2025-09-19,OX-818,13,376000,Debit Card,4.0,Completed,Fast response from seller
TX_0000005106,CUST0618,2024-11-30,JU-151,23,216000,Cash,4.0,Completed,"Defective item, please replace"
TX_0000006539,CUST0791,2024-12-28,EP-340,37,375000,Bank Transfer,,Completed,
TX_0000003292,CUST0399,2025-07-03,TT-344,28,307000,Cash,9.0,Completed,
TX_0000003674,CUST0440,2024-12-03,EC-338,33,1899000,Credit Card,16.0,Completed,
TX_0000002409,CUST0293,2025-08-16,CH-151,23,350000,Cash,18.0,Completed,
TX_0000007565,CUST0918,2025-09-15,XD-934,10,12000,Bank Transfer,13.0,Cancelled,Quality below expectations
TX_0000001328,CUST0165,2025-09-22,TP-193,17,384000,Cash,35.0,Completed,
TX_0000007634,CUST0928,2025-08-27,KX-921,15,476000,Credit Card,30.0,Completed,Responsive and helpful seller
TX_0000005407,CUST0657,2025-07-24,IP-648,35,153000,Bank Transfer,38.0,Completed,
TX_0000006723,CUST0813,2025-02-26,QX-834,30,212000,Debit Card,13.0,Cancelled,
TX_0000004910,CUST0592,2024-09-30,WP-648,39,281000,Debit Card,2.0,Completed,"Good quality, competitive price"
TX_0000004441,CUST0537,2024-04-30,TP-895,19,88000,Credit Card,,Completed,Original and quality item
TX_0000006849,CUST0831,2025-02-03,YS-677,16,156000,Debit Card,31.0,Completed,Bit overpriced but quality is okay
TX_0000000987,CUST0122,2025-01-10,XS-295,40,323000,Cash,19.0,Completed,
TX_0000006516,CUST0786,2024-07-17,QK-920,22,232000,Debit Card,29.0,Completed,
TX_0000007444,CUST0902,2024-12-19,BX-503,22,496000,E-wallet,46.0,Cancelled,
TX_0000007050,CUST0857,2024-10-08,LQ-775,17,210000,Cash,8.0,Completed,"Defective item, please replace"
TX_0000006787,CUST0823,2025-01-15,XT-935,18,403000,Bank Transfer,,Refunded,
TX_0000004050,CUST0488,2025-07-13,WO-227,14,276000,Bank Transfer,25.0,Completed,"Honest seller, item as described"
TX_0000003486,CUST0421,2025-01-13,VL-755,27,185000,Debit Card,33.0,Completed,
TX_0000002475,CUST0304,2025-01-09,XW-292,3,120000,Cash,23.0,Completed,"Fast shipping, neat packaging"
TX_0000005239,CUST0633,2024-10-21,CI-231,33,420000,Bank Transfer,11.0,Completed,"Item as ordered, safe packaging"
TX_0000003874,CUST0463,2025-03-12,CK-154,21,470000,Cash,27.0,Completed,"Good product, meets expectations"
TX_0000001199,CUST0149,2025-01-04,XF-976,27,254000,Bank Transfer,23.0,Completed,"Super fast shipping, thanks"
TX_0000004182,CUST0507,2025-03-09,TQ-546,35,406000,Debit Card,37.0,Completed,Good product for this price range
TX_0000001519,CUST0191,2025-07-20,IE-621,36,434000,Bank Transfer,4.0,Completed,
TX_0000007619,CUST0926,2025-01-09,UN-117,17,447000,E-wallet,42.0,Completed,
TX_0000005478,CUST0664,2024-10-23,WF-200,20,497000,Credit Card,50.0,Completed,
TX_0000001800,CUST0220,2025-01-04,GU-671,34,470000,Cash,21.0,Completed,"Safe packaging, not damaged"
TX_0000001015,CUST0126,2025-02-11,JJ-231,31,357000,Bank Transfer,6.0,Pending,
TX_0000000129,CUST0016,2025-06-21,EV-617,27,196000,Cash,35.0,Completed,
TX_0000001365,CUST0169,2025-01-25,MA-192,39,108000,Cash,12.0,Completed,"Original item, fast shipping"
TX_0000006318,CUST0765,2025-07-06,CA-910,17,221000,E-wallet,47.0,Completed,Bit overpriced but quality is okay
TX_0000004471,CUST0541,2025-06-05,BS-297,17,446000,Bank Transfer,31.0,Completed,
TX_0000000892,CUST0111,2024-11-18,MP-096,8,602000,Bank Transfer,41.0,Completed,"Good quality, competitive price"
TX_0000002794,CUST0340,2025-07-17,GV-738,28,400000,Cash,30.0,Completed,5 stars for this product
TX_0000007154,CUST0868,2024-10-26,ZL-557,29,228000,Credit Card,19.0,Completed,
TX_0000005456,CUST0662,2025-01-21,WM-544,20,435000,Bank Transfer,4.0,Completed,
TX_0000004404,CUST0532,2025-02-21,YX-345,1,201000,Cash,0.0,Completed,Premium quality at affordable price
TX_0000007908,CUST0961,2025-09-12,KI-267,24,401000,Cash,2.0,Cancelled,
TX_0000007808,CUST0950,2025-07-15,UU-865,26,203000,Debit Card,23.0,Completed,
TX_0000005414,CUST0658,2025-05-23,VE-391,1,136000,Debit Card,10.0,Completed,"Friendly seller, item as ordered"
TX_0000007032,CUST0855,2025-05-19,FN-857,21,1500,Credit Card,43.0,Completed,
TX_0000003250,CUST0394,2025-01-19,FL-022,24,92000,E-wallet,35.0,Completed,
TX_0000006955,CUST0844,2025-08-07,NA-385,26,155000,Debit Card,36.0,Completed,"Quality is okay, affordable price"
TX_0000001209,CUST0151,2025-09-04,AU-799,34,355000,E-wallet,,Completed,"Premium quality product, excellent"
TX_0000003869,CUST0462,2025-08-06,IP-728,15,447000,E-wallet,43.0,Completed,"Quality product, satisfying service"
TX_0000007362,CUST0892,2025-03-20,MC-990,38,227000,E-wallet,27.0,Completed,
TX_0000004066,CUST0490,2025-03-20,MH-172,5,201000,Bank Transfer,,Completed,"100% original item, recommended"
TX_0000007012,CUST0853,2025-03-17,AU-736,20,381000,E-wallet,29.0,Completed,
TX_0000006233,CUST0755,2025-01-24,YD-438,4,315000,Credit Card,49.0,Cancelled,"Slow shipping, ordinary item"
TX_0000001240,CUST0154,2025-09-07,YA-368,30,337000,E-wallet,0.0,Completed,
TX_0000002290,CUST0280,2025-03-01,YH-586,20,128000,Cash,50.0,Completed,Size doesn't match expectations
TX_0000002741,CUST0332,2025-07-31,CP-136,23,135000,Credit Card,10.0,Completed,Poor quality for this price
TX_0000000276,CUST0035,2025-02-08,AO-281,4,365000,Bank Transfer,40.0,Completed,
TX_0000004586,CUST0552,2024-10-22,CQ-127,6,136000,Cash,40.0,Completed,
TX_0000001036,CUST0127,2025-09-04,OL-311,28,285000,Debit Card,5.0,Completed,
TX_0000001230,CUST0153,2025-09-20,WS-106,27,130000,Credit Card,18.0,Completed,
TX_0000001009,CUST0125,2024-05-28,XO-701,26,426000,E-wallet,17.0,Completed,
TX_0000006684,CUST0808,2025-09-14,QA-708,31,144000,Credit Card,38.0,Completed,
TX_0000005179,CUST0626,2024-11-08,PG-408,40,252000,Bank Transfer,10.0,Completed,
TX_0000003829,CUST0457,2024-10-29,UA-262,24,317000,Bank Transfer,45.0,Completed,
TX_0000002533,CUST0311,2025-08-02,DA-411,15,454000,Debit Card,8.0,Completed,
TX_0000004294,CUST0518,2024-12-23,UK-064,3,132000,Bank Transfer,1.0,Completed,
TX_0000001059,CUST0129,2025-06-29,UV-455,29,79000,Cash,10.0,Completed,
TX_0000006100,CUST0737,2024-10-27,CN-332,6,306000,Credit Card,14.0,Completed,
TX_0000000282,CUST0036,2025-07-12,JQ-224,28,196000,Cash,,Completed,
TX_0000001044,CUST0128,2025-05-25,ZS-589,40,189000,Cash,10.0,Completed,Item arrived in perfect condition
TX_0000001317,CUST0164,2024-12-25,DQ-108,36,396000,Debit Card,23.0,Completed,"100% original item, recommended"
TX_0000000969,CUST0121,2025-02-06,FS-570,31,140000,Bank Transfer,34.0,Completed,
TX_0000002382,CUST0291,2025-08-26,OY-542,21,442000,Credit Card,47.0,Completed,Shipping a bit slow but good item
TX_0000007168,CUST0869,2024-11-21,CO-471,27,283000,Bank Transfer,16.0,Refunded,5 stars for this product
TX_0000001940,CUST0236,2025-09-01,KL-930,33,366000,Bank Transfer,,Completed,
TX_0000005902,CUST0713,2025-05-30,WI-510,35,403000,Bank Transfer,3.0,Completed,
TX_0000001275,CUST0158,2025-09-17,AQ-165,19,189000,Credit Card,45.0,Completed,"Amazing product, exceeds expectations"
TX_0000000620,CUST0076,2024-11-26,UH-830,23,363000,Cash,30.0,Completed,Responsive and helpful seller
TX_0000005971,CUST0723,2025-09-16,GB-663,20,417000,Bank Transfer,39.0,Completed,
TX_0000001743,CUST0214,2025-06-17,IO-125,40,270000,Credit Card,,Completed,
TX_0000001391,CUST0174,2025-07-05,KD-778,39,350000,Bank Transfer,1.0,Completed,
TX_0000006677,CUST0808,2025-08-16,MA-820,15,460000,Bank Transfer,10.0,Completed,Doesn't match my expectations
TX_0000001580,CUST0197,2024-10-04,EL-066,15,245000,Debit Card,28.0,Completed,Response was slow but item is good
TX_0000001656,CUST0206,2024-10-18,AM-574,21,196000,Debit Card,36.0,Refunded,
TX_0000003569,CUST0430,2025-04-02,YB-418,25,120000,Bank Transfer,2.0,Completed,Price worth it for the quality
TX_0000002353,CUST0288,2024-12-02,FP-116,18,205000,Credit Card,5.0,Completed,
TX_0000002213,CUST0661,2025-09-24,QV-989,23,137000,Credit Card,28.0,Completed,
TX_0000008153,CUST0993,2024-11-21,MC-837,8,183000,Bank Transfer,9.0,Completed,"Safe shipping, nothing damaged"
TX_0000003179,CUST0387,2025-02-06,PX-791,17,364000,Cash,2.0,Completed,Bit disappointing from the photo
TX_0000003193,CUST0387,2024-11-09,KL-378,25,303000,Bank Transfer,44.0,Completed,Quality below expectations
TX_0000001308,CUST0163,2025-08-24,XI-909,19,332000,Bank Transfer,23.0,Completed,"Good product, meets expectations"
TX_0000000576,CUST0072,2024-12-19,HN-088,25,426000,E-wallet,13.0,Completed,"Competitive price, decent quality"
TX_0000002361,CUST0290,2025-01-22,NZ-549,11,455000,Bank Transfer,,Completed,"Good product, meets expectations"
TX_0000005803,CUST0701,2025-08-26,EA-518,27,225000,Debit Card,42.0,Completed,"Honest seller, item as described"
TX_0000001281,CUST0158,2025-04-22,RG-675,12,484000,Bank Transfer,17.0,Cancelled,
TX_0000006671,CUST0807,2025-03-07,XD-406,17,372000,Cash,33.0,Completed,Good product for this price range
TX_0000004958,CUST0601,2024-03-08,KV-992,18,223000,Cash,0.0,Completed,
TX_0000006783,CUST0823,2025-02-07,UA-657,14,124000,Credit Card,34.0,Completed,"Quality product, satisfying service"
TX_0000005725,CUST0694,2025-09-07,AH-255,1,415000,Bank Transfer,34.0,Completed,
TX_0000001994,CUST0243,2025-05-16,BQ-106,2,55000,E-wallet,31.0,Completed,
TX_0000002640,CUST0321,2025-01-07,XJ-486,28,101000,Cash,38.0,Completed,
TX_0000000270,CUST0034,2025-09-08,SX-706,21,282000,Debit Card,33.0,Completed,
TX_0000000630,CUST0079,2024-12-13,PE-061,29,197000,Bank Transfer,8.0,Completed,Premium quality at affordable price
TX_0000006089,CUST0735,2024-11-21,JZ-977,20,213000,Bank Transfer,41.0,Completed,
TX_0000003082,CUST0376,2025-01-18,GN-600,12,16000,Cash,23.0,Completed,
TX_0000003467,CUST0419,2025-09-01,JU-985,25,473000,Cash,23.0,Completed,Original and quality item
TX_0000007473,CUST0905,2025-02-08,NW-082,29,217000,E-wallet,15.0,Completed,
TX_0000004397,CUST0531,2025-08-11,PT-841,13,415000,Credit Card,49.0,Completed,
TX_0000004024,CUST0484,2025-03-06,KZ-421,13,66000,Bank Transfer,26.0,Cancelled,
TX_0000007772,CUST0946,2024-10-15,UB-292,22,295000,E-wallet,41.0,Completed,Item arrived faster than expected
TX_0000005544,CUST0673,2024-10-21,EC-254,18,113000,Debit Card,41.0,Completed,
TX_0000005569,CUST0676,2025-02-06,VT-853,21,428000,E-wallet,12.0,Completed,
TX_0000002047,CUST0250,2025-09-23,FL-584,7,200000,Credit Card,21.0,Completed,
TX_0000004357,CUST0524,2025-03-06,VI-708,22,347000,Bank Transfer,32.0,Completed,
TX_0000006444,CUST0780,2025-03-11,SB-100,8,55000,Cash,7.0,Completed,
TX_0000002114,CUST0258,2025-05-30,MR-080,23,240000,Bank Transfer,7.0,Completed,"Standard quality, reasonable price"
TX_0000000028,CUST0005,2025-09-06,HF-342,20,481000,Cash,24.0,Cancelled,
TX_0000002041,CUST0250,2025-09-18,QU-571,16,475000,Cash,50.0,Completed,Item arrived in perfect condition
TX_0000003929,CUST0469,2025-01-06,LF-800,38,326000,Credit Card,50.0,Completed,
TX_0000007414,CUST0898,2025-03-04,YC-145,25,431000,Bank Transfer,37.0,Completed,Item arrived in perfect condition
TX_0000003217,CUST0390,2025-02-09,HX-080,21,155000,Cash,,Completed,
TX_0000007642,CUST0929,2025-07-16,HB-846,40,124000,Cash,19.0,Completed,
TX_0000003815,CUST0456,2025-07-12,GW-155,35,384000,Credit Card,32.0,Completed,
TX_0000000130,CUST0016,2025-06-29,HO-908,31,318000,E-wallet,24.0,Pending,
TX_0000006093,CUST0736,2024-12-05,AG-870,23,434000,Bank Transfer,24.0,Completed,
TX_0000008047,CUST0980,2024-12-16,BO-377,12,457000,Bank Transfer,10.0,Completed,
TX_0000004600,CUST0553,2024-07-01,FV-960,34,487000,Bank Transfer,8.0,Completed,
TX_0000000014,CUST0003,2024-12-28,HG-872,33,173000,Credit Card,1.0,Completed,Slightly defective but still usable
TX_0000007033,CUST0855,2025-01-09,LQ-723,15,388000,Debit Card,20.0,Completed,A bit disappointing for this price
TX_0000004477,CUST0541,2025-04-06,BI-863,31,175000,E-wallet,38.0,Refunded,
TX_0000001526,CUST0192,2024-02-18,NA-149,19,168000,Bank Transfer,7.0,Completed,
TX_0000002366,CUST0290,2025-01-21,AZ-192,7,308000,Bank Transfer,18.0,Completed,
TX_0000004649,CUST0558,2025-09-21,NB-788,22,424000,Bank Transfer,13.0,Completed,
TX_0000003053,CUST0372,2024-12-01,XW-310,22,325000,Bank Transfer,9.0,Completed,
TX_0000004006,CUST0480,2025-02-12,JB-855,13,83000,E-wallet,43.0,Completed,
TX_0000002341,CUST0287,2025-09-17,PJ-783,10,255000,Cash,3.0,Completed,
TX_0000000375,CUST0051,2025-01-30,BF-546,15,236000,Cash,27.0,Completed,"Product meets expectations, great"
TX_0000005991,CUST0724,2025-03-03,ES-983,21,467000,E-wallet,24.0,Completed,Friendly and professional service
TX_0000007046,CUST0856,2024-11-25,PA-240,29,261000,E-wallet,43.0,Completed,Item arrived in perfect condition
TX_0000000940,CUST0119,2025-03-12,IR-154,24,416000,E-wallet,25.0,Completed,Product matches description
TX_0000007847,CUST0955,2025-01-17,UO-527,26,448000,E-wallet,21.0,Completed,
TX_0000005719,CUST0694,2025-09-12,DI-103,11,447000,Debit Card,11.0,Completed,
TX_0000004574,CUST0551,2024-12-19,QZ-888,39,135000,E-wallet,35.0,Completed,
TX_0000002148,CUST0264,2024-12-04,RW-187,21,278000,Bank Transfer,6.0,Cancelled,"Honest seller, item as described"
TX_0000003592,CUST0432,2025-07-28,QI-597,20,229000,Credit Card,45.0,Completed,
TX_0000007552,CUST0914,2024-11-08,GC-779,40,236000,Debit Card,34.0,Cancelled,"Product meets expectations, great"
TX_0000007448,CUST0902,2024-10-29,PD-228,22,328000,Bank Transfer,28.0,Completed,"Amazing product, exceeds expectations"
TX_0000006993,CUST0852,2025-03-15,NH-259,31,441000,E-wallet,27.0,Completed,
TX_0000003624,CUST0434,2024-11-04,ED-980,32,100000,E-wallet,22.0,Completed,Responsive and helpful seller
TX_0000000530,CUST0069,2025-01-16,AP-436,21,266000,Credit Card,27.0,Completed,
TX_0000003715,CUST0445,2024-12-07,UD-099,17,149000,Debit Card,5.0,Cancelled,
TX_0000006413,CUST0776,2025-02-01,QK-932,30,276000,Bank Transfer,27.0,Completed,
TX_0000004733,CUST0569,2025-07-05,KU-063,32,252000,Bank Transfer,34.0,Completed,Doesn't match my expectations
TX_0000001270,CUST0157,2024-09-30,QI-548,34,345000,E-wallet,35.0,Cancelled,
TX_0000004282,CUST0517,2024-11-05,YY-144,25,429000,Credit Card,50.0,Completed,
TX_0000001395,CUST0175,2025-01-10,YX-569,39,462000,Cash,29.0,Completed,"Quality product, attractive packaging"
TX_0000004851,CUST0584,2025-02-24,EN-347,17,228000,Debit Card,9.0,Completed,
TX_0000004010,CUST0481,2024-11-20,AL-919,26,325000,E-wallet,27.0,Cancelled,
TX_0000004391,CUST0529,2025-07-23,VT-734,39,469000,Credit Card,29.0,Completed,
TX_0000001798,CUST0220,2025-01-08,ZQ-655,16,194000,Credit Card,15.0,Completed,Price matches quality
TX_0000002980,CUST0365,2025-09-15,VS-302,35,236000,E-wallet,33.0,Completed,Doesn't match my expectations
TX_0000001442,CUST0183,2024-12-04,RO-383,7,316000,Debit Card,31.0,Completed,
TX_0000006147,CUST0743,2024-10-31,HO-350,1,237000,Cash,,Completed,Very slow shipping
TX_0000007982,CUST0969,2025-09-22,WL-317,30,203000,Credit Card,33.0,Cancelled,"Quality product, attractive packaging"
TX_0000003812,CUST0456,2024-10-23,FX-290,37,242000,Credit Card,25.0,Completed,"Super fast shipping, thanks"
TX_0000005632,CUST0685,2024-10-20,FO-576,25,418000,Credit Card,30.0,Completed,
TX_0000001274,CUST0158,2025-09-07,UL-446,29,116000,Cash,8.0,Completed,
TX_0000004704,CUST0564,2024-12-12,AE-544,2,85000,Cash,24.0,Completed,
TX_0000001713,CUST0212,2025-02-24,PP-870,11,344000,Credit Card,44.0,Completed,
TX_0000000956,CUST0120,2025-06-01,EH-337,40,462000,Bank Transfer,0.0,Cancelled,Expensive price but worth it
TX_0000006087,CUST0735,2025-06-15,LW-658,8,11000,Credit Card,47.0,Completed,Shipping a bit slow but good item
TX_0000006554,CUST0793,2024-12-19,JL-708,27,318000,E-wallet,14.0,Completed,
TX_0000007256,CUST0880,2024-10-11,OU-485,33,185000,Cash,33.0,Completed,
TX_0000007530,CUST0911,2025-08-06,SV-481,17,154000,Credit Card,15.0,Completed,"Item damaged upon arrival, disappointed"
TX_0000000404,CUST0053,2025-09-12,VZ-044,10,397000,Credit Card,42.0,Completed,"Great product, will order again"
TX_0000002072,CUST0254,2025-03-05,ES-253,4,202000,Cash,,Completed,
TX_0000007791,CUST0948,2025-03-11,HM-937,24,377000,E-wallet,1.0,Completed,
TX_0000001978,CUST0241,2025-01-02,TX-605,15,339000,E-wallet,,Completed,
TX_0000000159,CUST0020,2024-12-22,WV-442,27,445000,Credit Card,1.0,Completed,A bit overpriced in my opinion
TX_0000005845,CUST0705,2024-11-19,ON-078,33,253000,Bank Transfer,36.0,Completed,
TX_0000003889,CUST0464,2024-12-07,WS-696,25,485000,Debit Card,40.0,Completed,"Original item, fast shipping"
TX_0000005452,CUST0661,2025-09-15,FH-212,28,494000,Cash,17.0,Completed,
TX_0000000903,CUST0113,2025-02-07,LS-889,36,170000,Bank Transfer,37.0,Completed,"Friendly seller, item as ordered"
TX_0000000353,CUST0047,2023-10-17,TW-739,31,387000,Bank Transfer,20.0,Completed,
TX_0000005327,CUST0648,2025-05-25,EY-090,29,256000,Credit Card,25.0,Cancelled,"Product meets expectations, great"
TX_0000004541,CUST0548,2025-02-05,TH-007,40,274000,Debit Card,,Completed,Won't buy here again
TX_0000004131,CUST0501,2024-10-08,UF-502,22,374000,Cash,40.0,Completed,
TX_0000000755,CUST0094,2024-11-25,OR-695,8,162000,Cash,16.0,Completed,
TX_0000005834,CUST0704,2024-04-26,LW-559,4,202000,Credit Card,11.0,Completed,
TX_0000002972,CUST0364,2025-06-22,PX-609,36,478000,Credit Card,22.0,Cancelled,
TX_0000008163,CUST0996,2025-03-13,QA-612,33,403000,Debit Card,10.0,Completed,"Good product, meets expectations"
TX_0000002921,CUST0359,2025-08-20,EM-097,33,263000,Debit Card,32.0,Completed,
TX_0000000312,CUST0041,2025-06-23,NJ-513,35,279000,E-wallet,21.0,Completed,
TX_0000004645,CUST0558,2025-09-21,SB-328,14,20000,Bank Transfer,38.0,Completed,
TX_0000000662,CUST0083,2025-01-31,LR-634,23,185000,E-wallet,29.0,Completed,A bit overpriced in my opinion
TX_0000001990,CUST0242,2024-12-24,XA-137,9,208000,E-wallet,38.0,Completed,
TX_0000003666,CUST0438,2025-01-15,TV-169,24,333000,Cash,15.0,Refunded,
TX_0000000307,CUST0040,2024-11-23,ZH-698,22,350000,Bank Transfer,41.0,Completed,
TX_0000002336,CUST0287,2025-09-24,XY-552,23,186000,E-wallet,27.0,Completed,"Item as ordered, safe packaging"
TX_0000004791,CUST0577,2024-11-06,TL-143,27,321000,Bank Transfer,9.0,Completed,"Quality product, attractive packaging"
TX_0000002357,CUST0289,2025-03-01,PQ-222,1,401000,E-wallet,24.0,Completed,"Item matches picture, very satisfied"
TX_0000003703,CUST0442,2025-02-22,QM-651,15,302000,Credit Card,40.0,Completed,
TX_0000003805,CUST0455,2025-07-11,VG-672,19,70000,Bank Transfer,22.0,Completed,
TX_0000001928,CUST0235,2025-01-25,BI-785,21,133000,Cash,48.0,Completed,
TX_0000007194,CUST0873,2025-05-17,DR-477,40,172000,Bank Transfer,13.0,Completed,"Product not original, very disappointed"
TX_0000003428,CUST0414,2025-07-21,TR-257,28,354000,E-wallet,20.0,Completed,
TX_0000000750,CUST0094,2023-12-10,MI-796,9,323000,Bank Transfer,,Completed,
TX_0000003639,CUST0738,2024-09-29,OP-340,35,184000,Cash,47.0,Completed,"Fast shipping, neat packaging"
TX_0000007800,CUST0949,2025-03-08,TI-225,20,240000,Debit Card,49.0,Cancelled,
TX_0000001267,CUST0157,2025-01-26,EU-070,30,238000,E-wallet,5.0,Completed,
TX_0000006013,CUST0728,2025-05-27,FW-414,26,229000,Bank Transfer,33.0,Completed,Quality below expectations
TX_0000007109,CUST0861,2025-07-15,PZ-426,26,435000,Debit Card,4.0,Completed,
TX_0000007253,CUST0880,2025-01-05,UP-716,27,447000,Debit Card,27.0,Completed,
TX_0000003596,CUST0432,2025-08-03,WO-536,17,219000,Cash,21.0,Completed,
TX_0000002135,CUST0262,2025-01-07,QO-347,17,340000,Credit Card,46.0,Completed,
TX_0000005067,CUST0611,2025-08-15,QL-106,28,445000,Cash,0.0,Completed,Disappointed with item quality
TX_0000004110,CUST0498,2025-09-17,FB-548,19,309000,Cash,35.0,Completed,"Safe shipping, nothing damaged"
TX_0000004970,CUST0602,2025-09-16,PU-872,22,180000,Debit Card,31.0,Completed,
TX_0000004905,CUST0590,2024-10-05,XD-905,27,157000,Credit Card,4.0,Refunded,
TX_0000000515,CUST0067,2025-03-24,SM-477,3,285000,Credit Card,39.0,Completed,
TX_0000007334,CUST0889,2024-12-18,SP-905,7,324000,Credit Card,10.0,Completed,"Item arrived quickly, good condition"
TX_0000000410,CUST0054,2024-12-07,IC-991,25,500000,Credit Card,0.0,Completed,
TX_0000007258,CUST0880,2024-11-04,WD-411,17,457000,Cash,14.0,Completed,
TX_0000008170,CUST0996,2024-11-30,LH-093,25,159000,Debit Card,28.0,Completed,
TX_0000008109,CUST0987,2025-01-25,RB-265,7,115000,Credit Card,50.0,Completed,
TX_0000007105,CUST0861,2024-11-18,NO-876,16,456000,Debit Card,0.0,Completed,Premium quality at affordable price
TX_0000000208,CUST0025,2025-02-20,WI-037,22,482000,Debit Card,31.0,Completed,"Item matches picture, very satisfied"
TX_0000006672,CUST0807,2024-11-16,ZZ-226,21,44000,Credit Card,36.0,Completed,
TX_0000000459,CUST0060,2025-01-20,WG-778,7,92000,Cash,50.0,Completed,
TX_0000002055,CUST0252,2025-06-17,YS-515,9,338000,Credit Card,,Completed,
TX_0000002431,CUST0298,2025-02-20,KR-365,6,44000,Credit Card,30.0,Completed,"Slow shipping, ordinary item"
TX_0000000251,CUST0032,2025-02-23,AG-909,23,455000,Debit Card,9.0,Completed,"Amazing product, exceeds expectations"
TX_0000006998,CUST0852,2025-02-17,TJ-527,32,101000,Debit Card,24.0,Completed,
TX_0000005438,CUST0660,2024-10-05,BZ-952,6,281000,Credit Card,29.0,Completed,"Safe packaging, not damaged"
TX_0000001108,CUST0136,2024-10-06,SI-818,20,498000,Cash,,Completed,"Amazing product, exceeds expectations"
TX_0000006653,CUST0804,2025-03-19,CA-581,26,202000,Debit Card,2.0,Completed,
TX_0000001714,CUST0212,2025-01-18,LH-190,6,305000,Bank Transfer,37.0,Completed,
TX_0000003912,CUST0466,2025-02-21,HB-378,23,129000,Bank Transfer,16.0,Completed,
TX_0000006603,CUST0798,2025-01-04,LY-528,31,347000,Cash,21.0,Completed,"Quality product, attractive packaging"
TX_0000000716,CUST0090,2024-10-26,HX-037,13,389000,Bank Transfer,45.0,Completed,A bit overpriced in my opinion
TX_0000000553,CUST0679,2025-09-20,DD-220,24,2000,Credit Card,33.0,Completed,
TX_0000001440,CUST0182,2025-08-01,BX-513,29,231000,Bank Transfer,7.0,Completed,"Original item, fast shipping"
TX_0000002271,CUST0278,2024-10-08,CV-376,36,265000,Bank Transfer,32.0,Completed,
TX_0000003145,CUST0383,2025-08-20,QU-959,19,396000,Cash,0.0,Completed,"Packaging not neat, but item is okay"
TX_0000007827,CUST0951,2024-11-06,BH-945,12,469000,E-wallet,43.0,Completed,Friendly and professional service
TX_0000001926,CUST0235,2025-02-06,SZ-979,31,432000,Bank Transfer,40.0,Completed,
TX_0000000635,CUST0079,2024-11-29,PB-671,24,280000,Debit Card,16.0,Cancelled,
TX_0000000317,CUST0042,2025-03-07,NI-572,25,278000,Cash,7.0,Completed,"Professional seller, highly recommended"
TX_0000007705,CUST0937,2024-10-21,MA-764,12,464000,Bank Transfer,1.0,Pending,
TX_0000005425,CUST0658,2025-09-15,CJ-001,20,499000,Bank Transfer,19.0,Completed,"Item matches picture, very satisfied"
TX_0000000428,CUST0057,2024-12-15,VX-092,30,368000,Bank Transfer,0.0,Completed,
TX_0000006101,CUST0737,2025-01-01,MP-370,7,85000,Credit Card,,Refunded,
TX_0000000106,CUST0013,2025-07-01,AA-885,23,422000,Bank Transfer,34.0,Completed,
TX_0000003042,CUST0371,2024-11-22,LU-294,9,408000,E-wallet,2.0,Completed,
TX_0000004239,CUST0513,2025-05-31,ZC-426,24,108000,Credit Card,2.0,Refunded,
TX_0000002170,CUST0266,2025-01-26,RK-231,21,446000,Debit Card,48.0,Completed,
TX_0000001710,CUST0212,2024-12-18,DB-404,2,475000,Bank Transfer,13.0,Completed,"Great product, will order again"
TX_0000000090,CUST0012,2024-11-08,LF-145,39,349000,Debit Card,5.0,Completed,
TX_0000002242,CUST0273,2025-08-01,QX-469,29,1965000,Debit Card,6.0,Completed,Item arrived faster than expected
TX_0000003175,CUST0386,2024-03-25,GM-677,18,463000,Cash,22.0,Refunded,
TX_0000006136,CUST0742,2025-05-23,JC-698,38,451000,Bank Transfer,33.0,Completed,"Premium quality, very satisfied"
TX_0000001950,CUST0238,2025-01-12,XW-315,26,423000,Credit Card,27.0,Completed,"Item arrived quickly, good condition"
TX_0000004045,CUST0488,2025-02-26,ZG-955,36,310000,Cash,40.0,Refunded,"Good item, express shipping"
TX_0000007732,CUST0940,2025-01-09,EQ-508,17,389000,Bank Transfer,19.0,Completed,
TX_0000002849,CUST0348,2025-07-30,VK-406,22,249000,Credit Card,9.0,Completed,"Packaging not neat, but item is okay"
TX_0000000002,CUST0002,2025-06-26,JT-700,22,374000,E-wallet,19.0,Completed,
TX_0000004338,CUST0523,2025-09-15,CB-179,25,410000,Bank Transfer,9.0,Cancelled,
TX_0000000936,CUST0118,2025-09-13,RH-497,31,447000,E-wallet,19.0,Completed,
TX_0000007018,CUST0854,2024-10-10,RC-142,23,118000,Bank Transfer,44.0,Completed,
TX_0000002721,CUST0329,2024-10-14,TY-755,5,150000,E-wallet,15.0,Cancelled,
TX_0000005206,CUST0628,2024-11-20,RF-690,26,244000,Credit Card,37.0,Completed,
TX_0000006291,CUST0762,2024-10-19,HS-000,9,298000,E-wallet,43.0,Completed,
TX_0000000592,CUST0073,2025-02-23,GS-330,11,146000,Debit Card,38.0,Completed,
TX_0000007903,CUST0961,2025-06-28,ZR-726,16,221000,Bank Transfer,18.0,Cancelled,A bit disappointing for this price
TX_0000006766,CUST0821,2025-01-08,KR-209,27,114000,Bank Transfer,20.0,Completed,Item arrived in perfect condition
TX_0000002937,CUST0360,2025-07-18,YN-597,22,424000,Credit Card,12.0,Cancelled,
TX_0000002449,CUST0299,2024-10-04,LR-621,21,188000,Debit Card,,Completed,
TX_0000001577,CUST0196,2025-09-23,AM-922,20,378000,Credit Card,7.0,Completed,
TX_0000007198,CUST0873,2024-11-23,EB-144,36,289000,E-wallet,18.0,Completed,
TX_0000006845,CUST0830,2025-06-30,XN-427,23,1085000,Cash,41.0,Completed,"Poor product, requesting refund"
TX_0000000214,CUST0028,2025-04-14,VX-871,4,1300,Bank Transfer,0.0,Refunded,
TX_0000000779,CUST0097,2025-02-11,GV-987,15,393000,Bank Transfer,41.0,Completed,
TX_0000006936,CUST0843,2024-11-09,HA-884,16,168000,Cash,19.0,Completed,
TX_0000003497,CUST0423,2025-07-10,LJ-759,27,280000,Bank Transfer,13.0,Completed,Expensive price but worth it
TX_0000006439,CUST0778,2025-03-04,MV-605,17,337000,Bank Transfer,3.0,Completed,Poor quality for this price
TX_0000002044,CUST0250,2025-09-22,AB-887,16,82000,E-wallet,38.0,Completed,Doesn't meet expectations
TX_0000007440,CUST0902,2025-02-09,QY-488,35,320000,Bank Transfer,36.0,Refunded,"Honest seller, item as described"
TX_0000005421,CUST0658,2025-04-02,MB-192,23,323000,Cash,12.0,Completed,
TX_0000001568,CUST0196,2025-09-23,ER-484,1,393000,Credit Card,13.0,Cancelled,
TX_0000000166,CUST0514,2024-12-05,LR-447,18,123000,Cash,18.0,Completed,
TX_0000004703,CUST0564,2024-10-28,IB-345,21,397000,Cash,35.0,Refunded,
TX_0000003567,CUST0429,2024-11-03,IS-840,15,128000,E-wallet,,Completed,5 stars for this product
TX_0000007843,CUST0954,2025-01-17,RQ-050,5,306000,E-wallet,49.0,Completed,
TX_0000007796,CUST0949,2024-10-24,QC-953,15,428000,Debit Card,,Completed,
TX_0000005440,CUST0660,2024-07-19,BM-923,17,485000,E-wallet,43.0,Completed,
TX_0000002014,CUST0245,2025-08-23,HI-426,17,382000,Cash,23.0,Completed,"Amazing product, highly recommended"
TX_0000000274,CUST0035,2025-01-23,RN-811,10,135000,Credit Card,1.0,Completed,
TX_0000003861,CUST0462,2025-09-22,OR-420,2,59000,Bank Transfer,32.0,Completed,
TX_0000004168,CUST0505,2025-05-14,LL-302,25,182000,Credit Card,5.0,Completed,
TX_0000008102,CUST0986,2025-07-15,WO-182,21,376000,Bank Transfer,13.0,Cancelled,"Professional seller, highly recommended"
TX_0000003789,CUST0453,2024-11-14,DS-554,22,466000,Bank Transfer,7.0,Completed,"Competitive price, decent quality"
TX_0000005184,CUST0626,2025-01-26,NF-991,40,361000,E-wallet,28.0,Completed,
TX_0000000395,CUST0052,2025-08-07,YV-367,13,269000,Bank Transfer,2.0,Completed,
TX_0000000584,CUST0073,2024-11-15,IG-494,31,233000,Credit Card,48.0,Completed,
TX_0000008063,CUST0981,2025-03-22,LD-213,30,437000,Bank Transfer,,Completed,
TX_0000008176,CUST0997,2024-07-26,RA-366,37,159000,Debit Card,4.0,Completed,A bit expensive but satisfied with result
TX_0000007603,CUST0924,2025-06-27,AA-296,36,152000,Credit Card,31.0,Completed,Doesn't match my expectations
TX_0000006740,CUST0817,2025-02-26,FU-795,24,229000,E-wallet,1.0,Completed,
TX_0000007840,CUST0952,2025-01-25,UG-172,24,297000,Bank Transfer,0.0,Completed,
TX_0000006635,CUST0802,2025-01-08,XV-846,17,290000,Debit Card,30.0,Completed,
TX_0000000521,CUST0068,2024-11-19,FE-332,21,398000,Debit Card,14.0,Cancelled,
TX_0000001764,CUST0216,2025-01-25,PW-574,4,280000,Credit Card,4.0,Completed,
TX_0000001876,CUST0229,2025-06-27,WA-670,12,197000,Debit Card,6.0,Pending,Slightly disappointed with the finishing
TX_0000005356,CUST0651,2025-01-22,EV-006,38,397000,Cash,28.0,Completed,Friendly and professional service
TX_0000003966,CUST0474,2025-09-04,RV-633,19,142000,Credit Card,46.0,Completed,
TX_0000003345,CUST0406,2025-08-16,BU-406,6,73000,E-wallet,27.0,Completed,
TX_0000002254,CUST0276,2024-12-04,XR-037,19,488000,Debit Card,8.0,Cancelled,
TX_0000003225,CUST0391,2025-09-24,OP-162,37,314000,Bank Transfer,2.0,Completed,
TX_0000000527,CUST0069,2024-10-07,IN-514,18,183000,Debit Card,44.0,Completed,
TX_0000002947,CUST0361,2024-12-10,GC-772,22,222000,Cash,26.0,Completed,"Seller communicative, item is good"
TX_0000004474,CUST0541,2025-08-04,WS-300,34,494000,Debit Card,15.0,Completed,"Good item, express shipping"
TX_0000003900,CUST0466,2024-09-13,XL-831,26,243000,Bank Transfer,9.0,Completed,
TX_0000005656,CUST0687,2025-06-25,XT-297,21,315000,Cash,,Completed,
TX_0000000693,CUST0086,2025-04-22,BU-289,37,392000,Credit Card,39.0,Completed,
TX_0000007752,CUST0943,2024-10-04,SC-714,26,266000,Debit Card,17.0,Completed,Shipping delayed but item is good
TX_0000004445,CUST0537,2025-01-28,VE-568,19,424000,Cash,18.0,Completed,Expensive price but worth it
TX_0000003634,CUST0738,2025-01-05,MX-751,27,406000,Debit Card,,Completed,"Amazing product, highly recommended"
TX_0000005806,CUST0701,2025-05-14,VR-535,34,121000,E-wallet,38.0,Completed,"Competitive price, decent quality"
TX_0000001051,CUST0128,2024-11-30,GP-115,35,188000,Credit Card,48.0,Completed,
TX_0000000591,CUST0073,2024-11-10,IL-280,24,293000,Cash,25.0,Cancelled,"Competitive price, decent quality"
TX_0000000520,CUST0067,2025-02-01,RO-826,19,234000,Credit Card,23.0,Completed,
TX_0000003381,CUST0409,2025-08-08,UX-685,39,328000,Debit Card,42.0,Completed,
TX_0000003677,CUST0440,2025-01-11,AO-232,33,316000,Debit Card,27.0,Completed,
TX_0000005777,CUST0698,2025-09-03,RV-980,32,108000,Bank Transfer,35.0,Completed,High quality product
TX_0000006756,CUST0820,2025-05-09,HK-144,39,1732000,E-wallet,40.0,Cancelled,Standard quality for the price
TX_0000005180,CUST0626,2024-10-02,ON-407,34,346000,E-wallet,21.0,Completed,
TX_0000001608,CUST0201,2024-03-12,EU-675,17,240000,Cash,13.0,Completed,
TX_0000003611,CUST0433,2025-09-17,GB-297,24,305000,Debit Card,22.0,Completed,
TX_0000007822,CUST0951,2024-11-06,UB-675,18,125000,Bank Transfer,36.0,Completed,Bit disappointing from the photo
TX_0000008197,CUST0999,2025-01-05,GR-964,11,420000,Cash,32.0,Completed,"Amazing product, highly recommended"
TX_0000001810,CUST0221,2025-08-28,BN-570,23,388000,Bank Transfer,0.0,Completed,Product matches description
TX_0000000792,CUST0100,2025-01-23,NU-680,16,296000,Credit Card,26.0,Completed,
TX_0000000793,CUST0100,2025-02-09,WQ-562,27,198000,Cash,48.0,Completed,Responsive and helpful seller
TX_0000006744,CUST0817,2024-12-22,MF-573,28,216000,Cash,26.0,Completed,
TX_0000001856,CUST0228,2024-11-08,JX-513,38,326000,E-wallet,39.0,Completed,"Item matches picture, very satisfied"
TX_0000001981,CUST0241,2024-11-25,UU-453,5,300000,Cash,26.0,Completed,
TX_0000003234,CUST0391,2024-10-31,CV-810,18,348000,Bank Transfer,5.0,Completed,
TX_0000003599,CUST0432,2025-08-25,QI-974,24,127000,Credit Card,6.0,Completed,
TX_0000000934,CUST0118,2025-09-01,HC-572,26,204000,Debit Card,49.0,Completed,
TX_0000003964,CUST0474,2025-08-21,AV-734,25,251000,Cash,,Completed,
TX_0000006112,CUST0738,2024-10-25,VC-741,31,230000,Credit Card,48.0,Completed,
TX_0000005627,CUST0683,2025-02-18,HZ-986,40,141000,Bank Transfer,8.0,Cancelled,
TX_0000005507,CUST0667,2024-12-15,RX-847,29,2000,Credit Card,28.0,Completed,
TX_0000006073,CUST0733,2025-03-19,BQ-274,20,483000,Bank Transfer,2.0,Completed,
TX_0000007613,CUST0924,2025-08-01,KN-992,33,492000,E-wallet,33.0,Completed,
TX_0000004180,CUST0507,2025-02-21,OO-552,36,135000,Debit Card,1.0,Pending,"Product meets expectations, great"
TX_0000004027,CUST0484,2025-03-02,ZB-130,12,260000,Bank Transfer,10.0,Completed,
TX_0000007418,CUST0899,2025-05-28,TZ-389,31,185000,Credit Card,2.0,Completed,"Super fast shipping, thanks"
TX_0000004117,CUST0498,2025-09-23,TK-864,26,280000,E-wallet,23.0,Cancelled,
TX_0000000989,CUST0122,2025-01-02,KV-133,4,175000,Debit Card,32.0,Completed,"Responsive seller, good problem solving"
TX_0000006333,CUST0767,2025-08-08,UM-724,21,195000,Credit Card,14.0,Completed,
TX_0000003454,CUST0416,2025-09-14,LJ-623,18,278000,Bank Transfer,8.0,Completed,"Good quality, competitive price"
TX_0000007492,CUST0908,2025-04-26,ZB-111,15,199000,Cash,14.0,Completed,"Honest seller, item as described"
TX_0000003779,CUST0452,2025-08-27,AA-006,18,50000,Bank Transfer,38.0,Completed,
TX_0000005659,CUST0687,2025-01-31,YO-041,33,1493000,Bank Transfer,17.0,Completed,
TX_0000006878,CUST0835,2024-11-26,XZ-972,3,345000,Bank Transfer,41.0,Completed,
TX_0000003094,CUST0379,2024-12-13,BP-663,35,41000,Cash,28.0,Completed,"Seller communicative, item is good"
TX_0000003156,CUST0383,2025-09-12,BF-508,27,144000,E-wallet,41.0,Completed,Price worth it for the quality
TX_0000005070,CUST0612,2025-02-28,IP-261,36,349000,E-wallet,36.0,Pending,
TX_0000005807,CUST0701,2025-06-01,GC-900,25,381000,E-wallet,2.0,Completed,"Great product, will order again"
TX_0000003202,CUST0388,2025-08-18,YO-000,40,205000,E-wallet,6.0,Completed,
TX_0000007543,CUST0912,2024-11-12,RI-315,22,235000,Bank Transfer,42.0,Refunded,"Poor product, requesting refund"
TX_0000001099,CUST0135,2025-07-31,NZ-900,11,268000,Credit Card,14.0,Completed,
TX_0000007040,CUST0856,2024-11-11,KL-284,25,111000,E-wallet,18.0,Completed,
TX_0000002845,CUST0347,2024-11-22,UA-745,23,1494000,Debit Card,37.0,Completed,Doesn't meet expectations
TX_0000000887,CUST0111,2024-10-10,PT-176,36,426000,Credit Card,28.0,Completed,"Good product, meets expectations"
TX_0000008092,CUST0984,2024-10-06,UW-778,21,382000,Bank Transfer,15.0,Completed,
TX_0000006367,CUST0770,2025-01-07,QK-304,18,254000,Credit Card,25.0,Completed,
TX_0000006097,CUST0737,2025-04-06,IF-452,14,352000,E-wallet,6.0,Cancelled,5 stars for this product
TX_0000000516,CUST0067,2024-11-28,EA-575,2,354000,Credit Card,7.0,Completed,"Good product, meets expectations"
TX_0000007568,CUST0919,2025-03-22,AZ-079,4,354000,Cash,3.0,Completed,
TX_0000004834,CUST0582,2025-07-29,OA-741,6,269000,Debit Card,9.0,Completed,
TX_0000001454,CUST0183,2025-02-22,TZ-935,15,129000,Debit Card,12.0,Completed,
TX_0000003554,CUST0428,2025-04-23,JH-150,25,480000,E-wallet,17.0,Completed,Very slow shipping
TX_0000003610,CUST0433,2024-10-18,UV-557,28,351000,E-wallet,48.0,Completed,"Safe packaging, not damaged"
TX_0000006611,CUST0800,2024-10-04,BG-481,3,118000,Cash,,Completed,
TX_0000004666,CUST0560,2025-05-03,BD-049,19,454000,E-wallet,6.0,Completed,A bit expensive but worth the quality
TX_0000002507,CUST0308,2025-05-30,AX-477,25,264000,Cash,12.0,Completed,"Thick bubble wrap packaging, safe"
TX_0000002995,CUST0366,2024-12-26,JY-531,24,266000,Credit Card,6.0,Completed,Disappointed with item quality
TX_0000004000,CUST0479,2025-01-19,NC-880,35,294000,E-wallet,24.0,Completed,"Product meets expectations, will buy again"
TX_0000007774,CUST0947,2025-02-08,ZV-618,25,383000,Credit Card,11.0,Completed,Slightly disappointed with the finishing
TX_0000000907,CUST0114,2024-12-17,SI-911,21,482000,Debit Card,47.0,Completed,
TX_0000000029,CUST0005,2025-08-04,EI-386,22,208000,Bank Transfer,26.0,Completed,"Premium quality product, excellent"
TX_0000007035,CUST0855,2025-02-07,MC-147,17,230000,E-wallet,5.0,Completed,
TX_0000002508,CUST0308,2025-09-20,JY-914,35,341000,Credit Card,13.0,Completed,
TX_0000002429,CUST0298,2024-11-18,TZ-423,1,413000,Cash,23.0,Completed,
TX_0000005044,CUST0860,2025-09-18,SO-984,31,376000,Cash,29.0,Completed,
TX_0000005347,CUST0650,2024-11-01,ZA-373,20,326000,Debit Card,47.0,Completed,
TX_0000000763,CUST0096,2024-12-15,OH-296,24,488000,Debit Card,46.0,Completed,"Quality is okay, affordable price"
TX_0000003748,CUST0450,2025-05-23,LR-376,30,190000,Cash,50.0,Cancelled,"Slow shipping, ordinary item"
TX_0000004812,CUST0579,2024-10-29,IM-667,21,705000,Credit Card,45.0,Completed,Disappointed with item quality
TX_0000000285,CUST0036,2025-08-25,VP-618,29,278000,Cash,6.0,Completed,
TX_0000000687,CUST0086,2025-06-14,BI-053,24,413000,Debit Card,36.0,Completed,
TX_0000007581,CUST0921,2024-07-17,ZC-469,26,339000,Cash,35.0,Completed,Bit overpriced but quality is okay
TX_0000002354,CUST0288,2024-12-03,GQ-268,21,371000,Credit Card,12.0,Completed,
TX_0000006599,CUST0798,2025-01-07,CR-784,34,279000,Bank Transfer,12.0,Completed,
TX_0000007045,CUST0856,2025-04-21,SR-403,15,365000,Debit Card,32.0,Completed,
TX_0000000022,CUST0004,2025-03-26,BF-283,30,98000,Credit Card,,Completed,Expensive price but worth it
TX_0000002753,CUST0334,2025-03-04,QC-801,15,218000,Credit Card,13.0,Completed,
TX_0000000886,CUST0111,2024-12-05,QZ-882,34,172000,Bank Transfer,11.0,Completed,"Amazing product, exceeds expectations"
TX_0000000918,CUST0116,2025-02-21,FS-966,26,263000,E-wallet,30.0,Completed,
TX_0000001041,CUST0128,2025-02-22,SY-461,16,206000,Bank Transfer,32.0,Completed,Fast response from seller
TX_0000006510,CUST0786,2025-02-01,LH-421,21,228000,Credit Card,38.0,Completed,
TX_0000001266,CUST0157,2024-12-19,UZ-768,34,441000,E-wallet,14.0,Completed,Very satisfied with this purchase
TX_0000004580,CUST0552,2024-12-29,VN-846,2,111000,E-wallet,40.0,Completed,
TX_0000007872,CUST0958,2025-09-22,RC-748,38,315000,E-wallet,47.0,Completed,
TX_0000007629,CUST0928,2025-09-01,AD-719,40,112000,Debit Card,27.0,Completed,
TX_0000000278,CUST0035,2025-01-19,ZF-575,1,386000,E-wallet,47.0,Completed,
TX_0000005085,CUST0614,2025-01-13,JO-088,35,68000,Debit Card,46.0,Completed,Poor quality for this price
TX_0000002085,CUST0256,2024-10-05,ZP-771,23,145000,E-wallet,44.0,Completed,
TX_0000001246,CUST0155,2025-02-14,PJ-128,8,119000,Cash,30.0,Cancelled,Expensive price but worth it
TX_0000002383,CUST0292,2025-08-17,YF-858,28,240000,Bank Transfer,11.0,Completed,"Premium quality, very satisfied"
TX_0000000572,CUST0072,2024-11-10,OQ-317,7,422000,E-wallet,21.0,Completed,
TX_0000001436,CUST0182,2025-08-17,BS-198,17,386000,E-wallet,20.0,Completed,"Safe shipping, nothing damaged"
TX_0000003903,CUST0466,2024-10-26,HG-440,25,139000,E-wallet,22.0,Completed,
TX_0000005090,CUST0615,2024-07-10,QL-250,24,205000,Bank Transfer,9.0,Cancelled,A bit disappointing for this price
TX_0000001248,CUST0155,2025-02-24,NV-957,9,267000,E-wallet,19.0,Completed,Recommended seller
TX_0000006164,CUST0745,2025-08-29,KA-521,33,368000,Debit Card,39.0,Completed,
TX_0000004682,CUST0562,2025-09-16,TR-430,30,166000,Cash,6.0,Completed,"Product meets expectations, great"
TX_0000003527,CUST0425,2025-02-19,HI-685,30,470000,E-wallet,35.0,Completed,
TX_0000002515,CUST0309,2025-08-04,BQ-361,22,292000,E-wallet,27.0,Completed,
TX_0000005446,CUST0661,2025-09-18,DK-800,31,340000,Cash,49.0,Completed,
TX_0000001008,CUST0124,2025-01-16,UU-399,27,140000,Debit Card,39.0,Completed,"100% original item, recommended"
TX_0000004771,CUST0573,2024-11-10,GF-133,20,453000,Credit Card,14.0,Cancelled,"Product not original, very disappointed"
TX_0000004544,CUST0548,2024-11-12,EW-194,23,254000,Debit Card,,Completed,
TX_0000006189,CUST0748,2025-03-16,YF-520,36,350000,Cash,0.0,Completed,Won't buy here again
TX_0000007104,CUST0861,2025-07-09,KR-316,35,370000,Bank Transfer,13.0,Completed,"Item as ordered, safe packaging"
TX_0000002065,CUST0253,2024-10-08,JL-616,33,173000,Bank Transfer,22.0,Completed,"Quality product, satisfying service"
TX_0000005353,CUST0651,2024-12-18,RJ-480,30,406000,Bank Transfer,37.0,Completed,
TX_0000006479,CUST0783,2024-10-10,HL-038,27,301000,E-wallet,8.0,Completed,
TX_0000001691,CUST0209,2025-09-24,HT-678,8,389000,Credit Card,,Cancelled,
TX_0000007078,CUST0741,2025-02-17,XP-002,20,335000,Bank Transfer,46.0,Completed,
TX_0000007451,CUST0904,2025-02-13,CV-631,25,89000,Cash,38.0,Completed,
TX_0000005344,CUST0649,2025-01-25,TO-680,26,154000,Debit Card,39.0,Completed,Slightly defective but still usable
TX_0000001986,CUST0242,2025-01-04,TG-737,8,9000,Bank Transfer,23.0,Cancelled,
TX_0000000295,CUST0039,2025-06-19,HQ-614,20,156000,Credit Card,5.0,Completed,
TX_0000001548,CUST0194,2025-07-09,AN-843,28,296000,Credit Card,22.0,Completed,Doesn't meet expectations
TX_0000002013,CUST0245,2025-08-15,VE-997,30,272000,Cash,43.0,Refunded,
TX_0000000589,CUST0073,2025-02-04,DT-417,28,351000,Credit Card,9.0,Completed,
TX_0000003330,CUST0404,2025-01-27,JH-067,32,231000,Bank Transfer,28.0,Completed,
TX_0000002404,CUST0293,2025-06-04,AF-982,26,111000,E-wallet,20.0,Completed,
TX_0000002130,CUST0261,2025-08-07,DN-789,27,447000,Cash,,Completed,
TX_0000003999,CUST0479,2025-02-12,PJ-765,24,338000,E-wallet,46.0,Completed,
TX_0000007184,CUST0872,2024-12-08,OW-702,5,107000,E-wallet,48.0,Completed,
TX_0000003742,CUST0449,2025-02-05,ZC-829,18,162000,Debit Card,10.0,Completed,
TX_0000003509,CUST0424,2025-09-14,WB-586,20,174000,Cash,24.0,Completed,
TX_0000002720,CUST0329,2025-01-31,WM-163,25,93000,E-wallet,24.0,Refunded,
TX_0000004522,CUST0546,2025-08-08,FR-185,23,476000,Cash,45.0,Cancelled,Standard quality for the price
TX_0000005151,CUST0623,2025-02-03,GT-049,40,212000,E-wallet,36.0,Cancelled,
TX_0000007472,CUST0905,2025-02-15,RG-883,18,216000,Cash,0.0,Completed,"Premium quality product, excellent"
TX_0000007480,CUST0906,2024-11-21,RR-638,21,265000,Credit Card,,Completed,
TX_0000000557,CUST0679,2025-09-20,ZZ-247,23,453000,E-wallet,15.0,Completed,
TX_0000006588,CUST0796,2024-12-18,AF-930,8,380000,Credit Card,20.0,Completed,
TX_0000004796,CUST0578,2025-08-09,XP-310,4,472000,Bank Transfer,16.0,Completed,
TX_0000002470,CUST0303,2024-05-03,WJ-264,17,1268000,Cash,38.0,Completed,Product matches description
TX_0000003739,CUST0449,2025-01-19,GQ-883,36,271000,Bank Transfer,42.0,Completed,
TX_0000004287,CUST0518,2024-12-21,YX-705,16,478000,Cash,5.0,Completed,
TX_0000006751,CUST0818,2025-03-07,EX-935,28,477000,Credit Card,33.0,Completed,"Packaging not neat, but item is okay"
TX_0000005290,CUST0640,2024-12-23,LO-530,31,207000,Debit Card,0.0,Completed,
TX_0000001717,CUST0212,2025-03-12,VK-356,7,455000,Bank Transfer,46.0,Completed,
TX_0000002605,CUST0318,2024-12-03,KU-325,8,66000,Credit Card,13.0,Completed,
TX_0000006762,CUST0820,2024-12-09,ZI-452,39,205000,Credit Card,16.0,Completed,
TX_0000001705,CUST0211,2024-12-19,SM-526,37,340000,E-wallet,25.0,Completed,
TX_0000002140,CUST0262,2024-10-02,MU-853,21,443000,E-wallet,15.0,Completed,
TX_0000003240,CUST0393,2024-11-23,GX-526,31,172000,E-wallet,30.0,Completed,Quality below expectations
TX_0000002384,CUST0292,2025-09-07,XD-315,37,166000,Bank Transfer,23.0,Completed,A bit overpriced in my opinion
TX_0000004312,CUST0520,2025-04-15,MJ-846,37,375000,E-wallet,29.0,Completed,Price matches quality
TX_0000001286,CUST0159,2025-03-24,OX-760,35,432000,Cash,36.0,Completed,
TX_0000006978,CUST0848,2024-11-30,UQ-809,26,145000,Cash,14.0,Completed,Price matches quality
TX_0000006506,CUST0786,2024-11-09,AV-762,9,122000,E-wallet,11.0,Completed,"Cheap price, decent quality"
TX_0000007329,CUST0889,2024-08-19,YW-434,17,182000,Credit Card,37.0,Cancelled,A bit expensive but satisfied with result
TX_0000003931,CUST0469,2024-12-06,SQ-556,22,466000,Debit Card,19.0,Completed,Slightly disappointed with the finishing
TX_0000006184,CUST0748,2024-10-15,SI-167,37,143000,Bank Transfer,21.0,Completed,"High quality product, recommended"
TX_0000005986,CUST0724,2025-02-10,WL-358,14,410000,Cash,18.0,Completed,"Honest seller, item as described"
TX_0000006218,CUST0753,2025-06-12,VO-222,6,366000,Debit Card,50.0,Cancelled,
TX_0000001592,CUST0198,2025-08-01,UU-547,11,182000,Debit Card,14.0,Completed,
TX_0000007706,CUST0937,2024-12-19,CU-660,10,362000,Bank Transfer,0.0,Completed,
TX_0000007270,CUST0882,2024-12-28,UR-193,28,459000,Credit Card,46.0,Completed,
TX_0000002163,CUST0265,2024-12-23,TA-430,17,331000,Bank Transfer,5.0,Completed,
TX_0000002397,CUST0293,2025-09-19,CR-783,28,142000,Debit Card,18.0,Completed,
TX_0000000318,CUST0042,2024-11-02,TE-736,23,261000,Bank Transfer,3.0,Completed,
TX_0000007361,CUST0892,2025-03-24,AN-290,20,149000,Credit Card,35.0,Completed,Disappointed with item quality
TX_0000003112,CUST0380,2023-12-26,HV-251,34,321000,E-wallet,32.0,Completed,
TX_0000005234,CUST0631,2025-01-23,PV-822,35,369000,Debit Card,50.0,Completed,Recommended seller
TX_0000006552,CUST0793,2025-02-05,GL-259,28,157000,E-wallet,13.0,Completed,"Good quality, competitive price"
TX_0000007954,CUST0966,2024-02-04,GV-578,6,298000,Bank Transfer,9.0,Completed,
TX_0000004037,CUST0485,2025-08-23,FC-431,4,202000,Debit Card,29.0,Completed,
TX_0000000796,CUST0101,2025-03-06,WV-269,16,159000,Credit Card,36.0,Completed,High quality product
TX_0000003021,CUST0369,2024-11-22,UN-074,24,432000,Debit Card,26.0,Completed,"Quality item, packaging OK"
TX_0000001712,CUST0212,2025-05-11,MX-588,4,387000,Credit Card,26.0,Completed,
TX_0000003388,CUST0409,2025-09-03,FG-176,30,101000,E-wallet,2.0,Completed,
TX_0000000037,CUST0005,2025-08-09,IA-167,21,142000,Credit Card,10.0,Cancelled,Satisfying service
TX_0000004550,CUST0548,2024-12-23,LY-526,31,166000,Bank Transfer,33.0,Refunded,
TX_0000000914,CUST0115,2025-01-18,PZ-480,37,328000,Cash,13.0,Completed,"Defective item, please replace"
TX_0000005722,CUST0694,2025-09-06,RP-974,8,379000,Credit Card,38.0,Completed,
TX_0000005296,CUST0642,2025-03-04,QW-089,24,474000,Cash,2.0,Cancelled,
TX_0000003973,CUST0475,2025-01-04,KY-001,24,256000,Bank Transfer,11.0,Completed,
TX_0000005371,CUST0654,2025-01-28,NN-927,17,177000,Bank Transfer,23.0,Completed,"Product meets expectations, will buy again"
TX_0000004134,CUST0502,2025-02-24,IW-487,32,121000,E-wallet,18.0,Completed,
TX_0000000975,CUST0121,2025-03-24,KX-440,37,370000,Debit Card,44.0,Completed,
TX_0000000984,CUST0122,2025-04-03,NN-283,34,104000,Cash,36.0,Completed,5 stars for this product
TX_0000006696,CUST0811,2025-08-10,MW-545,38,366000,Cash,18.0,Refunded,
TX_0000001419,CUST0180,2024-12-06,QS-844,36,326000,Cash,41.0,Completed,"Fast shipping, neat packaging"
TX_0000001561,CUST0195,2024-12-11,IN-082,19,381000,Bank Transfer,22.0,Completed,
TX_0000004136,CUST0502,2025-02-03,JQ-642,37,111000,Cash,18.0,Refunded,
TX_0000005583,CUST0679,2025-09-24,FZ-726,6,352000,E-wallet,43.0,Completed,
TX_0000006541,CUST0791,2025-01-01,RM-055,32,181000,Bank Transfer,35.0,Completed,
TX_0000004266,CUST0516,2025-02-20,PL-141,37,212000,E-wallet,17.0,Completed,
TX_0000001356,CUST0167,2024-10-11,KE-913,40,293000,E-wallet,47.0,Completed,Poor quality for this price
TX_0000007742,CUST0942,2025-09-03,VG-756,23,296000,E-wallet,24.0,Completed,"Item matches picture, very satisfied"
TX_0000007777,CUST0947,2024-11-13,SM-742,21,122000,E-wallet,35.0,Completed,"Quality item, packaging OK"
TX_0000000988,CUST0122,2025-03-02,IN-921,29,466000,Credit Card,22.0,Refunded,
TX_0000002683,CUST0326,2025-03-11,DI-906,36,251000,Cash,45.0,Pending,
TX_0000005048,CUST0609,2024-11-20,IN-619,1,307000,Debit Card,10.0,Cancelled,
TX_0000001641,CUST0205,2024-10-02,BN-912,37,380000,Bank Transfer,24.0,Completed,"Item as ordered, safe packaging"
TX_0000001291,CUST0160,2025-02-27,PZ-867,14,203000,Credit Card,18.0,Completed,
TX_0000003682,CUST0441,2025-08-03,JN-125,16,356000,Bank Transfer,44.0,Completed,Item arrived faster than expected
TX_0000001381,CUST0172,2025-03-07,EL-146,38,195000,Bank Transfer,34.0,Completed,
TX_0000001934,CUST0235,2024-10-12,UA-038,25,272000,Bank Transfer,12.0,Completed,
TX_0000004676,CUST0561,2025-07-31,OG-316,2,310000,Debit Card,7.0,Completed,"Product meets expectations, great"
TX_0000007255,CUST0880,2024-12-18,FF-971,18,150000,E-wallet,46.0,Completed,
TX_0000003161,CUST0384,2024-11-17,OG-896,22,253000,Bank Transfer,35.0,Completed,"Product meets expectations, great"
TX_0000002031,CUST0248,2024-10-07,FQ-212,25,187000,Credit Card,11.0,Completed,
TX_0000000893,CUST0112,2025-03-26,UO-905,11,279000,Cash,45.0,Completed,"Item as ordered, safe packaging"
TX_0000004877,CUST0587,2025-06-21,HA-454,16,172000,Debit Card,32.0,Cancelled,
TX_0000004070,CUST0490,2024-12-28,XN-142,38,117000,Bank Transfer,8.0,Completed,
TX_0000004256,CUST0515,2025-09-02,SF-956,23,223000,E-wallet,11.0,Completed,"Premium quality product, excellent"
TX_0000000003,CUST0002,2025-06-15,US-937,12,267000,Credit Card,12.0,Completed,"Fast shipping, neat packaging"
TX_0000002110,CUST0258,2025-09-13,VK-696,10,366000,Bank Transfer,26.0,Completed,5 stars for this product
TX_0000000850,CUST0412,2025-02-26,WW-301,18,184000,Bank Transfer,44.0,Completed,"Fast shipping, neat packaging"
TX_0000002738,CUST0332,2025-09-01,DD-963,35,422000,Credit Card,36.0,Completed,
TX_0000002467,CUST0302,2024-12-23,UR-610,26,496000,Bank Transfer,4.0,Completed,"Product matches photo, good quality"
TX_0000001915,CUST0234,2024-10-14,PY-601,34,407000,Credit Card,,Completed,"Honest seller, item as described"
TX_0000001597,CUST0199,2025-03-23,VM-526,15,214000,E-wallet,9.0,Completed,
TX_0000005873,CUST0709,2024-12-05,BE-965,30,184000,Credit Card,1.0,Completed,"Good quality, competitive price"
TX_0000001914,CUST0234,2024-10-09,KV-148,15,444000,Debit Card,49.0,Completed,
TX_0000005140,CUST0621,2025-06-04,EV-127,37,482000,Cash,,Completed,"Professional seller, highly recommended"
TX_0000007724,CUST0939,2025-07-14,IP-986,33,1496000,Cash,24.0,Completed,"High quality product, recommended"
TX_0000005641,CUST0685,2025-05-19,MM-728,34,271000,Credit Card,28.0,Completed,Satisfying service
TX_0000002737,CUST0332,2025-07-20,BN-827,25,493000,Bank Transfer,2.0,Completed,"Honest seller, item as described"
TX_0000000727,CUST0092,2025-03-12,RY-180,12,129000,Credit Card,24.0,Completed,
TX_0000000054,CUST0007,2025-01-27,AO-653,3,47000,Bank Transfer,50.0,Completed,Bit overpriced but quality is okay
TX_0000001797,CUST0220,2024-10-30,UJ-677,15,143000,E-wallet,48.0,Completed,
TX_0000003846,CUST0458,2024-12-31,HA-623,18,290000,Credit Card,11.0,Completed,Standard quality for the price
TX_0000006008,CUST0727,2025-06-25,AJ-501,31,231000,Bank Transfer,17.0,Cancelled,Good product for this price range
TX_0000002554,CUST0313,2025-08-17,LD-212,18,309000,Cash,14.0,Completed,
TX_0000002801,CUST0341,2024-11-12,ZP-587,26,203000,Credit Card,35.0,Completed,Poor quality for this price
TX_0000000937,CUST0119,2024-10-16,ZP-324,1,381000,Credit Card,31.0,Completed,"Cheap price, decent quality"
TX_0000006760,CUST0820,2025-02-01,SU-703,8,120000,Debit Card,2.0,Completed,
TX_0000000825,CUST0104,2025-09-24,FB-147,29,120000,Debit Card,9.0,Completed,
TX_0000004322,CUST0521,2024-10-29,GQ-879,2,227000,E-wallet,12.0,Completed,
TX_0000003402,CUST0411,2024-10-30,QG-211,16,440000,Credit Card,41.0,Completed,
TX_0000001390,CUST0173,2024-12-30,NL-591,35,404000,Debit Card,48.0,Completed,
TX_0000003565,CUST0429,2024-11-05,EI-666,18,254000,E-wallet,3.0,Completed,"Fast shipping, neat packaging"
TX_0000000885,CUST0111,2025-02-01,GJ-297,19,373000,Credit Card,39.0,Cancelled,Slightly disappointed with the finishing
TX_0000005430,CUST0659,2024-12-20,IR-519,19,292000,Bank Transfer,43.0,Completed,
TX_0000005704,CUST0693,2025-01-27,NQ-597,2,187000,Credit Card,30.0,Refunded,
TX_0000005691,CUST0690,2025-02-26,CH-598,15,249000,Bank Transfer,3.0,Completed,
TX_0000004868,CUST0586,2024-12-26,GK-054,8,164000,E-wallet,50.0,Completed,
TX_0000001869,CUST0228,2024-10-04,NB-910,33,179000,E-wallet,50.0,Completed,
TX_0000005182,CUST0626,2025-03-15,QQ-689,27,240000,Credit Card,,Completed,Bit disappointing from the photo
TX_0000000011,CUST0003,2025-06-16,YG-491,36,407000,Credit Card,21.0,Completed,"Quality matches the price, decent enough"
TX_0000003416,CUST0413,2024-10-24,JC-863,15,445000,Debit Card,46.0,Completed,
TX_0000005422,CUST0658,2025-05-06,LQ-450,6,203000,Debit Card,18.0,Completed,
TX_0000001464,CUST0185,2025-01-16,RI-233,16,1843000,Bank Transfer,45.0,Completed,
TX_0000000807,CUST0522,2024-10-03,UE-041,27,252000,Cash,12.0,Refunded,Premium quality at affordable price
TX_0000006687,CUST0809,2025-08-24,JR-909,16,107000,Credit Card,,Completed,Slightly disappointed with the finishing
TX_0000006451,CUST0780,2024-10-01,XN-720,15,444000,E-wallet,8.0,Completed,
TX_0000004069,CUST0490,2024-10-29,WG-047,18,496000,E-wallet,0.0,Cancelled,
TX_0000002109,CUST0258,2025-08-20,RP-054,35,315000,Debit Card,27.0,Completed,
TX_0000006917,CUST0842,2024-12-23,VI-015,6,347000,Debit Card,13.0,Completed,
TX_0000008132,CUST0991,2025-06-14,MR-908,18,167000,Debit Card,36.0,Completed,"Product not original, very disappointed"
TX_0000002235,CUST0273,2025-09-17,KN-873,32,290000,Cash,39.0,Completed,Response was slow but item is good
TX_0000000964,CUST0120,2025-05-05,US-242,32,142000,Credit Card,31.0,Completed,
TX_0000004495,CUST0543,2025-09-15,EQ-018,23,100000,Bank Transfer,16.0,Completed,
TX_0000002633,CUST0320,2025-01-04,FW-031,21,69000,Cash,15.0,Completed,"Amazing product, exceeds expectations"
TX_0000006095,CUST0736,2025-03-19,RH-813,19,238000,E-wallet,43.0,Completed,
TX_0000000705,CUST0087,2025-09-23,FV-071,18,107000,Credit Card,6.0,Completed,
TX_0000000432,CUST0057,2024-11-14,BQ-719,37,436000,E-wallet,35.0,Cancelled,
TX_0000004389,CUST0529,2025-08-21,SE-156,36,211000,Credit Card,17.0,Completed,
TX_0000006078,CUST0734,2025-09-05,CA-052,13,244000,E-wallet,36.0,Completed,Responsive and helpful seller
TX_0000000146,CUST0017,2025-02-19,WX-009,22,228000,E-wallet,1.0,Completed,Satisfying service
TX_0000002034,CUST0250,2025-09-18,JA-573,7,13000,Bank Transfer,23.0,Completed,"High quality product, recommended"
TX_0000006879,CUST0835,2025-03-26,DT-294,3,250000,Cash,46.0,Refunded,
TX_0000001166,CUST0143,2024-12-13,PT-464,18,251000,Cash,22.0,Completed,A bit overpriced in my opinion
TX_0000003501,CUST0423,2025-08-07,LO-713,32,365000,Credit Card,43.0,Completed,"Responsive seller, good problem solving"
TX_0000002051,CUST0252,2024-11-23,AY-476,20,335000,Credit Card,22.0,Completed,
TX_0000003761,CUST0451,2025-09-13,ZD-698,25,294000,Debit Card,32.0,Completed,
TX_0000002625,CUST0320,2024-12-25,GT-015,21,99000,E-wallet,30.0,Cancelled,A bit expensive but worth the quality
TX_0000004485,CUST0542,2025-02-07,KV-334,31,155000,E-wallet,39.0,Cancelled,"Item as ordered, safe packaging"
TX_0000004436,CUST0537,2025-01-11,RY-514,7,74000,Credit Card,7.0,Pending,
TX_0000006536,CUST0791,2024-12-10,HU-181,21,295000,E-wallet,16.0,Completed,Item arrived in perfect condition
TX_0000006363,CUST0770,2024-10-11,JJ-071,19,377000,Credit Card,28.0,Completed,Poor quality for this price
TX_0000004362,CUST0526,2025-09-01,BQ-516,26,322000,Cash,11.0,Cancelled,"Quality product, satisfying service"
TX_0000002425,CUST0297,2025-01-06,GV-824,34,275000,Cash,8.0,Completed,
TX_0000001263,CUST0157,2024-11-20,UX-654,22,160000,Bank Transfer,2.0,Completed,"Fast shipping, neat packaging"
TX_0000001772,CUST0218,2024-11-26,HC-312,23,355000,E-wallet,50.0,Completed,"Super fast shipping, thanks"
TX_0000003512,CUST0424,2025-08-14,DQ-422,9,500000,Credit Card,30.0,Completed,"Premium quality, very satisfied"
TX_0000000272,CUST0035,2025-04-20,VS-742,19,372000,Debit Card,13.0,Completed,"Product matches photo, good quality"
TX_0000004793,CUST0578,2025-08-25,BI-365,18,198000,Debit Card,44.0,Completed,"Good item, express shipping"
TX_0000008167,CUST0996,2024-10-09,YQ-500,36,468000,Bank Transfer,47.0,Completed,Item arrived safely
TX_0000000245,CUST0031,2025-07-03,SL-987,13,369000,Cash,27.0,Completed,Item arrived faster than expected
TX_0000007946,CUST0965,2024-06-09,II-930,9,418000,Bank Transfer,11.0,Completed,
TX_0000004573,CUST0551,2024-10-17,GG-926,16,421000,Debit Card,4.0,Completed,
TX_0000002033,CUST0249,2025-09-10,GG-577,33,223000,Bank Transfer,32.0,Cancelled,
TX_0000007560,CUST0917,2025-02-02,WV-967,40,452000,Bank Transfer,0.0,Pending,
TX_0000006484,CUST0783,2024-12-07,IY-832,33,293000,Bank Transfer,46.0,Completed,
TX_0000000814,CUST0103,2025-06-14,OO-439,23,74000,Cash,19.0,Completed,Quality below expectations
TX_0000006011,CUST0727,2025-08-05,BE-819,27,178000,Bank Transfer,3.0,Cancelled,
TX_0000003811,CUST0456,2025-02-10,SN-482,37,310000,E-wallet,32.0,Completed,"Quality is okay, affordable price"
TX_0000007937,CUST0964,2025-01-27,JM-334,16,283000,Credit Card,49.0,Refunded,"Premium quality product, excellent"
TX_0000008138,CUST0991,2025-07-08,OG-146,5,118000,Bank Transfer,49.0,Completed,Slightly defective but still usable
TX_0000006659,CUST0804,2025-04-18,JL-383,40,258000,Bank Transfer,22.0,Completed,
TX_0000001805,CUST0221,2025-05-01,NW-479,25,396000,Cash,38.0,Completed,
TX_0000006962,CUST0845,2025-05-08,WI-538,21,119000,Debit Card,19.0,Cancelled,
TX_0000004347,CUST0523,2025-09-20,CC-630,36,167000,Debit Card,5.0,Completed,Item arrived safely
TX_0000002462,CUST0301,2025-09-07,CV-959,13,414000,Bank Transfer,8.0,Refunded,"Fast shipping, neat packaging"
TX_0000000546,CUST0071,2024-12-28,LL-468,34,382000,Cash,7.0,Completed,
TX_0000003242,CUST0393,2025-02-27,CH-200,19,431000,Bank Transfer,32.0,Completed,"Item as ordered, safe packaging"
TX_0000000739,CUST0093,2025-03-29,WV-507,20,356000,E-wallet,12.0,Completed,
TX_0000000311,CUST0041,2025-06-24,ZH-405,5,276000,Bank Transfer,8.0,Completed,
TX_0000003522,CUST0425,2025-02-08,SM-025,40,441000,Credit Card,40.0,Completed,Item arrived faster than expected
TX_0000001132,CUST0139,2024-12-15,AS-281,25,232000,Cash,38.0,Completed,
TX_0000005546,CUST0673,2025-09-20,EZ-540,5,310000,Cash,46.0,Completed,
TX_0000008072,CUST0982,2025-09-15,EQ-872,29,442000,Credit Card,0.0,Completed,
TX_0000004112,CUST0498,2025-09-15,UI-428,16,242000,Cash,8.0,Completed,"Standard quality, reasonable price"
TX_0000002770,CUST0336,2025-09-12,GA-311,37,3000,Debit Card,6.0,Completed,
TX_0000000921,CUST0117,2024-10-04,SA-132,10,342000,Credit Card,38.0,Completed,
TX_0000006868,CUST0834,2025-09-24,QR-609,36,334000,E-wallet,27.0,Completed,
TX_0000003588,CUST0431,2024-12-05,GA-870,36,274000,Debit Card,48.0,Completed,
TX_0000003960,CUST0474,2025-09-04,DV-751,35,205000,Debit Card,44.0,Completed,
TX_0000000039,CUST0005,2025-08-27,QU-632,3,399000,Debit Card,8.0,Completed,"Product meets expectations, will buy again"
TX_0000004460,CUST0540,2024-10-17,GM-709,36,461000,Bank Transfer,26.0,Completed,
TX_0000004279,CUST0517,2024-12-17,XN-040,22,166000,Credit Card,28.0,Completed,"Standard quality, reasonable price"
TX_0000002984,CUST0365,2025-09-13,KX-723,38,368000,Credit Card,16.0,Completed,
TX_0000005291,CUST0641,2025-06-14,VA-697,31,221000,Cash,34.0,Completed,A bit disappointing for this price
TX_0000008184,CUST0997,2025-01-05,OH-268,20,230000,Cash,46.0,Completed,
TX_0000005218,CUST0629,2024-10-07,FY-875,32,487000,Credit Card,0.0,Completed,Product doesn't match picture
TX_0000008074,CUST0983,2025-03-21,EX-911,20,349000,Cash,33.0,Completed,"Good quality, competitive price"
TX_0000002668,CUST0324,2025-03-21,KQ-775,25,225000,Bank Transfer,23.0,Completed,
TX_0000003224,CUST0391,2025-03-09,DU-855,29,429000,Cash,19.0,Completed,"100% original item, recommended"
TX_0000001183,CUST0146,2024-12-15,PF-242,22,459000,Cash,28.0,Completed,
TX_0000007756,CUST0943,2024-10-12,GA-599,18,398000,Bank Transfer,14.0,Completed,"Seller communicative, item is good"
TX_0000000615,CUST0075,2024-10-19,FP-060,22,449000,Debit Card,40.0,Refunded,
TX_0000008048,CUST0980,2024-12-04,RD-316,23,1500,E-wallet,5.0,Completed,"Good product, meets expectations"
TX_0000001467,CUST0185,2024-12-03,IL-754,27,256000,Debit Card,,Completed,
TX_0000004498,CUST0543,2025-02-14,CS-587,3,377000,Bank Transfer,1.0,Completed,
TX_0000003043,CUST0371,2024-10-15,SA-789,14,90000,E-wallet,8.0,Completed,
TX_0000000935,CUST0118,2025-09-04,CC-644,29,482000,Cash,18.0,Completed,"Good quality, competitive price"
TX_0000002420,CUST0297,2024-11-28,LT-087,33,179000,Credit Card,18.0,Completed,
TX_0000005086,CUST0614,2024-07-17,VQ-699,35,458000,Debit Card,15.0,Completed,"Poor product, requesting refund"
TX_0000007402,CUST0897,2024-12-16,GY-861,17,439000,E-wallet,12.0,Completed,"Amazing product, highly recommended"
TX_0000006647,CUST0803,2025-09-20,HR-416,32,356000,Debit Card,26.0,Cancelled,
TX_0000004823,CUST0581,2025-08-29,RI-977,25,214000,E-wallet,9.0,Completed,"Product meets expectations, great"
TX_0000000827,CUST0104,2025-09-20,PK-774,21,458000,Credit Card,5.0,Completed,
TX_0000001522,CUST0191,2025-09-13,WV-743,39,158000,Debit Card,41.0,Completed,
TX_0000002931,CUST0360,2025-09-18,OT-871,40,377000,Cash,44.0,Completed,"Safe packaging, not damaged"
TX_0000004233,CUST0512,2025-08-11,AA-067,16,133000,Cash,13.0,Completed,
TX_0000000629,CUST0078,2025-02-20,FY-030,25,375000,Cash,46.0,Refunded,
TX_0000004431,CUST0536,2025-01-03,PD-627,34,454000,E-wallet,12.0,Completed,Poor quality for this price
TX_0000003854,CUST0461,2024-11-27,OT-546,30,171000,Cash,30.0,Completed,Bit overpriced but quality is okay
TX_0000000391,CUST0052,2025-06-08,OH-780,19,389000,Cash,,Completed,"Item as ordered, safe packaging"
TX_0000004346,CUST0523,2025-09-17,CV-297,26,389000,Credit Card,30.0,Pending,
TX_0000007984,CUST0969,2025-09-21,FO-092,23,436000,Bank Transfer,11.0,Completed,
TX_0000005914,CUST0715,2024-11-12,RV-757,19,177000,Cash,43.0,Completed,"Cheap price, decent quality"
TX_0000003991,CUST0477,2025-09-13,SU-741,29,346000,Bank Transfer,22.0,Cancelled,
TX_0000000401,CUST0053,2025-09-14,AQ-072,1,116000,Cash,15.0,Completed,"Thick bubble wrap packaging, safe"
TX_0000004807,CUST0579,2024-10-29,ZF-439,30,320000,E-wallet,23.0,Completed,"Premium quality, very satisfied"
TX_0000005136,CUST0621,2024-12-19,AX-079,40,1839000,Credit Card,29.0,Completed,
TX_0000006628,CUST0801,2025-01-09,EJ-592,10,382000,E-wallet,49.0,Completed,Product matches description
TX_0000003360,CUST0407,2025-03-28,WO-638,38,137000,Debit Card,,Completed,
TX_0000000047,CUST0006,2025-06-07,XH-784,37,500000,Cash,10.0,Cancelled,
TX_0000005658,CUST0687,2025-05-04,ZE-791,29,331000,Debit Card,36.0,Completed,
TX_0000007861,CUST0957,2024-11-17,FZ-061,32,231000,Cash,3.0,Refunded,
TX_0000008077,CUST0983,2025-03-08,UE-465,37,131000,Debit Card,43.0,Completed,
TX_0000003643,CUST0738,2024-11-23,XI-714,24,344000,E-wallet,5.0,Completed,Price matches quality
TX_0000003727,CUST0447,2025-02-26,ZK-472,34,370000,Cash,19.0,Refunded,
TX_0000007508,CUST0909,2024-11-17,ZN-583,24,239000,Debit Card,22.0,Completed,
TX_0000005209,CUST0628,2024-11-11,TA-542,28,465000,Debit Card,41.0,Completed,
TX_0000005320,CUST0646,2025-02-18,QB-241,20,255000,Cash,50.0,Completed,"Amazing product, exceeds expectations"
TX_0000007950,CUST0966,2025-02-09,RB-626,18,118000,E-wallet,32.0,Completed,"Competitive price, decent quality"
TX_0000002422,CUST0297,2025-01-24,IP-868,18,880000,Credit Card,,Completed,"Packaging not neat, but item is okay"
TX_0000005605,CUST0681,2025-09-07,QX-121,20,433000,Cash,,Completed,
TX_0000001751,CUST0215,2025-02-18,RJ-842,40,424000,Debit Card,32.0,Completed,"Product matches photo, good quality"
TX_0000007920,CUST0962,2025-09-16,OO-679,17,487000,Cash,34.0,Completed,
TX_0000006716,CUST0812,2025-07-02,ZP-428,33,460000,Credit Card,18.0,Refunded,"Honest seller, item as described"
TX_0000004063,CUST0489,2025-06-02,VI-907,27,322000,Debit Card,38.0,Completed,
TX_0000007760,CUST0944,2025-03-09,YP-864,15,243000,Bank Transfer,,Cancelled,
TX_0000000339,CUST0044,2025-03-14,ZE-658,5,445000,Bank Transfer,3.0,Completed,
TX_0000000216,CUST0028,2025-02-17,RN-153,15,332000,E-wallet,33.0,Completed,"Fast shipping, neat packaging"
TX_0000003664,CUST0438,2024-10-23,BW-579,33,368000,Cash,14.0,Completed,"Item matches picture, very satisfied"
TX_0000001342,CUST0166,2025-07-14,DH-921,6,474000,Cash,32.0,Completed,
TX_0000007501,CUST0909,2025-08-24,OW-415,21,405000,Credit Card,46.0,Completed,Poor quality for this price
TX_0000007931,CUST0964,2024-11-27,OM-291,37,385000,Credit Card,11.0,Completed,
TX_0000003895,CUST0465,2025-03-01,IY-359,20,238000,Debit Card,42.0,Completed,
TX_0000003641,CUST0738,2025-04-04,LT-043,20,181000,Debit Card,44.0,Completed,
TX_0000000330,CUST0043,2025-08-31,IQ-479,34,286000,Credit Card,19.0,Completed,"Quality item, packaging OK"
TX_0000006455,CUST0781,2024-10-14,GH-597,20,398000,E-wallet,3.0,Pending,A bit overpriced in my opinion
TX_0000003005,CUST0368,2024-04-27,GY-719,34,196000,Bank Transfer,10.0,Refunded,
TX_0000007829,CUST0952,2025-01-06,QZ-585,36,224000,Bank Transfer,5.0,Cancelled,Responsive and helpful seller
TX_0000003116,CUST0381,2025-02-13,RV-438,19,242000,Debit Card,31.0,Completed,
TX_0000007923,CUST0962,2025-09-18,RJ-564,12,188000,Bank Transfer,8.0,Completed,
TX_0000002323,CUST0285,2024-12-07,RL-502,23,438000,Credit Card,2.0,Completed,
TX_0000004198,CUST0508,2025-06-12,ZZ-777,25,362000,Credit Card,28.0,Completed,A bit expensive but satisfied with result
TX_0000003550,CUST0428,2024-12-22,HI-017,39,491000,Bank Transfer,34.0,Completed,
TX_0000001459,CUST0185,2025-01-28,MQ-828,14,458000,E-wallet,47.0,Completed,
TX_0000000172,CUST0514,2025-03-13,VX-023,25,328000,Cash,27.0,Pending,
TX_0000004204,CUST0509,2024-10-18,MF-986,26,251000,Debit Card,,Cancelled,
TX_0000006865,CUST0833,2024-03-23,TI-282,18,397000,Bank Transfer,15.0,Completed,Won't buy here again
TX_0000003570,CUST0430,2024-12-02,EN-250,10,350000,Cash,,Pending,
TX_0000004227,CUST0512,2025-06-02,YT-080,25,315000,Debit Card,39.0,Completed,Quality below expectations
TX_0000005159,CUST0624,2025-01-11,JB-613,35,455000,Debit Card,27.0,Completed,
TX_0000006690,CUST0810,2024-12-15,AF-163,18,210000,Cash,7.0,Cancelled,Item arrived in perfect condition
TX_0000006186,CUST0748,2025-01-29,HR-855,22,203000,Bank Transfer,6.0,Completed,
TX_0000006755,CUST0819,2024-12-31,XV-444,37,159000,Cash,25.0,Completed,
TX_0000000939,CUST0119,2025-02-20,MK-079,20,121000,Bank Transfer,24.0,Refunded,
TX_0000000061,CUST0008,2025-06-13,YC-849,24,243000,Credit Card,7.0,Completed,"Quality is okay, affordable price"
TX_0000001241,CUST0155,2025-03-23,JJ-402,12,477000,Credit Card,31.0,Completed,
TX_0000005761,CUST0696,2025-03-17,TL-719,37,490000,E-wallet,26.0,Completed,"Super fast shipping, thanks"
TX_0000005137,CUST0621,2024-11-14,KP-410,30,391000,Debit Card,23.0,Completed,
TX_0000006850,CUST0832,2025-01-28,WI-064,39,103000,Bank Transfer,5.0,Pending,"Fast shipping, neat packaging"
TX_0000002121,CUST0259,2024-12-22,VA-180,25,335000,Bank Transfer,45.0,Cancelled,Shipping a bit slow but good item
TX_0000001525,CUST0191,2025-08-19,SX-314,34,235000,Debit Card,1.0,Completed,
TX_0000000154,CUST0019,2025-01-09,WN-599,24,490000,Bank Transfer,29.0,Completed,"Product not original, very disappointed"
TX_0000006345,CUST0768,2025-07-30,KP-698,15,469000,Credit Card,,Completed,
TX_0000000482,CUST0063,2025-07-31,ON-998,24,195000,Bank Transfer,40.0,Completed,
TX_0000006123,CUST0739,2024-12-22,RA-778,21,367000,Credit Card,6.0,Completed,
TX_0000004461,CUST0540,2024-10-07,IL-492,17,305000,Bank Transfer,43.0,Completed,
TX_0000003921,CUST0467,2025-03-25,QN-629,21,435000,Debit Card,1.0,Completed,"Great product, will order again"
TX_0000001763,CUST0216,2024-12-05,CX-582,1,482000,Credit Card,45.0,Completed,"Quality item, packaging OK"
TX_0000000751,CUST0094,2025-05-17,CQ-381,13,450000,Debit Card,42.0,Cancelled,
TX_0000001786,CUST0220,2025-01-15,ZN-535,26,418000,Cash,32.0,Completed,
TX_0000007314,CUST0888,2024-10-14,AE-974,29,1776000,Cash,44.0,Completed,
TX_0000006213,CUST0751,2024-09-02,WA-505,32,55000,Credit Card,21.0,Completed,
TX_0000004502,CUST0543,2024-12-01,DL-634,21,427000,Debit Card,12.0,Completed,
TX_0000004854,CUST0584,2025-03-22,OX-044,32,493000,Debit Card,29.0,Refunded,"Packaging not neat, but item is okay"
TX_0000002712,CUST0329,2024-03-21,ZC-796,8,294000,Cash,29.0,Completed,
TX_0000006630,CUST0801,2024-11-19,GA-158,23,250000,E-wallet,30.0,Completed,"Cheap price, decent quality"
TX_0000004194,CUST0508,2025-02-22,LX-268,20,480000,Bank Transfer,,Completed,"Quality matches the price, decent enough"
TX_0000001334,CUST0166,2025-04-12,JB-141,5,257000,Bank Transfer,,Refunded,
TX_0000007302,CUST0886,2024-10-15,LR-715,20,440000,Bank Transfer,45.0,Completed,
TX_0000002855,CUST0349,2025-03-26,IV-751,31,496000,Bank Transfer,42.0,Completed,"Original item, fast shipping"
TX_0000000187,CUST0023,2024-10-29,OB-152,30,307000,Credit Card,37.0,Completed,
TX_0000001137,CUST0140,2025-08-15,EW-624,3,194000,Cash,9.0,Completed,
TX_0000002059,CUST0253,2024-07-07,KX-404,39,224000,Credit Card,28.0,Pending,
TX_0000006873,CUST0835,2025-06-21,DR-990,10,209000,Cash,,Completed,"Original item, fast shipping"
TX_0000006867,CUST0834,2025-09-23,NQ-436,22,472000,Credit Card,45.0,Completed,
TX_0000000149,CUST0017,2024-11-11,JS-695,16,467000,Debit Card,48.0,Completed,
TX_0000004125,CUST0500,2025-03-20,MP-023,23,332000,Bank Transfer,,Completed,Quality below expectations
TX_0000004890,CUST0589,2025-07-08,AE-343,24,107000,Bank Transfer,7.0,Completed,Bit overpriced but quality is okay
TX_0000006642,CUST0803,2025-08-29,SP-372,24,369000,Bank Transfer,,Completed,
TX_0000003364,CUST0407,2025-07-23,BZ-241,31,434000,Debit Card,44.0,Completed,"Poor product, requesting refund"
TX_0000004789,CUST0576,2024-03-25,RO-350,26,474000,Bank Transfer,44.0,Refunded,"Item damaged upon arrival, disappointed"
TX_0000002867,CUST0351,2025-09-23,GH-822,2,118000,Cash,39.0,Cancelled,"Thick bubble wrap packaging, safe"
TX_0000003777,CUST0452,2024-09-30,DM-448,24,239000,Debit Card,10.0,Refunded,"Seller communicative, item is good"
TX_0000001387,CUST0173,2025-08-01,MF-202,23,447000,Cash,26.0,Refunded,Product matches description
TX_0000005942,CUST0717,2025-02-15,ZU-900,19,152000,Credit Card,50.0,Cancelled,"Poor product, requesting refund"
TX_0000007749,CUST0942,2025-09-23,IO-692,27,141000,Debit Card,29.0,Completed,
TX_0000006781,CUST0822,2025-02-09,WC-930,5,494000,Credit Card,26.0,Completed,
TX_0000005696,CUST0691,2024-08-10,WR-058,40,199000,Credit Card,25.0,Completed,
TX_0000003630,CUST0434,2025-01-28,OZ-998,20,344000,Credit Card,8.0,Completed,"Quality product, attractive packaging"
TX_0000007377,CUST0895,2024-10-31,YF-844,16,398000,Debit Card,19.0,Completed,
TX_0000004798,CUST0578,2025-09-13,JT-259,22,188000,Credit Card,1.0,Completed,Item arrived safely
TX_0000003029,CUST0371,2024-11-21,AI-424,18,89000,Bank Transfer,45.0,Completed,
TX_0000002970,CUST0364,2025-06-11,AN-962,18,452000,Credit Card,34.0,Completed,"Super fast shipping, thanks"
TX_0000007129,CUST0865,2025-08-09,EY-208,14,364000,Debit Card,50.0,Completed,"Item damaged upon arrival, disappointed"
TX_0000001709,CUST0212,2024-11-28,ZW-637,15,255000,E-wallet,24.0,Completed,
TX_0000002954,CUST0362,2025-07-15,JX-067,3,181000,Credit Card,14.0,Completed,
TX_0000000455,CUST0060,2024-12-11,ZG-544,23,404000,Credit Card,32.0,Completed,"Original item, fast shipping"
TX_0000006137,CUST0742,2024-10-29,NM-823,17,498000,Bank Transfer,2.0,Completed,
TX_0000006854,CUST0832,2024-10-09,JI-231,32,352000,Credit Card,7.0,Completed,
TX_0000006412,CUST0776,2024-12-10,NX-018,6,459000,Bank Transfer,10.0,Completed,
TX_0000000610,CUST0075,2024-11-15,AJ-951,21,425000,Debit Card,32.0,Completed,
TX_0000004264,CUST0516,2024-11-08,PZ-787,30,118000,Credit Card,,Completed,
TX_0000004827,CUST0582,2024-10-24,NC-034,30,168000,E-wallet,26.0,Completed,Expensive price but worth it
TX_0000007058,CUST0857,2025-01-24,OI-023,21,241000,E-wallet,41.0,Refunded,
TX_0000002075,CUST0254,2024-12-24,GZ-734,37,397000,E-wallet,8.0,Completed,
TX_0000004053,CUST0488,2024-07-13,WT-028,19,101000,Bank Transfer,37.0,Completed,"Standard quality, reasonable price"
TX_0000006667,CUST0806,2025-02-02,KY-696,7,179000,Bank Transfer,33.0,Cancelled,Slightly disappointed with the finishing
TX_0000001623,CUST0203,2024-08-09,YE-817,35,274000,Debit Card,9.0,Completed,
TX_0000004684,CUST0562,2025-09-13,YQ-626,25,189000,E-wallet,17.0,Completed,
TX_0000005498,CUST0667,2025-01-29,ND-604,24,490000,Debit Card,17.0,Completed,"Great product, will order again"
TX_0000005797,CUST0700,2024-11-23,YJ-182,7,124000,Cash,15.0,Completed,"Quality item, packaging OK"
TX_0000007436,CUST0900,2025-02-02,ND-544,22,96000,E-wallet,40.0,Completed,"Quality is okay, affordable price"
TX_0000000041,CUST0006,2025-07-11,VG-904,29,131000,E-wallet,,Completed,
TX_0000005476,CUST0664,2025-02-17,AY-367,23,413000,E-wallet,7.0,Refunded,
TX_0000002090,CUST0256,2025-02-02,SJ-665,20,600,Debit Card,7.0,Refunded,
TX_0000003925,CUST0468,2024-09-08,IY-076,17,254000,Credit Card,6.0,Completed,"Honest seller, item as described"
TX_0000002176,CUST0267,2025-03-10,GW-371,24,391000,Debit Card,7.0,Completed,
TX_0000000075,CUST0011,2025-03-02,RK-257,33,299000,Cash,49.0,Completed,Bit disappointing from the photo
TX_0000006727,CUST0815,2024-10-31,UE-310,25,449000,Debit Card,42.0,Completed,
TX_0000008089,CUST0984,2025-02-11,FJ-941,2,312000,Bank Transfer,10.0,Completed,
TX_0000002658,CUST0323,2025-05-01,OE-610,21,135000,Cash,19.0,Completed,"Poor product, requesting refund"
TX_0000003181,CUST0387,2025-06-04,YO-103,21,192000,Credit Card,41.0,Completed,"Quality product, satisfying service"
TX_0000002077,CUST0255,2025-02-04,NR-217,10,261000,Cash,3.0,Cancelled,Price worth it for the quality
TX_0000000442,CUST0058,2024-10-21,RJ-065,6,262000,Cash,27.0,Completed,
TX_0000002052,CUST0252,2024-12-05,GV-804,16,122000,Bank Transfer,15.0,Completed,
TX_0000002542,CUST0312,2025-01-31,FI-980,24,191000,Bank Transfer,44.0,Completed,"Amazing product, highly recommended"
TX_0000001302,CUST0163,2025-04-28,ZA-082,28,464000,Bank Transfer,23.0,Completed,
TX_0000007542,CUST0912,2025-08-18,FC-645,4,400000,Bank Transfer,17.0,Cancelled,
TX_0000003431,CUST0414,2025-08-26,QS-359,39,168000,Debit Card,18.0,Completed,Price worth it for the quality
TX_0000001305,CUST0163,2025-02-26,TQ-279,29,108000,E-wallet,11.0,Completed,
TX_0000000237,CUST0031,2025-04-18,SG-823,2,419000,E-wallet,4.0,Completed,
TX_0000006833,CUST0829,2024-11-10,DI-856,38,490000,E-wallet,9.0,Completed,"100% original item, recommended"
TX_0000002600,CUST0317,2024-10-14,AO-598,16,170000,Bank Transfer,43.0,Completed,"Premium quality product, excellent"
TX_0000004617,CUST0555,2025-01-21,WX-967,9,197000,Bank Transfer,2.0,Completed,"Item damaged upon arrival, disappointed"
TX_0000002574,CUST0315,2024-10-23,VH-762,24,296000,Cash,45.0,Completed,
TX_0000003281,CUST0397,2024-12-17,MS-596,15,337000,Cash,11.0,Refunded,
TX_0000003187,CUST0387,2025-02-06,RN-539,22,293000,Bank Transfer,23.0,Completed,
TX_0000003954,CUST0473,2024-10-14,OB-909,24,194000,E-wallet,37.0,Completed,
TX_0000002769,CUST0336,2024-12-22,NS-290,28,330000,Bank Transfer,37.0,Completed,"Professional seller, highly recommended"
TX_0000004832,CUST0582,2024-11-02,NC-472,25,288000,Bank Transfer,,Cancelled,
TX_0000004224,CUST0511,2024-12-23,HN-562,12,440000,Debit Card,4.0,Completed,
TX_0000002107,CUST0258,2025-07-13,FF-675,40,499000,E-wallet,29.0,Completed,"Premium quality product, excellent"
TX_0000002680,CUST0326,2024-12-11,JZ-257,11,107000,Credit Card,7.0,Cancelled,"Poor product, requesting refund"
TX_0000002762,CUST0334,2025-02-04,KZ-668,2,61000,E-wallet,2.0,Completed,"Slow shipping, ordinary item"
TX_0000004689,CUST0562,2025-05-27,LL-624,29,112000,E-wallet,0.0,Completed,
TX_0000005400,CUST0656,2025-06-26,VE-236,40,443000,Credit Card,47.0,Completed,"Item as ordered, safe packaging"
TX_0000001388,CUST0173,2025-09-09,CA-166,34,88000,Debit Card,47.0,Cancelled,"Super fast shipping, thanks"
TX_0000007699,CUST0936,2024-08-23,CN-433,36,492000,Bank Transfer,40.0,Refunded,
TX_0000007423,CUST0899,2024-10-23,OH-279,24,250000,E-wallet,13.0,Completed,"Item matches picture, very satisfied"
TX_0000006595,CUST0797,2025-06-15,MY-271,37,211000,E-wallet,43.0,Completed,Item arrived faster than expected
TX_0000007054,CUST0857,2024-10-04,HY-580,39,232000,Bank Transfer,22.0,Completed,
TX_0000007906,CUST0961,2025-04-21,GN-463,17,306000,Credit Card,48.0,Completed,Friendly and professional service
TX_0000005001,CUST0605,2025-01-30,RZ-521,15,299000,Cash,35.0,Completed,Product matches description
TX_0000005854,CUST0706,2025-03-04,SP-018,24,207000,Cash,3.0,Completed,
TX_0000001280,CUST0158,2025-08-08,XZ-786,32,330000,Cash,7.0,Refunded,
TX_0000007320,CUST0888,2024-12-25,FI-398,28,121000,Credit Card,3.0,Completed,
TX_0000008032,CUST0977,2025-02-13,DC-368,40,367000,Bank Transfer,13.0,Completed,
TX_0000006405,CUST0775,2025-01-16,RO-842,16,170000,Cash,15.0,Completed,
TX_0000001556,CUST0195,2024-07-19,ER-137,7,180000,Debit Card,15.0,Completed,
TX_0000007417,CUST0899,2024-11-23,YI-452,16,295000,Bank Transfer,16.0,Completed,"Amazing product, exceeds expectations"
TX_0000003191,CUST0387,2024-11-21,KO-645,11,118000,Debit Card,8.0,Cancelled,"Thick bubble wrap packaging, safe"
TX_0000004567,CUST0551,2024-09-26,ZB-121,30,123000,Cash,35.0,Completed,
TX_0000004803,CUST0578,2025-09-14,SP-782,12,442000,Debit Card,29.0,Completed,
TX_0000007694,CUST0934,2025-02-17,RS-186,15,85000,Bank Transfer,49.0,Cancelled,
TX_0000004842,CUST0583,2024-11-17,XY-925,24,251000,Cash,27.0,Cancelled,"Seller communicative, item is good"
TX_0000003595,CUST0432,2025-08-28,DU-268,39,444000,Credit Card,2.0,Completed,"Professional seller, highly recommended"
TX_0000006036,CUST0729,2025-01-27,FC-696,13,495000,Bank Transfer,44.0,Completed,"Cheap price, decent quality"
TX_0000001921,CUST0234,2024-10-27,OY-204,34,173000,Credit Card,45.0,Completed,
TX_0000000514,CUST0067,2025-01-02,XX-453,9,202000,E-wallet,23.0,Refunded,"Great product, will order again"
TX_0000004178,CUST0506,2025-03-13,CG-843,32,482000,Cash,30.0,Completed,
TX_0000001309,CUST0163,2024-10-26,UQ-668,16,207000,Debit Card,26.0,Completed,
TX_0000005668,CUST0689,2025-06-05,KS-906,20,227000,E-wallet,24.0,Completed,Slightly defective but still usable
TX_0000000915,CUST0115,2024-10-07,FU-015,18,431000,Credit Card,36.0,Completed,Bit disappointing from the photo
TX_0000003453,CUST0416,2025-09-13,AK-043,15,189000,Bank Transfer,50.0,Completed,"Slow shipping, ordinary item"
TX_0000003696,CUST0442,2025-04-26,YS-166,19,214000,Bank Transfer,41.0,Cancelled,
TX_0000004243,CUST0514,2025-03-06,QK-706,38,179000,E-wallet,38.0,Completed,"Product not original, very disappointed"
TX_0000003157,CUST0383,2025-05-24,WF-943,14,373000,Bank Transfer,0.0,Completed,
TX_0000002199,CUST0269,2025-03-17,IN-638,23,71000,Cash,8.0,Completed,Doesn't meet expectations
TX_0000000775,CUST0097,2025-01-20,HB-299,24,420000,E-wallet,36.0,Completed,Price matches quality
TX_0000004426,CUST0535,2025-02-04,ZX-811,19,290000,Debit Card,44.0,Refunded,"Defective item, please replace"
TX_0000006151,CUST0743,2024-10-05,RM-103,6,48000,Cash,30.0,Completed,
TX_0000006098,CUST0737,2025-03-23,TK-160,21,422000,Bank Transfer,26.0,Completed,
TX_0000000944,CUST0119,2024-12-05,YN-572,25,157000,Debit Card,7.0,Cancelled,"Good quality, competitive price"
TX_0000000823,CUST0104,2025-09-22,PI-744,17,79000,Credit Card,41.0,Completed,
TX_0000005006,CUST0605,2025-02-11,AA-218,20,300000,Bank Transfer,50.0,Completed,Size doesn't match expectations
TX_0000004278,CUST0516,2024-11-17,VE-549,17,354000,E-wallet,49.0,Completed,Doesn't meet expectations
TX_0000000165,CUST0020,2025-03-12,NE-006,34,434000,Debit Card,50.0,Completed,
TX_0000005620,CUST0682,2025-06-11,UW-479,23,374000,E-wallet,10.0,Completed,
TX_0000004548,CUST0548,2024-04-30,LX-020,25,28000,E-wallet,10.0,Completed,
TX_0000003984,CUST0477,2025-09-03,MI-879,34,184000,Bank Transfer,6.0,Completed,
TX_0000002539,CUST0312,2024-11-25,LN-598,20,100000,Cash,27.0,Completed,
TX_0000007817,CUST0951,2024-10-20,IE-820,31,253000,Cash,27.0,Completed,Size doesn't match expectations
TX_0000001312,CUST0164,2025-07-14,JI-925,33,382000,Debit Card,38.0,Completed,Very satisfied with this purchase
TX_0000005208,CUST0628,2025-01-18,MG-253,20,139000,Cash,33.0,Completed,Original and quality item
TX_0000007459,CUST0904,2025-02-22,HM-889,27,361000,Bank Transfer,1.0,Completed,
TX_0000005384,CUST0655,2025-02-24,CR-289,9,155000,Bank Transfer,,Completed,"Defective item, please replace"
TX_0000006835,CUST0829,2024-12-30,FF-616,38,386000,E-wallet,11.0,Completed,
TX_0000007608,CUST0924,2025-09-22,IA-071,23,227000,E-wallet,48.0,Refunded,
TX_0000003301,CUST0399,2025-07-29,JN-339,30,382000,Debit Card,37.0,Completed,
TX_0000003311,CUST0401,2024-10-29,RK-564,19,149000,Cash,33.0,Completed,
TX_0000000328,CUST0043,2025-03-21,NI-925,32,350000,E-wallet,41.0,Completed,
TX_0000005887,CUST0711,2025-09-12,PO-880,32,499000,Debit Card,32.0,Completed,
TX_0000002491,CUST0306,2024-12-30,DE-539,40,334000,Bank Transfer,37.0,Completed,
TX_0000007716,CUST0939,2025-07-29,MG-085,25,210000,Credit Card,40.0,Completed,"100% original item, recommended"
TX_0000006104,CUST0737,2024-11-15,OB-569,6,299000,Bank Transfer,39.0,Completed,"Professional seller, highly recommended"
TX_0000005955,CUST0720,2025-09-18,ZD-057,22,412000,Bank Transfer,10.0,Completed,"100% original item, recommended"
TX_0000007746,CUST0942,2025-08-09,NM-146,21,497000,Credit Card,45.0,Completed,"Premium quality product, excellent"
TX_0000004409,CUST0533,2025-02-28,IO-607,21,416000,Debit Card,7.0,Completed,"Cheap price, decent quality"
TX_0000000833,CUST0105,2025-09-20,AO-240,17,105000,Debit Card,10.0,Completed,"Item as ordered, safe packaging"
TX_0000003080,CUST0376,2024-10-31,VD-605,18,461000,Debit Card,31.0,Completed,Good product for this price range
TX_0000003463,CUST0417,2024-10-12,JZ-497,19,42000,E-wallet,14.0,Completed,"Responsive seller, good problem solving"
TX_0000005298,CUST0642,2025-02-16,LN-758,40,370000,Cash,24.0,Completed,
TX_0000007188,CUST0872,2024-11-25,ZO-013,11,266000,Bank Transfer,31.0,Refunded,
TX_0000000055,CUST0007,2024-11-19,SF-340,18,189000,Cash,24.0,Completed,"Premium quality product, excellent"
TX_0000006231,CUST0755,2025-08-16,RJ-021,16,434000,Bank Transfer,33.0,Completed,
TX_0000004065,CUST0490,2025-01-08,PN-321,31,269000,E-wallet,9.0,Completed,
TX_0000003452,CUST0416,2025-09-19,DX-424,21,190000,Bank Transfer,10.0,Completed,Slightly disappointed with the finishing
TX_0000006306,CUST0765,2025-07-23,KP-192,17,1590000,Cash,45.0,Completed,"Quality matches the price, decent enough"
TX_0000001902,CUST0232,2025-03-14,KY-615,25,165000,Debit Card,,Completed,"Slow shipping, ordinary item"
TX_0000001482,CUST0188,2025-09-14,VN-339,10,475000,Bank Transfer,32.0,Completed,
TX_0000004874,CUST0587,2025-06-28,VJ-645,19,270000,Credit Card,28.0,Completed,Disappointed with item quality
TX_0000004896,CUST0590,2024-10-08,UY-964,31,498000,Debit Card,13.0,Completed,"Quality product, satisfying service"
TX_0000004151,CUST0503,2025-02-21,DO-942,16,130000,Credit Card,0.0,Completed,
TX_0000003336,CUST0405,2025-03-23,NG-119,35,395000,E-wallet,19.0,Cancelled,
TX_0000006017,CUST0728,2024-10-07,IJ-278,37,500000,Cash,21.0,Completed,"Good quality, competitive price"
TX_0000004927,CUST0595,2025-06-28,ER-589,36,904000,Debit Card,17.0,Completed,
TX_0000000947,CUST0119,2024-12-18,MW-370,4,286000,Debit Card,3.0,Completed,"Honest seller, item as described"
TX_0000005798,CUST0700,2024-11-19,QH-344,11,228000,Bank Transfer,14.0,Completed,Bit disappointing from the photo
TX_0000003294,CUST0399,2025-08-05,CA-293,30,222000,E-wallet,,Completed,
TX_0000002162,CUST0265,2025-05-19,RN-649,8,108000,Cash,45.0,Cancelled,Item arrived faster than expected
TX_0000007933,CUST0964,2024-10-16,LS-641,16,466000,Cash,2.0,Completed,
TX_0000005084,CUST0614,2025-03-28,QL-373,30,165000,Cash,14.0,Completed,"Quality product, attractive packaging"
TX_0000007223,CUST0875,2025-01-04,NI-878,36,403000,Credit Card,,Completed,
TX_0000003058,CUST0373,2024-10-21,BT-944,24,23000,Credit Card,,Completed,"Super fast shipping, thanks"
TX_0000005491,CUST0665,2025-07-25,WO-548,14,97000,Debit Card,27.0,Completed,
TX_0000000769,CUST0096,2024-08-11,VC-129,21,271000,Cash,5.0,Completed,
TX_0000007711,CUST0937,2025-06-24,MB-411,14,496000,Debit Card,34.0,Completed,
TX_0000003496,CUST0422,2025-01-09,EO-130,9,256000,Bank Transfer,44.0,Completed,
TX_0000000286,CUST0036,2025-09-14,OZ-138,37,371000,Bank Transfer,38.0,Completed,
TX_0000008104,CUST0987,2024-11-22,QX-252,20,314000,Debit Card,10.0,Completed,Good product for this price range
TX_0000004525,CUST0546,2025-08-27,SH-880,29,315000,Credit Card,17.0,Completed,
TX_0000007296,CUST0886,2025-02-12,DJ-047,26,303000,Credit Card,19.0,Completed,Disappointed with item quality
TX_0000002333,CUST0286,2024-12-01,NU-230,20,490000,E-wallet,41.0,Completed,Slightly defective but still usable
TX_0000002718,CUST0329,2024-11-07,SA-645,12,403000,Credit Card,22.0,Completed,
TX_0000002080,CUST0255,2025-04-25,QJ-502,7,230000,Bank Transfer,1.0,Pending,"Defective item, please replace"
TX_0000003390,CUST0409,2025-09-03,BJ-845,27,396000,Debit Card,38.0,Completed,
TX_0000000723,CUST0092,2025-01-05,NS-792,26,394000,Credit Card,3.0,Completed,
TX_0000000952,CUST0120,2025-04-09,FO-154,25,285000,Debit Card,47.0,Completed,
TX_0000007639,CUST0929,2025-08-02,KN-958,34,294000,Credit Card,15.0,Completed,Friendly and professional service
TX_0000002263,CUST0277,2024-04-11,TB-438,3,281000,Credit Card,37.0,Completed,
TX_0000000990,CUST0122,2025-07-08,GB-842,40,291000,E-wallet,22.0,Completed,
TX_0000003213,CUST0390,2025-02-15,PS-706,18,800,Bank Transfer,39.0,Refunded,
TX_0000001760,CUST0216,2025-01-16,YF-268,8,287000,Cash,2.0,Completed,
TX_0000006733,CUST0816,2024-07-05,BF-054,39,445000,E-wallet,43.0,Completed,
TX_0000004423,CUST0535,2024-09-08,CD-001,25,166000,Cash,42.0,Completed,
TX_0000005480,CUST0665,2025-07-25,XE-316,18,423000,Credit Card,,Completed,"Seller communicative, item is good"
TX_0000001725,CUST0213,2024-10-04,ZV-503,32,231000,Bank Transfer,2.0,Completed,
TX_0000005183,CUST0626,2024-12-21,NJ-810,28,417000,Credit Card,13.0,Completed,Responsive and helpful seller
TX_0000007337,CUST0889,2024-06-06,NS-058,23,67000,Bank Transfer,2.0,Completed,
TX_0000000342,CUST0045,2024-05-03,EG-689,2,182000,E-wallet,6.0,Completed,"Defective item, please replace"
TX_0000003702,CUST0442,2025-02-27,YW-616,27,172000,Credit Card,28.0,Refunded,
TX_0000004244,CUST0514,2024-07-12,IR-832,21,308000,Cash,30.0,Refunded,
TX_0000000689,CUST0086,2025-08-30,UF-739,32,415000,Bank Transfer,23.0,Completed,A bit disappointing for this price
TX_0000003433,CUST0415,2025-02-06,AT-354,21,223000,Cash,21.0,Refunded,Fast response from seller
TX_0000005204,CUST0628,2025-03-21,VC-468,26,139000,E-wallet,13.0,Completed,"Poor product, requesting refund"
TX_0000004945,CUST0598,2025-06-07,CB-236,35,415000,Bank Transfer,14.0,Completed,
TX_0000000967,CUST0121,2025-01-13,TB-713,40,284000,E-wallet,23.0,Completed,
TX_0000008005,CUST0972,2025-05-09,EN-644,28,218000,Credit Card,5.0,Completed,
TX_0000007413,CUST0898,2025-02-04,KE-532,30,276000,Credit Card,46.0,Refunded,
TX_0000002204,CUST0269,2024-11-03,FU-873,23,447000,Cash,49.0,Completed,A bit disappointing for this price
TX_0000002714,CUST0329,2025-03-04,GV-848,12,44000,Credit Card,32.0,Completed,
TX_0000004758,CUST0572,2025-07-08,NP-976,17,104000,Bank Transfer,45.0,Cancelled,
TX_0000005099,CUST0616,2024-10-13,UZ-871,26,1728000,Credit Card,8.0,Completed,
TX_0000007227,CUST0876,2024-08-20,QN-099,38,379000,E-wallet,21.0,Completed,Shipping delayed but item is good
TX_0000007503,CUST0909,2025-02-18,ZI-663,8,75000,Cash,33.0,Cancelled,
TX_0000007230,CUST0876,2025-02-14,QP-444,35,492000,Bank Transfer,27.0,Completed,
TX_0000005281,CUST0639,2024-03-11,TG-804,40,167000,Credit Card,49.0,Completed,"Honest seller, item as described"
TX_0000005976,CUST0723,2025-09-20,ZQ-205,17,94000,Cash,27.0,Refunded,
TX_0000003573,CUST0430,2025-03-07,JR-914,10,269000,Debit Card,27.0,Completed,
TX_0000004806,CUST0579,2025-01-26,XF-567,24,203000,E-wallet,22.0,Completed,
TX_0000005300,CUST0643,2025-07-25,MX-027,39,289000,Credit Card,26.0,Completed,
TX_0000001991,CUST0242,2024-02-08,ZD-994,19,342000,Cash,50.0,Completed,
TX_0000004121,CUST0499,2025-09-14,VC-764,39,149000,Credit Card,43.0,Completed,Response was slow but item is good
TX_0000004760,CUST0573,2025-02-18,BO-284,4,498000,Cash,21.0,Cancelled,
TX_0000006726,CUST0815,2024-11-20,PJ-835,22,289000,Credit Card,15.0,Completed,
TX_0000005299,CUST0643,2025-08-30,GX-950,16,359000,Debit Card,41.0,Refunded,
TX_0000007170,CUST0870,2025-03-04,PM-223,24,174000,Bank Transfer,25.0,Completed,
TX_0000004972,CUST0602,2025-08-27,DF-899,19,215000,Debit Card,26.0,Completed,
TX_0000007771,CUST0946,2024-02-12,YB-950,18,476000,Bank Transfer,7.0,Completed,
TX_0000005035,CUST0860,2025-08-31,NC-327,33,317000,E-wallet,,Completed,
TX_0000003601,CUST0432,2025-08-10,KB-049,36,287000,Credit Card,10.0,Completed,
TX_0000006491,CUST0784,2025-03-08,RQ-447,18,469000,Credit Card,11.0,Completed,Premium quality at affordable price
TX_0000007485,CUST0907,2025-03-17,BT-558,17,161000,Credit Card,41.0,Completed,Product matches description
TX_0000008164,CUST0996,2025-02-27,RO-456,17,318000,Bank Transfer,30.0,Completed,
TX_0000008024,CUST0976,2025-09-20,LH-948,28,224000,Debit Card,46.0,Completed,
TX_0000000386,CUST0052,2025-06-19,HU-106,25,182000,Cash,26.0,Completed,"Product meets expectations, will buy again"
TX_0000007158,CUST0868,2025-01-29,AJ-986,24,413000,Debit Card,22.0,Completed,
TX_0000007487,CUST0907,2025-02-22,PC-292,39,287000,Bank Transfer,16.0,Completed,
TX_0000000537,CUST0071,2025-08-23,BI-483,32,378000,E-wallet,21.0,Completed,Quality below expectations
TX_0000006388,CUST0773,2025-07-25,ZJ-147,36,243000,Bank Transfer,28.0,Completed,
TX_0000007652,CUST0930,2025-08-26,JZ-350,9,471000,Debit Card,11.0,Cancelled,
TX_0000005033,CUST0860,2025-08-17,FX-404,30,332000,E-wallet,27.0,Completed,
TX_0000004213,CUST0510,2024-12-21,ZQ-734,20,91000,Credit Card,41.0,Completed,"Premium quality product, excellent"
TX_0000006457,CUST0781,2025-07-01,AE-136,38,236000,E-wallet,29.0,Completed,"Amazing product, highly recommended"
TX_0000003508,CUST0424,2025-09-21,GA-750,29,213000,Debit Card,,Completed,
TX_0000000202,CUST0024,2024-10-03,TB-022,15,258000,Cash,48.0,Completed,
TX_0000001333,CUST0166,2025-02-14,AK-241,12,249000,E-wallet,26.0,Completed,
TX_0000003503,CUST0423,2025-06-23,OR-252,40,335000,Debit Card,5.0,Completed,"Quality matches the price, decent enough"
TX_0000002709,CUST0328,2025-01-01,UF-687,23,45000,Bank Transfer,20.0,Completed,
TX_0000006031,CUST0729,2025-01-13,GP-296,11,190000,Debit Card,11.0,Completed,Very slow shipping
TX_0000005032,CUST0860,2025-08-17,AK-365,15,425000,Cash,15.0,Completed,A bit overpriced in my opinion
TX_0000006515,CUST0786,2024-12-20,YX-775,16,79000,E-wallet,7.0,Completed,
TX_0000004663,CUST0559,2025-06-23,NX-880,21,104000,Cash,14.0,Pending,
TX_0000004022,CUST0484,2025-01-12,KJ-042,19,297000,Debit Card,8.0,Completed,
TX_0000001855,CUST0228,2024-10-30,KY-213,29,212000,Bank Transfer,45.0,Completed,
TX_0000007399,CUST0897,2025-03-03,VW-762,15,107000,Credit Card,38.0,Completed,
TX_0000002873,CUST0353,2025-08-09,LF-326,17,245000,Credit Card,46.0,Completed,"Good quality, competitive price"
TX_0000003031,CUST0371,2024-12-01,ZQ-946,11,369000,Cash,44.0,Completed,"Fast shipping, neat packaging"
TX_0000001206,CUST0150,2025-08-23,WB-207,22,295000,Bank Transfer,17.0,Completed,
TX_0000006564,CUST0794,2025-02-10,HU-907,22,224000,Cash,50.0,Completed,
TX_0000001646,CUST0206,2025-01-24,XW-003,25,283000,Debit Card,4.0,Completed,
TX_0000003418,CUST0413,2025-02-07,CM-689,32,283000,Credit Card,,Completed,
TX_0000003477,CUST0420,2023-12-13,SJ-955,25,94000,Bank Transfer,8.0,Completed,
TX_0000006897,CUST0838,2024-06-09,KI-791,27,293000,Cash,22.0,Completed,Item arrived in perfect condition
TX_0000002862,CUST0351,2025-09-24,SL-571,9,409000,Cash,30.0,Completed,"Thick bubble wrap packaging, safe"
TX_0000001793,CUST0220,2025-02-21,BF-441,34,310000,Cash,32.0,Completed,"Item matches picture, very satisfied"
TX_0000005527,CUST0670,2025-09-23,DZ-545,21,171000,E-wallet,41.0,Completed,
TX_0000003798,CUST0454,2024-10-18,XK-510,35,222000,Credit Card,38.0,Completed,"Good item, express shipping"
TX_0000003369,CUST0407,2024-11-26,QF-911,22,344000,E-wallet,17.0,Completed,
TX_0000003368,CUST0407,2025-03-04,TM-121,19,380000,Debit Card,41.0,Completed,
TX_0000003534,CUST0426,2024-11-21,VZ-179,23,292000,Bank Transfer,39.0,Completed,"Friendly seller, item as ordered"
TX_0000007195,CUST0873,2025-02-11,YJ-804,16,155000,Bank Transfer,45.0,Completed,Slightly defective but still usable
TX_0000005110,CUST0618,2024-11-01,CQ-127,30,367000,Bank Transfer,12.0,Completed,"Product matches photo, good quality"
TX_0000006025,CUST0728,2025-03-21,BT-403,35,209000,Credit Card,46.0,Completed,Slightly disappointed with the finishing
TX_0000003450,CUST0416,2025-09-15,JL-345,40,496000,Cash,41.0,Completed,
TX_0000000604,CUST0074,2025-08-29,PA-396,17,484000,Bank Transfer,1.0,Completed,
TX_0000003057,CUST0373,2024-09-09,YE-506,17,185000,Bank Transfer,28.0,Completed,Bit overpriced but quality is okay
TX_0000007136,CUST0866,2024-12-31,QM-116,6,263000,Cash,27.0,Completed,
TX_0000000127,CUST0016,2025-09-10,RL-544,18,218000,Bank Transfer,39.0,Completed,
TX_0000008041,CUST0979,2025-03-19,TJ-276,15,270000,Debit Card,30.0,Cancelled,
TX_0000003877,CUST0463,2025-05-17,AM-357,29,278000,E-wallet,25.0,Completed,
TX_0000002936,CUST0360,2025-07-17,ZM-968,30,179000,Credit Card,25.0,Completed,
TX_0000005444,CUST0660,2025-03-14,NZ-695,10,2000,E-wallet,31.0,Completed,
TX_0000004452,CUST0539,2024-12-22,DW-470,38,297000,Cash,11.0,Completed,
TX_0000003532,CUST0425,2025-03-20,NV-062,15,223000,Cash,38.0,Refunded,
TX_0000002731,CUST0331,2024-12-07,WD-122,27,252000,Debit Card,1.0,Completed,
TX_0000000828,CUST0104,2025-09-22,OU-483,24,336000,E-wallet,4.0,Completed,"Competitive price, decent quality"
TX_0000001640,CUST0205,2025-03-20,RQ-035,15,290000,Debit Card,15.0,Completed,"Slow shipping, ordinary item"
TX_0000000985,CUST0122,2024-10-06,JR-046,32,238000,Bank Transfer,50.0,Completed,
TX_0000003282,CUST0397,2024-11-25,RV-506,24,26000,Cash,35.0,Completed,
TX_0000008152,CUST0993,2024-10-17,CQ-317,19,245000,Credit Card,49.0,Completed,A bit disappointing for this price
TX_0000002189,CUST0268,2024-11-02,NO-127,25,477000,Credit Card,,Completed,
TX_0000007925,CUST0963,2024-10-11,CL-172,17,262000,Credit Card,23.0,Refunded,Price matches quality
TX_0000002444,CUST0299,2025-02-22,JW-043,1,350000,Credit Card,43.0,Completed,Fast response from seller
TX_0000000363,CUST0049,2024-12-06,QQ-952,24,425000,Debit Card,5.0,Completed,
TX_0000002350,CUST0288,2024-09-30,MF-707,6,120000,E-wallet,17.0,Completed,"Quality item, packaging OK"
TX_0000000346,CUST0046,2025-03-05,SH-179,28,463000,Debit Card,34.0,Completed,
TX_0000000815,CUST0103,2024-11-12,EB-471,21,265000,Debit Card,43.0,Completed,Shipping a bit slow but good item
TX_0000006167,CUST0745,2025-06-25,PW-015,27,303000,Credit Card,18.0,Completed,
TX_0000004808,CUST0579,2024-12-19,SC-199,15,203000,E-wallet,35.0,Refunded,
TX_0000003206,CUST0388,2025-01-21,FZ-398,29,249000,Debit Card,5.0,Completed,
TX_0000006809,CUST0826,2024-11-26,EE-519,38,297000,Debit Card,35.0,Completed,"Safe shipping, nothing damaged"
TX_0000007855,CUST0957,2025-03-01,FF-854,19,158000,Debit Card,11.0,Completed,"Responsive seller, good problem solving"
TX_0000005962,CUST0721,2025-04-17,LD-581,5,273000,Credit Card,16.0,Completed,
TX_0000003326,CUST0404,2024-10-13,JV-338,18,178000,Credit Card,20.0,Completed,
TX_0000004107,CUST0497,2025-09-07,VL-113,16,278000,Credit Card,5.0,Refunded,
TX_0000007338,CUST0890,2025-02-04,BY-663,11,60000,Credit Card,16.0,Cancelled,Poor quality for this price
TX_0000002117,CUST0258,2025-07-20,SL-048,33,426000,Bank Transfer,31.0,Completed,"Packaging not neat, but item is okay"
TX_0000001835,CUST0225,2024-12-24,XR-227,2,31000,Bank Transfer,8.0,Cancelled,"Item matches picture, very satisfied"
TX_0000000794,CUST0100,2024-11-01,KW-584,10,280000,Debit Card,19.0,Refunded,High quality product
TX_0000008115,CUST0987,2025-03-10,SJ-098,19,475000,Credit Card,0.0,Completed,
TX_0000002675,CUST0325,2025-08-25,DV-045,31,368000,Cash,8.0,Completed,
TX_0000000095,CUST0012,2025-01-13,DL-927,15,419000,Cash,6.0,Pending,Friendly and professional service
TX_0000004226,CUST0511,2025-03-26,GJ-182,1,267000,Debit Card,36.0,Completed,"Product not original, very disappointed"
TX_0000003757,CUST0451,2025-09-19,KS-934,21,219000,Cash,41.0,Cancelled,
TX_0000002892,CUST0355,2025-05-29,WD-263,31,311000,Bank Transfer,38.0,Completed,
TX_0000002372,CUST0291,2025-04-19,XB-893,39,309000,Bank Transfer,2.0,Refunded,
TX_0000007070,CUST0858,2024-11-27,ET-733,37,186000,Bank Transfer,50.0,Completed,
TX_0000006788,CUST0823,2024-11-02,LM-055,17,176000,Cash,7.0,Completed,
TX_0000008199,CUST1000,2025-03-27,OA-253,26,396000,Bank Transfer,20.0,Cancelled,
TX_0000003229,CUST0391,2024-11-30,AM-741,27,411000,Debit Card,50.0,Completed,
TX_0000006159,CUST0744,2025-03-26,CO-357,14,393000,Debit Card,50.0,Completed,Expensive price but worth it
TX_0000006360,CUST0770,2024-12-23,TW-044,40,468000,E-wallet,41.0,Completed,High quality product
TX_0000005997,CUST0726,2024-09-24,OC-788,19,373000,Bank Transfer,8.0,Cancelled,
TX_0000006999,CUST0852,2025-01-26,VK-080,31,179000,Debit Card,31.0,Completed,
TX_0000007311,CUST0887,2025-09-14,TT-036,38,451000,Bank Transfer,15.0,Completed,Size doesn't match expectations
TX_0000006029,CUST0729,2024-11-17,FK-666,19,363000,Cash,28.0,Completed,
TX_0000002854,CUST0349,2025-01-16,VM-813,18,120000,Cash,25.0,Completed,
TX_0000007590,CUST0923,2025-03-12,DZ-979,38,228000,Cash,28.0,Completed,A bit expensive but satisfied with result
TX_0000002913,CUST0357,2025-02-23,TV-539,19,167000,Bank Transfer,3.0,Completed,"Quality is okay, affordable price"
TX_0000001866,CUST0228,2025-01-22,QG-388,19,484000,Debit Card,28.0,Pending,
TX_0000005755,CUST0696,2025-01-10,OL-229,19,437000,Debit Card,26.0,Completed,
TX_0000004613,CUST0554,2025-07-21,ON-086,31,243000,E-wallet,10.0,Cancelled,Bit disappointing from the photo
TX_0000001858,CUST0228,2025-01-13,WT-297,40,105000,Credit Card,31.0,Completed,"Friendly seller, item as ordered"
TX_0000002646,CUST0322,2024-10-28,VL-835,24,408000,Cash,9.0,Completed,Very slow shipping
TX_0000002244,CUST0273,2025-09-19,BJ-737,31,358000,Cash,26.0,Completed,Item arrived safely
TX_0000005374,CUST0654,2025-01-28,PG-814,10,230000,Credit Card,28.0,Completed,
TX_0000002337,CUST0287,2025-06-14,WP-155,22,171000,Credit Card,11.0,Completed,A bit expensive but worth the quality
TX_0000000951,CUST0119,2025-02-07,QZ-964,10,177000,E-wallet,,Completed,"Good product, meets expectations"
TX_0000003069,CUST0375,2025-08-13,HB-606,20,3000,Debit Card,39.0,Completed,
TX_0000001121,CUST0137,2024-10-31,CP-315,25,141000,Credit Card,46.0,Completed,
TX_0000002598,CUST0317,2025-08-19,TE-099,19,332000,Credit Card,40.0,Completed,"High quality product, recommended"
TX_0000002205,CUST0269,2025-07-21,GT-413,19,160000,Credit Card,23.0,Completed,
TX_0000000420,CUST0056,2025-08-08,DJ-141,23,144000,Credit Card,4.0,Pending,
TX_0000000923,CUST0117,2024-10-22,UF-893,24,263000,Credit Card,42.0,Completed,
TX_0000001255,CUST0156,2024-09-03,BM-895,25,192000,Bank Transfer,15.0,Completed,
TX_0000000478,CUST0063,2025-09-19,DB-325,28,253000,E-wallet,27.0,Completed,Won't buy here again
TX_0000002036,CUST0250,2025-09-18,OG-060,6,427000,E-wallet,23.0,Completed,
TX_0000007549,CUST0913,2025-02-23,UA-184,7,182000,Credit Card,9.0,Completed,
TX_0000005789,CUST0699,2024-11-09,MU-096,36,181000,Debit Card,1.0,Completed,
TX_0000005743,CUST0627,2024-10-06,BO-373,20,72000,Debit Card,,Completed,
TX_0000005568,CUST0676,2025-03-03,AG-139,17,416000,E-wallet,12.0,Completed,"Thick bubble wrap packaging, safe"
TX_0000006698,CUST0811,2025-08-25,AG-245,35,246000,Debit Card,44.0,Completed,
TX_0000001203,CUST0149,2025-08-19,QK-634,29,183000,Credit Card,49.0,Completed,
TX_0000006535,CUST0791,2024-10-12,ZK-341,30,1158000,Bank Transfer,5.0,Completed,"Quality matches the price, decent enough"
TX_0000002627,CUST0320,2025-06-22,LK-162,8,379000,Bank Transfer,48.0,Completed,
TX_0000005766,CUST0696,2025-02-19,MK-905,40,132000,Debit Card,36.0,Completed,
TX_0000007888,CUST0960,2025-09-05,IU-585,33,219000,E-wallet,28.0,Completed,"Premium quality, very satisfied"
TX_0000001971,CUST0241,2024-10-07,GW-107,19,167000,E-wallet,39.0,Pending,Very slow shipping
TX_0000003111,CUST0380,2025-02-28,JY-008,22,396000,Debit Card,31.0,Pending,
TX_0000004019,CUST0483,2025-07-15,ZN-102,24,209000,E-wallet,14.0,Completed,"Slow shipping, ordinary item"
TX_0000002152,CUST0264,2025-03-28,FM-949,30,222000,E-wallet,34.0,Completed,
TX_0000003688,CUST0441,2025-07-29,CF-422,13,259000,Cash,,Completed,
TX_0000004917,CUST0594,2025-03-24,OV-810,13,244000,E-wallet,13.0,Completed,
TX_0000001998,CUST0244,2025-03-21,WC-447,40,356000,Debit Card,47.0,Cancelled,
TX_0000004034,CUST0485,2025-07-25,TC-894,25,425000,Credit Card,39.0,Completed,"Competitive price, decent quality"
TX_0000008036,CUST0977,2025-01-21,FF-357,16,123000,Credit Card,30.0,Completed,
TX_0000003055,CUST0372,2024-11-03,ZY-214,15,76000,Bank Transfer,27.0,Cancelled,"Poor product, requesting refund"
TX_0000001249,CUST0155,2025-02-18,SD-354,12,217000,Credit Card,40.0,Completed,
TX_0000002193,CUST0268,2025-06-09,GP-696,22,115000,E-wallet,13.0,Completed,
TX_0000002713,CUST0329,2024-11-26,OA-379,22,287000,Debit Card,21.0,Completed,High quality product
TX_0000000993,CUST0122,2025-03-04,GQ-831,28,307000,E-wallet,42.0,Completed,Recommended seller
TX_0000002191,CUST0268,2025-07-09,NA-435,24,206000,Credit Card,47.0,Completed,
TX_0000004671,CUST0561,2025-05-28,HP-878,24,109000,E-wallet,12.0,Completed,Won't buy here again
TX_0000005143,CUST0621,2025-01-30,EQ-681,23,446000,Cash,27.0,Completed,
TX_0000005985,CUST0724,2024-12-13,IJ-259,36,368000,Credit Card,35.0,Completed,"Defective item, please replace"
TX_0000006566,CUST0794,2024-12-03,VJ-723,9,6000,Cash,43.0,Completed,"Quality product, attractive packaging"
TX_0000003763,CUST0451,2025-09-21,ZH-692,1,1700,E-wallet,48.0,Completed,
TX_0000003598,CUST0432,2025-07-31,BW-568,30,134000,E-wallet,37.0,Cancelled,"Friendly seller, item as ordered"
TX_0000004712,CUST0567,2025-03-12,HA-195,32,400000,Debit Card,38.0,Completed,
TX_0000001319,CUST0165,2025-09-21,CU-076,18,140000,E-wallet,16.0,Completed,Quality below expectations
TX_0000001864,CUST0228,2024-11-02,YP-161,19,451000,Cash,23.0,Completed,
TX_0000002344,CUST0287,2025-06-16,AB-759,18,102000,E-wallet,2.0,Completed,Very slow shipping
TX_0000002450,CUST0299,2024-11-10,VO-861,40,425000,Credit Card,49.0,Completed,"Cheap price, decent quality"
TX_0000002137,CUST0262,2024-10-02,PS-205,16,118000,Debit Card,6.0,Completed,A bit expensive but satisfied with result
TX_0000001066,CUST0130,2024-12-09,UD-818,12,398000,Debit Card,46.0,Completed,
TX_0000005869,CUST0708,2024-10-07,YW-312,30,184000,E-wallet,28.0,Pending,
TX_0000008136,CUST0991,2025-05-20,AV-150,23,175000,Debit Card,49.0,Completed,
TX_0000004228,CUST0512,2025-08-20,IZ-428,18,275000,Credit Card,47.0,Completed,
TX_0000002622,CUST0319,2024-11-04,JF-725,32,1970000,E-wallet,12.0,Cancelled,"Cheap price, decent quality"
TX_0000000078,CUST0011,2024-12-29,CE-410,15,360000,Cash,29.0,Completed,Product matches description
TX_0000002899,CUST0356,2025-03-21,AN-155,38,328000,E-wallet,25.0,Completed,
TX_0000006149,CUST0743,2025-06-01,XO-829,15,10000,Cash,15.0,Completed,Price matches quality
TX_0000004821,CUST0580,2024-04-11,MG-154,2,486000,Cash,31.0,Completed,"Packaging not neat, but item is okay"
TX_0000001315,CUST0164,2025-01-30,PP-603,38,435000,Debit Card,7.0,Completed,Slightly disappointed with the finishing
TX_0000005948,CUST0719,2025-01-12,ZI-398,13,29000,Bank Transfer,2.0,Refunded,"Amazing product, highly recommended"
TX_0000008095,CUST0984,2025-03-05,GD-053,1,244000,E-wallet,19.0,Cancelled,Doesn't meet expectations
TX_0000008046,CUST0980,2024-10-07,LN-517,23,320000,Debit Card,0.0,Completed,"Premium quality, very satisfied"
TX_0000000873,CUST0109,2025-09-16,OX-233,10,345000,Bank Transfer,25.0,Completed,Price matches quality
TX_0000003851,CUST0460,2025-06-17,RD-242,15,444000,Bank Transfer,19.0,Completed,A bit expensive but worth the quality
TX_0000005469,CUST0663,2025-01-13,PE-632,36,265000,Credit Card,45.0,Completed,"Item damaged upon arrival, disappointed"
TX_0000005952,CUST0720,2025-07-24,ER-624,31,351000,Debit Card,46.0,Completed,
TX_0000007839,CUST0952,2025-08-29,TN-325,31,76000,Debit Card,6.0,Completed,
TX_0000002966,CUST0363,2024-12-12,CR-457,6,14000,Cash,28.0,Completed,
TX_0000003392,CUST0409,2025-09-10,CG-295,32,301000,Bank Transfer,45.0,Completed,Fast response from seller
TX_0000005416,CUST0658,2025-05-25,TX-877,4,203000,Debit Card,37.0,Completed,
TX_0000002561,CUST0314,2025-07-31,EQ-177,19,418000,E-wallet,28.0,Completed,Quality below expectations
TX_0000008027,CUST0977,2024-11-20,XL-372,23,419000,Debit Card,10.0,Completed,
TX_0000002636,CUST0320,2024-10-19,PT-742,14,348000,Bank Transfer,22.0,Refunded,Very slow shipping
TX_0000005257,CUST0634,2024-10-02,PC-780,21,214000,Credit Card,26.0,Completed,
TX_0000003531,CUST0425,2024-10-19,EO-972,17,384000,E-wallet,2.0,Cancelled,
TX_0000000376,CUST0051,2024-10-27,WS-674,3,357000,E-wallet,26.0,Cancelled,
TX_0000001909,CUST0232,2025-07-21,FZ-968,30,433000,Bank Transfer,16.0,Completed,Size doesn't match expectations
TX_0000004430,CUST0536,2024-02-13,SQ-022,28,151000,Debit Card,26.0,Completed,
TX_0000007094,CUST0860,2025-08-10,TK-345,32,453000,Bank Transfer,41.0,Completed,"Amazing product, exceeds expectations"
TX_0000007173,CUST0871,2025-08-11,HX-157,15,276000,Credit Card,3.0,Completed,5 stars for this product
TX_0000004028,CUST0484,2024-11-28,DD-308,5,275000,Debit Card,37.0,Completed,"Product meets expectations, great"
TX_0000006462,CUST0782,2024-05-08,EA-561,20,182000,Cash,19.0,Completed,
TX_0000001605,CUST0201,2025-05-03,KT-922,8,456000,Bank Transfer,12.0,Cancelled,
TX_0000001119,CUST0137,2024-10-30,BA-832,37,500000,Cash,1.0,Completed,
TX_0000003678,CUST0440,2025-01-22,QN-684,16,157000,Cash,1.0,Cancelled,Recommended seller
TX_0000003491,CUST0421,2024-12-04,AZ-075,18,350000,Credit Card,31.0,Cancelled,
TX_0000007971,CUST0968,2025-01-18,YH-109,31,433000,E-wallet,18.0,Completed,"Friendly seller, item as ordered"
TX_0000006040,CUST0729,2024-01-09,JP-653,25,488000,Credit Card,,Cancelled,
TX_0000002959,CUST0362,2025-09-07,SG-856,16,70000,E-wallet,40.0,Completed,"Product meets expectations, great"
TX_0000001995,CUST0243,2025-08-28,BT-813,10,51000,E-wallet,1.0,Cancelled,
TX_0000008131,CUST0990,2025-09-08,PE-977,33,418000,Bank Transfer,29.0,Completed,Friendly and professional service
TX_0000007127,CUST0864,2024-09-13,NG-489,2,164000,Cash,43.0,Cancelled,A bit overpriced in my opinion
TX_0000002377,CUST0291,2025-09-15,ID-685,16,379000,Bank Transfer,25.0,Completed,"Defective item, please replace"
TX_0000007509,CUST0909,2025-09-06,UD-435,6,169000,E-wallet,21.0,Completed,Bit disappointing from the photo
TX_0000001343,CUST0166,2025-03-14,IM-066,12,384000,Debit Card,26.0,Completed,
TX_0000000321,CUST0042,2024-10-16,QZ-616,21,314000,Bank Transfer,,Cancelled,
TX_0000001620,CUST0202,2025-07-20,EG-983,20,167000,Cash,0.0,Completed,
TX_0000003714,CUST0445,2024-10-08,IA-609,28,258000,Cash,42.0,Completed,"Poor product, requesting refund"
TX_0000007506,CUST0909,2024-12-31,WG-526,3,226000,Cash,40.0,Completed,"Quality product, attractive packaging"
TX_0000002061,CUST0253,2024-02-01,IK-725,34,247000,Credit Card,46.0,Completed,
TX_0000002220,CUST0270,2025-09-05,IW-681,24,278000,Cash,0.0,Completed,
TX_0000001674,CUST0208,2024-12-17,MI-176,34,254000,E-wallet,18.0,Completed,
TX_0000006039,CUST0729,2024-12-10,CD-322,14,235000,Debit Card,0.0,Completed,
TX_0000000261,CUST0033,2025-01-16,RR-814,37,193000,Debit Card,18.0,Completed,
TX_0000007538,CUST0912,2025-01-19,YE-475,11,496000,Debit Card,22.0,Refunded,
TX_0000002040,CUST0250,2025-09-17,KW-962,16,214000,Cash,48.0,Cancelled,"Quality is okay, affordable price"
TX_0000004786,CUST0576,2025-03-25,UZ-768,29,314000,Credit Card,25.0,Completed,Item arrived safely
TX_0000000902,CUST0113,2024-10-04,FX-686,23,255000,Debit Card,22.0,Completed,
TX_0000003745,CUST0450,2025-08-29,PT-774,30,389000,Credit Card,2.0,Cancelled,
TX_0000006403,CUST0775,2025-01-15,VB-748,32,480000,Debit Card,1.0,Completed,
TX_0000002027,CUST0248,2024-11-27,YK-484,16,426000,Cash,27.0,Completed,
TX_0000004235,CUST0512,2025-09-07,AR-032,38,289000,Credit Card,4.0,Completed,
TX_0000001918,CUST0234,2024-10-20,PS-490,24,387000,Debit Card,6.0,Completed,
TX_0000001829,CUST0224,2024-11-16,IK-516,37,316000,Cash,28.0,Completed,
TX_0000001574,CUST0196,2025-09-23,TH-922,4,298000,Debit Card,33.0,Completed,
TX_0000004416,CUST0534,2025-03-04,CP-315,37,182000,E-wallet,1.0,Completed,
TX_0000004750,CUST0571,2025-01-19,OX-448,25,289000,Bank Transfer,2.0,Completed,"Standard quality, reasonable price"
TX_0000006234,CUST0755,2025-03-14,NB-214,21,436000,Cash,41.0,Completed,
TX_0000007196,CUST0873,2025-01-06,SS-539,23,284000,Debit Card,19.0,Completed,
TX_0000004655,CUST0559,2025-09-17,KP-418,15,167000,Cash,20.0,Completed,
TX_0000006284,CUST0762,2025-02-14,NF-077,11,242000,Credit Card,13.0,Completed,
TX_0000004209,CUST0509,2025-03-23,IN-242,23,319000,Debit Card,30.0,Completed,
TX_0000004628,CUST0556,2025-03-11,NT-172,15,214000,Cash,16.0,Completed,
TX_0000000225,CUST0029,2025-01-20,KA-952,27,269000,Bank Transfer,19.0,Completed,
TX_0000000724,CUST0092,2025-01-10,CQ-378,25,1040000,Cash,26.0,Completed,
TX_0000007356,CUST0892,2025-09-24,CD-686,39,400000,Debit Card,40.0,Completed,
TX_0000001142,CUST0140,2025-09-03,EG-674,5,335000,Debit Card,14.0,Completed,
TX_0000005530,CUST0670,2025-09-18,KN-017,36,1402000,Credit Card,11.0,Completed,
TX_0000006470,CUST0782,2024-11-10,JX-245,19,363000,Bank Transfer,24.0,Completed,Product matches description
TX_0000005765,CUST0696,2025-02-06,ZK-791,32,249000,Bank Transfer,20.0,Completed,
TX_0000007313,CUST0888,2025-02-18,KP-057,19,256000,Debit Card,36.0,Completed,"Premium quality, very satisfied"
TX_0000005555,CUST0674,2025-01-13,UC-826,22,357000,Cash,32.0,Completed,
TX_0000007779,CUST0948,2025-04-26,VS-252,33,385000,Cash,9.0,Completed,"Item matches picture, very satisfied"
TX_0000002763,CUST0334,2025-03-17,ZZ-440,25,133000,Debit Card,40.0,Completed,"Item damaged upon arrival, disappointed"
TX_0000000847,CUST0412,2024-11-24,QW-074,3,306000,Cash,38.0,Completed,Poor quality for this price
TX_0000004290,CUST0518,2025-02-12,YV-518,24,292000,Debit Card,25.0,Completed,
TX_0000005561,CUST0675,2025-04-04,GA-836,31,86000,Bank Transfer,12.0,Completed,
TX_0000006718,CUST0813,2025-03-25,WH-760,6,481000,Debit Card,22.0,Completed,"Product matches photo, good quality"
TX_0000005043,CUST0860,2025-08-13,SM-618,35,431000,Debit Card,31.0,Completed,
TX_0000006118,CUST0739,2025-01-12,TZ-243,36,201000,Cash,19.0,Completed,
TX_0000002552,CUST0313,2025-02-07,FS-686,24,217000,Credit Card,17.0,Completed,
TX_0000005726,CUST0694,2025-07-19,KA-023,15,467000,Credit Card,32.0,Completed,Standard quality for the price
TX_0000002929,CUST0359,2025-09-19,QP-333,40,250000,Bank Transfer,9.0,Completed,Fast response from seller
TX_0000000118,CUST0015,2024-10-02,OL-961,27,118000,Debit Card,25.0,Completed,"Product matches photo, good quality"
TX_0000000646,CUST0080,2025-05-03,FM-271,13,408000,Cash,40.0,Completed,
TX_0000005967,CUST0722,2024-04-07,MJ-689,34,145000,Bank Transfer,39.0,Completed,
TX_0000000004,CUST0002,2025-08-05,JV-251,4,140000,Credit Card,47.0,Completed,
TX_0000004171,CUST0505,2025-01-15,ET-659,17,272000,E-wallet,1.0,Refunded,
TX_0000005852,CUST0706,2024-10-23,SB-112,35,199000,Debit Card,42.0,Completed,"Super fast shipping, thanks"
TX_0000000468,CUST0062,2024-11-18,LI-409,35,366000,Credit Card,43.0,Completed,"Original item, fast shipping"
TX_0000000006,CUST0002,2025-06-19,ES-216,10,370000,Cash,31.0,Completed,"Good product, meets expectations"
TX_0000005343,CUST0649,2024-12-06,NF-362,24,184000,Credit Card,43.0,Completed,Standard quality for the price
TX_0000000920,CUST0117,2024-12-08,ZK-291,13,23000,Debit Card,23.0,Completed,
TX_0000002596,CUST0317,2025-06-11,QA-785,17,396000,Bank Transfer,3.0,Completed,
TX_0000004325,CUST0521,2025-02-08,HV-328,8,258000,Debit Card,,Completed,Quality below expectations
TX_0000001064,CUST0130,2025-05-21,QU-161,36,409000,E-wallet,33.0,Completed,High quality product
TX_0000002591,CUST0316,2025-02-10,BQ-430,23,400000,Cash,9.0,Cancelled,
TX_0000000243,CUST0031,2025-06-24,XY-818,11,384000,Bank Transfer,31.0,Completed,
TX_0000007636,CUST0929,2025-07-30,IS-378,32,186000,Cash,27.0,Completed,"Packaging not neat, but item is okay"
TX_0000001161,CUST0143,2025-02-08,ZX-450,15,403000,Cash,26.0,Completed,A bit overpriced in my opinion
TX_0000002871,CUST0352,2025-02-04,BJ-325,20,395000,Debit Card,48.0,Completed,"Competitive price, decent quality"
TX_0000003736,CUST0449,2025-09-05,UK-053,20,388000,Credit Card,40.0,Completed,
TX_0000007500,CUST0909,2025-03-01,WI-141,20,459000,E-wallet,0.0,Completed,
TX_0000002398,CUST0293,2025-04-19,RO-874,23,430000,Cash,43.0,Completed,"Quality matches the price, decent enough"
TX_0000003518,CUST0424,2025-08-22,BO-214,33,402000,Credit Card,3.0,Cancelled,
TX_0000003422,CUST0414,2025-08-25,FB-988,32,500000,Cash,15.0,Completed,
TX_0000002564,CUST0314,2025-07-05,RG-237,11,415000,Cash,,Completed,"Responsive seller, good problem solving"
TX_0000006768,CUST0822,2025-02-11,ZQ-703,24,236000,Credit Card,37.0,Completed,
TX_0000005623,CUST0683,2024-12-10,QE-929,25,155000,E-wallet,3.0,Completed,"Item damaged upon arrival, disappointed"
TX_0000001606,CUST0201,2024-10-29,KG-196,21,16000,E-wallet,4.0,Completed,
TX_0000007902,CUST0961,2025-05-09,MC-704,18,306000,Credit Card,27.0,Completed,
TX_0000002325,CUST0285,2025-02-25,HA-051,17,253000,Cash,35.0,Completed,
TX_0000002710,CUST0328,2024-12-09,BI-812,18,338000,Credit Card,31.0,Completed,
TX_0000007206,CUST0874,2025-09-11,UG-400,31,486000,E-wallet,45.0,Completed,
TX_0000001313,CUST0164,2024-12-30,YX-167,30,433000,Credit Card,43.0,Completed,"Amazing product, exceeds expectations"
TX_0000003449,CUST0416,2025-09-23,OW-013,17,315000,Debit Card,,Refunded,
TX_0000003813,CUST0456,2025-03-18,ZL-596,7,13000,E-wallet,31.0,Completed,
TX_0000006086,CUST0735,2024-11-26,TY-148,13,288000,E-wallet,8.0,Completed,Price matches quality
TX_0000007627,CUST0927,2025-06-10,YS-460,16,447000,Bank Transfer,6.0,Completed,
TX_0000002363,CUST0290,2024-09-14,TS-657,6,231000,Bank Transfer,14.0,Completed,"Safe packaging, not damaged"
TX_0000001976,CUST0241,2025-01-23,PK-043,5,249000,Cash,41.0,Completed,
TX_0000003515,CUST0424,2025-09-07,ZS-817,29,458000,Cash,32.0,Cancelled,"Item arrived quickly, good condition"
TX_0000001762,CUST0216,2024-10-13,YX-225,6,286000,Credit Card,9.0,Completed,
TX_0000005402,CUST0656,2025-07-29,XA-649,22,413000,Bank Transfer,20.0,Completed,
TX_0000002740,CUST0332,2025-09-05,MN-738,23,391000,Credit Card,,Completed,"Amazing product, exceeds expectations"
TX_0000005638,CUST0685,2025-01-21,IF-229,38,118000,E-wallet,19.0,Completed,Quality below expectations
TX_0000007637,CUST0929,2025-08-31,GG-360,33,218000,Credit Card,48.0,Completed,"Packaging not neat, but item is okay"
TX_0000002473,CUST0303,2024-08-19,KF-773,36,192000,E-wallet,37.0,Completed,
TX_0000006739,CUST0817,2024-10-30,XW-613,19,180000,Bank Transfer,30.0,Completed,
TX_0000006892,CUST0837,2025-03-05,LH-108,31,323000,Cash,37.0,Completed,
TX_0000004008,CUST0481,2024-03-28,SM-463,18,84000,Debit Card,25.0,Cancelled,Fast response from seller
TX_0000004719,CUST0567,2024-11-21,PS-429,32,334000,Debit Card,19.0,Completed,Original and quality item
TX_0000006178,CUST0748,2025-02-11,EK-735,34,219000,E-wallet,33.0,Refunded,
TX_0000001494,CUST0189,2025-01-17,OU-749,20,400000,Cash,,Completed,
TX_0000004207,CUST0509,2024-12-27,OC-563,21,354000,Cash,19.0,Cancelled,
TX_0000006372,CUST0771,2024-11-24,CO-534,34,457000,Credit Card,16.0,Completed,
TX_0000002159,CUST0265,2025-01-31,PB-496,17,479000,E-wallet,34.0,Completed,
TX_0000001170,CUST0144,2024-10-17,LH-368,24,301000,Bank Transfer,15.0,Refunded,
TX_0000007407,CUST0898,2024-11-25,HJ-583,25,278000,Cash,39.0,Completed,
TX_0000000233,CUST0031,2025-07-15,TM-640,22,25000,Debit Card,33.0,Completed,
TX_0000000067,CUST0010,2024-11-06,FF-707,35,165000,Debit Card,2.0,Cancelled,
TX_0000001604,CUST0201,2024-12-14,WR-790,15,143000,Cash,17.0,Completed,"Responsive seller, good problem solving"
TX_0000006169,CUST0747,2025-09-01,KS-841,19,383000,E-wallet,23.0,Completed,
TX_0000003284,CUST0397,2025-08-08,TP-200,8,275000,Debit Card,8.0,Completed,
TX_0000003597,CUST0432,2025-08-28,VO-091,38,409000,Cash,37.0,Completed,
TX_0000006289,CUST0762,2025-02-25,OC-202,1,215000,Credit Card,35.0,Completed,
TX_0000004633,CUST0556,2024-10-07,BT-578,19,21000,Cash,11.0,Cancelled,
TX_0000006956,CUST0844,2025-02-08,GZ-517,28,128000,Cash,30.0,Completed,
TX_0000000126,CUST0015,2024-12-18,PK-916,27,390000,Cash,26.0,Completed,Shipping delayed but item is good
TX_0000006230,CUST0755,2025-01-12,DM-914,16,203000,Bank Transfer,25.0,Refunded,
TX_0000005351,CUST0650,2024-12-07,BM-497,40,156000,E-wallet,22.0,Completed,Size doesn't match expectations
TX_0000001297,CUST0162,2025-02-15,QT-007,30,191000,Credit Card,35.0,Completed,"Thank you, very recommended"
TX_0000001977,CUST0241,2024-12-28,BM-053,1,39000,Bank Transfer,31.0,Completed,Shipping delayed but item is good
TX_0000007408,CUST0898,2025-06-02,MQ-610,19,261000,Debit Card,40.0,Completed,Expensive price but worth it
TX_0000007350,CUST0892,2024-10-05,LT-547,34,312000,Credit Card,6.0,Completed,
TX_0000002076,CUST0255,2024-12-13,PL-339,2,139000,E-wallet,3.0,Completed,
TX_0000004581,CUST0552,2024-03-20,HC-870,2,153000,Credit Card,30.0,Completed,
TX_0000005751,CUST0627,2025-01-08,WM-008,26,230000,Debit Card,29.0,Completed,
TX_0000007744,CUST0942,2025-08-25,MP-118,25,446000,Cash,4.0,Completed,
TX_0000003087,CUST0378,2025-02-19,UM-453,17,499000,Cash,39.0,Completed,
TX_0000007113,CUST0863,2025-07-07,ZQ-771,28,160000,Debit Card,,Completed,
TX_0000006883,CUST0836,2025-09-09,KL-677,37,377000,Cash,15.0,Completed,
TX_0000007153,CUST0868,2024-10-10,VG-543,26,482000,Cash,30.0,Completed,Very satisfied with this purchase
TX_0000003346,CUST0406,2024-12-07,RO-026,13,254000,Debit Card,45.0,Completed,Price worth it for the quality
TX_0000007324,CUST0889,2025-08-11,IC-561,14,462000,Cash,41.0,Completed,
TX_0000005871,CUST0708,2025-07-30,ZK-539,37,479000,Cash,2.0,Completed,Disappointed with item quality
TX_0000006507,CUST0786,2025-09-19,IC-367,15,342000,E-wallet,0.0,Completed,"Standard quality, reasonable price"
TX_0000002798,CUST0341,2025-04-17,WR-099,23,203000,E-wallet,6.0,Completed,
TX_0000000919,CUST0116,2025-02-09,EB-809,29,238000,Cash,2.0,Refunded,
TX_0000001647,CUST0206,2024-11-06,CZ-275,32,426000,E-wallet,3.0,Completed,
TX_0000005123,CUST0619,2024-10-18,CU-044,24,107000,E-wallet,11.0,Completed,Original and quality item
TX_0000005127,CUST0619,2024-12-03,XL-250,25,369000,E-wallet,37.0,Completed,"Quality item, packaging OK"
TX_0000004979,CUST0602,2025-08-07,QN-078,1,455000,E-wallet,48.0,Completed,
TX_0000005432,CUST0659,2025-01-10,IZ-539,39,316000,Debit Card,31.0,Completed,
TX_0000006843,CUST0830,2025-07-01,NV-849,33,262000,Bank Transfer,16.0,Completed,
TX_0000004622,CUST0556,2025-09-17,XM-129,25,185000,E-wallet,31.0,Completed,Item arrived safely
TX_0000006810,CUST0826,2024-10-04,DY-841,38,366000,Bank Transfer,31.0,Completed,
TX_0000000365,CUST0049,2024-10-19,GV-796,13,458000,Cash,,Completed,
TX_0000003288,CUST0398,2025-06-23,UN-525,28,324000,Credit Card,21.0,Completed,
TX_0000002126,CUST0260,2025-02-01,VS-090,22,389000,Bank Transfer,47.0,Completed,
TX_0000004124,CUST0500,2024-10-28,NI-657,24,463000,Credit Card,9.0,Completed,
TX_0000004570,CUST0551,2025-01-17,DP-068,35,222000,Cash,9.0,Completed,
TX_0000000526,CUST0069,2025-02-02,TE-555,39,339000,Credit Card,28.0,Completed,
TX_0000004822,CUST0581,2024-11-02,JO-313,29,205000,E-wallet,40.0,Completed,"Quality product, satisfying service"
TX_0000000056,CUST0007,2025-02-08,ZY-038,20,149000,Cash,11.0,Completed,"Defective item, please replace"
TX_0000000639,CUST0079,2024-12-04,JL-983,34,166000,Credit Card,27.0,Cancelled,Doesn't match my expectations
TX_0000000303,CUST0039,2025-06-04,SC-879,20,312000,Credit Card,19.0,Completed,Item arrived safely
TX_0000002767,CUST0336,2024-10-07,SY-412,29,418000,Bank Transfer,41.0,Completed,
TX_0000005812,CUST0702,2024-11-03,HB-100,16,248000,Credit Card,49.0,Completed,Good product for this price range
TX_0000001277,CUST0158,2025-07-23,EH-800,28,149000,Cash,17.0,Completed,
TX_0000007682,CUST0934,2024-10-18,EM-622,22,371000,Debit Card,44.0,Refunded,
TX_0000004721,CUST0568,2024-11-25,IL-357,16,193000,Cash,,Completed,
TX_0000002056,CUST0253,2024-07-26,FR-796,16,252000,Debit Card,15.0,Completed,"Fast shipping, neat packaging"
TX_0000005377,CUST0654,2024-10-16,RW-702,17,108000,Cash,0.0,Completed,Won't buy here again
TX_0000006948,CUST0844,2024-11-21,AA-392,16,53000,Bank Transfer,25.0,Completed,"Safe shipping, nothing damaged"
TX_0000005146,CUST0621,2024-03-24,RH-914,18,108000,Cash,3.0,Completed,
TX_0000004433,CUST0536,2025-01-29,NK-056,18,427000,Cash,14.0,Completed,
TX_0000003645,CUST0738,2024-11-24,QQ-348,29,360000,Bank Transfer,,Completed,
TX_0000004144,CUST0502,2024-10-12,YF-924,34,413000,E-wallet,30.0,Completed,
TX_0000002879,CUST0353,2025-09-12,QC-900,33,113000,Bank Transfer,43.0,Completed,
TX_0000004203,CUST0509,2025-03-27,BQ-221,27,359000,Debit Card,35.0,Completed,
TX_0000006494,CUST0784,2024-10-25,SZ-417,9,1300,E-wallet,32.0,Completed,
TX_0000005176,CUST0625,2025-01-17,ZW-617,11,238000,Credit Card,9.0,Completed,"Safe shipping, nothing damaged"
TX_0000002287,CUST0279,2025-02-02,RB-943,4,46000,Bank Transfer,2.0,Completed,
TX_0000002262,CUST0277,2025-01-25,ZL-896,10,369000,Credit Card,21.0,Completed,
TX_0000005241,CUST0633,2025-03-05,DE-103,33,130000,Debit Card,32.0,Pending,"Slow shipping, ordinary item"
TX_0000007298,CUST0886,2025-02-09,DU-404,21,315000,Credit Card,23.0,Completed,
TX_0000002297,CUST0280,2024-12-07,IB-021,32,315000,Cash,17.0,Completed,
TX_0000006938,CUST0843,2024-10-17,HM-564,17,278000,E-wallet,38.0,Completed,
TX_0000005933,CUST0717,2024-12-17,VG-788,37,220000,Cash,45.0,Completed,
TX_0000001754,CUST0215,2025-02-20,RS-921,18,256000,Bank Transfer,,Cancelled,
TX_0000005198,CUST0628,2025-08-08,KJ-103,34,207000,Credit Card,47.0,Completed,Doesn't match my expectations
TX_0000001969,CUST0240,2024-11-08,DT-808,16,406000,Bank Transfer,,Completed,Very slow shipping
TX_0000007122,CUST0864,2025-01-08,RT-551,13,451000,Cash,7.0,Completed,
TX_0000003118,CUST0381,2024-04-13,BG-890,31,438000,Cash,21.0,Completed,A bit expensive but satisfied with result
TX_0000002394,CUST0292,2025-07-30,RP-767,36,135000,Debit Card,27.0,Completed,
TX_0000000524,CUST0068,2025-01-21,RJ-753,32,467000,Credit Card,33.0,Completed,
TX_0000006377,CUST0771,2024-11-02,ZE-094,29,346000,Bank Transfer,32.0,Cancelled,Bit overpriced but quality is okay
TX_0000006789,CUST0823,2024-12-08,HP-175,2,44000,Bank Transfer,10.0,Completed,
TX_0000006982,CUST0849,2024-11-12,AE-803,22,273000,Cash,19.0,Completed,Doesn't meet expectations
TX_0000005525,CUST0670,2025-09-22,GV-979,20,189000,Bank Transfer,22.0,Completed,
TX_0000006678,CUST0808,2025-09-13,KQ-190,22,221000,Credit Card,42.0,Completed,
TX_0000003901,CUST0466,2025-01-25,QD-485,30,345000,E-wallet,10.0,Completed,
TX_0000007643,CUST0929,2025-06-25,SH-083,7,128000,Debit Card,37.0,Completed,
TX_0000004700,CUST0564,2025-01-09,YU-912,5,449000,Cash,43.0,Completed,
TX_0000005586,CUST0679,2025-09-20,CG-339,10,459000,Bank Transfer,50.0,Completed,
TX_0000007238,CUST0877,2024-11-11,WQ-380,31,301000,E-wallet,1.0,Completed,
TX_0000003123,CUST0381,2024-11-24,US-974,22,1481000,Cash,19.0,Completed,Recommended seller
TX_0000006778,CUST0822,2024-11-07,QW-653,18,465000,Bank Transfer,8.0,Completed,
TX_0000004157,CUST0503,2024-11-29,BS-367,32,133000,E-wallet,14.0,Refunded,
TX_0000001970,CUST0241,2025-03-09,SF-600,14,394000,E-wallet,40.0,Cancelled,
TX_0000000672,CUST0084,2025-01-18,WE-476,30,483000,E-wallet,7.0,Completed,
TX_0000004189,CUST0508,2025-02-13,BP-099,34,454000,E-wallet,11.0,Refunded,
TX_0000000667,CUST0084,2025-01-26,HU-568,40,458000,Cash,12.0,Completed,
TX_0000008124,CUST0988,2025-03-14,EB-655,23,1033000,Credit Card,23.0,Completed,
TX_0000001888,CUST0230,2025-08-29,TE-732,37,358000,Debit Card,16.0,Completed,Shipping delayed but item is good
TX_0000003267,CUST0395,2025-03-12,LR-700,13,215000,Bank Transfer,43.0,Completed,Very satisfied with this purchase
TX_0000000281,CUST0036,2025-07-16,QJ-643,21,178000,Credit Card,,Completed,
TX_0000001720,CUST0213,2024-12-29,AD-765,20,331000,Bank Transfer,10.0,Completed,
TX_0000002948,CUST0361,2025-01-16,JJ-869,25,188000,Bank Transfer,31.0,Cancelled,
TX_0000004456,CUST0539,2025-03-14,RW-996,15,147000,Debit Card,9.0,Completed,"Quality matches the price, decent enough"
TX_0000000900,CUST0112,2025-02-02,TR-463,22,8000,Bank Transfer,28.0,Completed,
TX_0000006032,CUST0729,2025-01-09,PN-275,5,495000,Credit Card,10.0,Completed,
TX_0000007939,CUST0965,2024-11-30,OK-215,24,300000,Credit Card,38.0,Completed,
TX_0000006091,CUST0735,2025-01-01,NO-378,3,312000,Bank Transfer,34.0,Completed,
TX_0000007185,CUST0872,2024-10-09,GJ-577,21,97000,Cash,3.0,Refunded,
TX_0000006992,CUST0852,2025-02-13,KG-756,20,197000,Debit Card,31.0,Completed,"Slow shipping, ordinary item"
TX_0000000761,CUST0095,2025-03-22,EQ-964,34,346000,Credit Card,10.0,Completed,
TX_0000006255,CUST0758,2025-03-12,TP-784,22,320000,Cash,31.0,Completed,"Honest seller, item as described"
TX_0000001907,CUST0232,2024-12-14,AU-559,19,229000,Credit Card,33.0,Completed,
TX_0000004043,CUST0487,2024-12-04,NZ-445,24,472000,Credit Card,20.0,Completed,
TX_0000003824,CUST0457,2025-01-19,NG-065,21,204000,Debit Card,13.0,Completed,Item arrived safely
TX_0000004139,CUST0502,2025-01-04,PW-065,30,144000,Debit Card,36.0,Completed,
TX_0000003819,CUST0456,2024-12-27,WM-827,23,419000,Bank Transfer,42.0,Completed,"Product meets expectations, will buy again"
TX_0000006270,CUST0760,2024-12-14,UD-600,23,59000,Credit Card,,Cancelled,"High quality product, recommended"
TX_0000004301,CUST0519,2025-03-21,CX-516,15,186000,Cash,35.0,Completed,Shipping delayed but item is good
TX_0000005570,CUST0676,2025-06-20,DL-768,31,213000,Bank Transfer,49.0,Completed,
TX_0000006197,CUST0750,2024-09-10,TN-743,21,406000,Bank Transfer,23.0,Completed,
TX_0000002594,CUST0317,2025-03-06,KG-253,20,104000,E-wallet,17.0,Completed,
TX_0000004165,CUST0504,2024-09-25,SK-313,17,349000,E-wallet,15.0,Completed,
TX_0000003032,CUST0371,2024-12-19,AE-810,15,98000,Bank Transfer,50.0,Completed,"Product meets expectations, great"
TX_0000005972,CUST0723,2025-09-15,LP-854,20,396000,Credit Card,19.0,Completed,
TX_0000003580,CUST0430,2024-12-09,PJ-539,16,108000,Credit Card,11.0,Completed,
TX_0000002833,CUST0346,2025-02-19,UQ-657,35,321000,Credit Card,11.0,Completed,
TX_0000005450,CUST0661,2025-09-14,BU-971,28,421000,Debit Card,33.0,Cancelled,A bit disappointing for this price
TX_0000003473,CUST0419,2024-12-27,IY-824,27,467000,Debit Card,42.0,Completed,Premium quality at affordable price
TX_0000006328,CUST0767,2025-03-23,RG-030,15,423000,Credit Card,10.0,Completed,Satisfying service
TX_0000000138,CUST0016,2025-06-01,GS-764,28,323000,Debit Card,50.0,Completed,"Safe packaging, not damaged"
TX_0000007044,CUST0856,2025-08-26,TA-859,5,485000,Bank Transfer,5.0,Completed,"Defective item, please replace"
TX_0000004893,CUST0589,2025-07-25,JN-947,17,359000,Debit Card,32.0,Completed,
TX_0000002181,CUST0267,2023-10-18,VI-079,38,190000,E-wallet,49.0,Completed,
TX_0000002129,CUST0261,2025-08-12,DD-051,37,451000,Cash,48.0,Completed,
TX_0000003178,CUST0386,2024-10-31,MD-175,23,335000,Cash,32.0,Completed,Responsive and helpful seller
TX_0000004855,CUST0585,2025-06-08,VP-851,10,78000,Debit Card,29.0,Completed,
TX_0000004638,CUST0557,2025-03-28,XK-585,25,186000,Credit Card,1.0,Completed,
TX_0000005116,CUST0619,2025-03-11,AZ-992,31,303000,Credit Card,38.0,Pending,
TX_0000007149,CUST0867,2025-06-19,KJ-294,23,486000,Bank Transfer,24.0,Completed,
TX_0000007128,CUST0864,2024-10-10,FJ-390,12,323000,Cash,44.0,Pending,
TX_0000004262,CUST0515,2025-09-11,IZ-434,22,34000,E-wallet,21.0,Completed,
TX_0000004345,CUST0523,2025-09-15,QZ-609,32,272000,Credit Card,17.0,Cancelled,
TX_0000001332,CUST0166,2025-08-15,CS-018,22,99000,Debit Card,10.0,Completed,
TX_0000002018,CUST0246,2025-01-11,OL-630,1,200000,Bank Transfer,26.0,Completed,
TX_0000004543,CUST0548,2025-02-28,LF-345,21,494000,E-wallet,46.0,Completed,
TX_0000002483,CUST0305,2025-09-03,KP-247,33,456000,Credit Card,38.0,Completed,
TX_0000007003,CUST0852,2025-03-11,NA-627,10,482000,Cash,21.0,Completed,Slightly defective but still usable
TX_0000001359,CUST0168,2025-09-05,YA-137,16,470000,Credit Card,5.0,Completed,
TX_0000006942,CUST0843,2024-05-25,TL-770,29,269000,Bank Transfer,0.0,Completed,
TX_0000006242,CUST0756,2024-11-30,MV-131,39,359000,Cash,37.0,Completed,Item arrived safely
TX_0000001330,CUST0165,2025-09-21,AE-027,39,285000,Bank Transfer,14.0,Completed,
TX_0000008177,CUST0997,2024-10-03,NM-678,34,248000,Cash,17.0,Completed,
TX_0000006882,CUST0836,2025-07-29,AS-445,23,476000,Debit Card,33.0,Cancelled,
TX_0000008075,CUST0983,2024-11-17,TP-164,35,196000,Cash,,Completed,
TX_0000002151,CUST0264,2025-07-29,SG-696,15,161000,Cash,33.0,Completed,
TX_0000004531,CUST0546,2025-08-21,DL-039,34,483000,Debit Card,8.0,Completed,
TX_0000002123,CUST0259,2025-09-24,BY-344,37,134000,Cash,46.0,Completed,
TX_0000004674,CUST0561,2025-01-25,SN-100,4,182000,Debit Card,15.0,Completed,
TX_0000003982,CUST0476,2025-07-13,TM-133,26,419000,Credit Card,2.0,Completed,
TX_0000006997,CUST0852,2025-02-01,MA-652,18,248000,Credit Card,3.0,Completed,Item arrived faster than expected
TX_0000001253,CUST0156,2024-11-23,UW-051,36,215000,Cash,13.0,Completed,
TX_0000003279,CUST0397,2024-12-11,KC-408,35,163000,Debit Card,0.0,Completed,Quality below expectations
TX_0000007063,CUST0858,2025-03-01,XM-227,18,119000,Bank Transfer,15.0,Cancelled,
TX_0000003375,CUST0408,2025-03-02,UX-068,5,367000,Bank Transfer,7.0,Completed,
TX_0000002815,CUST0343,2025-07-10,OS-568,16,362000,Cash,48.0,Completed,
TX_0000004720,CUST0568,2024-10-07,BE-960,17,425000,Bank Transfer,22.0,Completed,
TX_0000006545,CUST0792,2023-12-21,AR-919,39,242000,Bank Transfer,38.0,Completed,"Safe packaging, not damaged"
TX_0000001849,CUST0227,2024-10-28,FG-051,23,454000,E-wallet,28.0,Completed,Item arrived faster than expected
TX_0000004859,CUST0585,2024-10-09,BT-745,18,59000,Credit Card,,Completed,
TX_0000003038,CUST0371,2025-02-12,VQ-205,2,354000,Debit Card,24.0,Completed,
TX_0000000389,CUST0052,2025-09-16,RK-044,18,5000,Cash,18.0,Pending,
TX_0000000236,CUST0031,2025-09-02,XD-096,4,191000,Bank Transfer,22.0,Completed,"Amazing product, exceeds expectations"
TX_0000001078,CUST0133,2025-07-13,NK-172,19,263000,Credit Card,41.0,Completed,"Slow shipping, ordinary item"
TX_0000001985,CUST0242,2025-02-28,AN-565,14,188000,Credit Card,8.0,Completed,Slightly defective but still usable
TX_0000004364,CUST0527,2025-01-27,AR-035,2,329000,Credit Card,31.0,Completed,"Safe shipping, nothing damaged"
TX_0000003963,CUST0474,2025-09-09,GP-785,17,291000,Debit Card,11.0,Completed,"Super fast shipping, thanks"
TX_0000000771,CUST0096,2025-01-23,HG-512,21,277000,Debit Card,18.0,Completed,
TX_0000002166,CUST0265,2025-03-15,YA-856,13,1300,Cash,14.0,Completed,Shipping delayed but item is good
TX_0000004534,CUST0546,2025-08-13,QY-952,25,290000,E-wallet,3.0,Completed,Doesn't meet expectations
TX_0000000674,CUST0085,2025-01-28,QJ-506,21,156000,E-wallet,17.0,Pending,
TX_0000000250,CUST0032,2024-11-24,PU-896,20,103000,Bank Transfer,33.0,Completed,"Quality is okay, affordable price"
TX_0000006298,CUST0763,2025-01-31,PA-761,13,122000,Credit Card,40.0,Completed,Size doesn't match expectations
TX_0000001575,CUST0196,2025-09-17,DO-358,24,117000,Credit Card,13.0,Completed,
TX_0000006239,CUST0756,2025-02-08,KO-090,34,165000,Debit Card,17.0,Completed,
TX_0000003420,CUST0414,2025-06-25,JN-963,40,176000,Bank Transfer,2.0,Completed,
TX_0000002082,CUST0255,2024-12-22,JH-669,20,279000,E-wallet,6.0,Completed,Shipping delayed but item is good
TX_0000001824,CUST0224,2025-03-13,VR-209,39,168000,Bank Transfer,22.0,Completed,
TX_0000007587,CUST0923,2025-09-19,TV-891,20,278000,Credit Card,6.0,Completed,
TX_0000007838,CUST0952,2025-01-23,GS-423,25,269000,Credit Card,22.0,Completed,"Quality product, attractive packaging"
TX_0000004545,CUST0548,2024-08-26,YF-648,20,451000,Debit Card,35.0,Completed,
TX_0000005566,CUST0676,2024-10-08,MX-293,20,231000,Debit Card,12.0,Completed,
TX_0000000717,CUST0090,2024-12-05,MG-980,16,401000,Cash,16.0,Completed,Good product for this price range
TX_0000007315,CUST0888,2025-01-04,BT-187,26,330000,E-wallet,40.0,Completed,
TX_0000007655,CUST0930,2025-09-03,GI-505,4,201000,Bank Transfer,45.0,Completed,"Good item, express shipping"
TX_0000002049,CUST0252,2024-12-30,FD-242,10,332000,Credit Card,20.0,Cancelled,
TX_0000005998,CUST0726,2024-12-11,TC-385,24,257000,Bank Transfer,22.0,Completed,
TX_0000006601,CUST0798,2024-04-24,YX-628,23,261000,Credit Card,8.0,Completed,
TX_0000005265,CUST0635,2025-07-11,EG-852,10,223000,Bank Transfer,40.0,Completed,"Thank you, very recommended"
TX_0000004179,CUST0506,2025-03-02,RJ-555,31,491000,E-wallet,46.0,Cancelled,"Competitive price, decent quality"
TX_0000004810,CUST0579,2024-10-03,DK-736,33,433000,Credit Card,11.0,Completed,
TX_0000002725,CUST0330,2024-12-20,YG-669,21,133000,Cash,10.0,Completed,Good product for this price range
TX_0000007412,CUST0898,2024-11-08,MX-544,16,77000,Cash,32.0,Cancelled,"Responsive seller, good problem solving"
TX_0000007141,CUST0867,2025-06-09,UX-258,38,268000,Debit Card,0.0,Completed,"Product meets expectations, will buy again"
TX_0000007191,CUST0872,2025-03-06,VF-264,11,407000,Credit Card,41.0,Completed,
TX_0000001461,CUST0185,2025-03-07,OY-737,21,252000,Credit Card,33.0,Cancelled,"Poor product, requesting refund"
TX_0000006915,CUST0841,2025-01-13,AV-188,15,469000,Credit Card,41.0,Completed,
TX_0000005990,CUST0724,2025-03-22,LM-380,28,109000,Debit Card,,Completed,
TX_0000001669,CUST0208,2024-12-15,KQ-775,39,422000,Cash,38.0,Completed,
TX_0000002757,CUST0334,2025-03-13,EE-800,22,355000,Cash,21.0,Completed,Slightly disappointed with the finishing
TX_0000002001,CUST0244,2024-10-11,WR-339,20,394000,E-wallet,34.0,Completed,
TX_0000004572,CUST0551,2024-11-20,ZX-701,38,367000,Cash,46.0,Completed,
TX_0000004614,CUST0554,2025-03-26,OJ-413,25,497000,Cash,28.0,Completed,
TX_0000007621,CUST0927,2025-08-03,MX-984,32,255000,E-wallet,17.0,Completed,
TX_0000000405,CUST0054,2025-03-23,SQ-911,23,310000,Cash,33.0,Completed,
TX_0000000385,CUST0052,2025-09-01,MF-466,5,340000,Credit Card,35.0,Completed,
TX_0000007363,CUST0892,2024-10-18,CJ-506,28,36000,E-wallet,12.0,Cancelled,Doesn't match my expectations
TX_0000002153,CUST0264,2024-10-20,BG-351,37,409000,Cash,21.0,Completed,
TX_0000001634,CUST0205,2024-10-04,AO-924,33,275000,Debit Card,24.0,Refunded,
TX_0000007513,CUST0910,2025-08-03,UF-494,29,457000,E-wallet,2.0,Completed,
TX_0000005581,CUST0678,2025-06-14,BO-719,36,89000,E-wallet,40.0,Completed,Shipping delayed but item is good
TX_0000004785,CUST0576,2025-02-20,IY-920,37,155000,Debit Card,21.0,Completed,
TX_0000007378,CUST0895,2024-10-30,OI-742,19,492000,Debit Card,0.0,Completed,"Defective item, please replace"
TX_0000006971,CUST0846,2024-11-25,NG-790,24,287000,Debit Card,37.0,Completed,
TX_0000003926,CUST0468,2025-09-08,FM-110,18,316000,Cash,19.0,Completed,"Amazing product, exceeds expectations"
TX_0000005337,CUST0649,2025-07-02,XR-194,15,349000,Credit Card,14.0,Completed,"Safe shipping, nothing damaged"
TX_0000004159,CUST0503,2025-01-08,PD-485,18,63000,E-wallet,45.0,Completed,"Responsive seller, good problem solving"
TX_0000004949,CUST0599,2024-10-06,ZD-718,37,361000,Bank Transfer,10.0,Completed,
TX_0000005899,CUST0713,2025-01-21,YG-923,27,409000,Cash,18.0,Completed,
TX_0000007435,CUST0900,2024-10-17,FF-467,6,320000,Credit Card,50.0,Completed,Item arrived faster than expected
TX_0000005359,CUST0652,2024-11-16,TA-568,23,254000,Credit Card,8.0,Cancelled,Quality below expectations
TX_0000000224,CUST0029,2025-05-08,XP-280,32,361000,Credit Card,,Completed,
TX_0000002194,CUST0268,2025-01-09,PS-709,40,352000,Debit Card,23.0,Completed,Recommended seller
TX_0000003137,CUST0382,2025-03-15,MW-663,11,14000,Debit Card,47.0,Completed,
TX_0000004470,CUST0540,2025-02-15,ZR-745,15,214000,Debit Card,50.0,Completed,
TX_0000001825,CUST0224,2025-04-02,BK-692,23,350000,Credit Card,36.0,Completed,
TX_0000007532,CUST0911,2025-08-06,ZP-412,3,223000,Cash,46.0,Completed,
TX_0000005125,CUST0619,2025-01-20,OL-278,26,195000,Cash,49.0,Completed,Shipping a bit slow but good item
TX_0000004973,CUST0602,2025-08-25,QK-337,19,320000,Debit Card,23.0,Completed,
TX_0000000798,CUST0101,2024-11-20,YS-813,7,171000,Debit Card,50.0,Completed,
TX_0000002872,CUST0353,2025-08-23,NN-282,31,364000,E-wallet,42.0,Cancelled,
TX_0000000010,CUST0003,2025-01-22,KJ-345,34,321000,E-wallet,23.0,Completed,
TX_0000006594,CUST0797,2025-08-01,FI-744,21,138000,Cash,21.0,Completed,
TX_0000001945,CUST0237,2025-03-24,ZZ-226,30,232000,Bank Transfer,23.0,Completed,"100% original item, recommended"
TX_0000001839,CUST0225,2025-02-22,AH-440,20,393000,Debit Card,32.0,Completed,
TX_0000004805,CUST0579,2025-02-23,SY-269,18,438000,Credit Card,18.0,Cancelled,
TX_0000000256,CUST0032,2025-07-14,NK-195,17,1540000,E-wallet,19.0,Completed,
TX_0000007027,CUST0855,2025-03-04,RD-011,24,20000,Debit Card,37.0,Completed,"Competitive price, decent quality"
TX_0000005714,CUST0694,2025-09-02,KE-117,21,51000,Debit Card,25.0,Completed,
TX_0000004486,CUST0542,2024-10-01,ZV-701,29,473000,Debit Card,45.0,Pending,
TX_0000007387,CUST0896,2025-07-02,UO-483,24,480000,E-wallet,22.0,Completed,
TX_0000001582,CUST0197,2024-10-29,KV-214,40,400000,Cash,36.0,Completed,
TX_0000002957,CUST0362,2025-06-26,XI-389,8,156000,Debit Card,6.0,Completed,
TX_0000000925,CUST0117,2025-02-17,DM-465,20,284000,Credit Card,12.0,Completed,
TX_0000007884,CUST0959,2025-03-02,SY-686,39,650000,Cash,0.0,Completed,
TX_0000007541,CUST0912,2024-10-26,PS-314,11,437000,Credit Card,39.0,Completed,
TX_0000002509,CUST0308,2025-06-17,YN-795,29,402000,Debit Card,44.0,Completed,
TX_0000006133,CUST0742,2025-08-09,JJ-316,19,445000,Debit Card,8.0,Completed,
TX_0000005025,CUST0607,2024-10-27,KC-213,14,296000,Credit Card,40.0,Completed,
TX_0000005321,CUST0646,2024-11-26,RR-885,20,72000,Credit Card,,Completed,"100% original item, recommended"
TX_0000007103,CUST0861,2025-02-23,XI-282,37,84000,E-wallet,0.0,Completed,
TX_0000006646,CUST0803,2025-08-27,FA-251,22,335000,Credit Card,36.0,Completed,
TX_0000006043,CUST0730,2024-12-17,JA-862,30,480000,E-wallet,41.0,Completed,Won't buy here again
TX_0000003776,CUST0452,2025-05-11,LF-170,5,216000,Bank Transfer,,Pending,
TX_0000004836,CUST0582,2025-01-02,RY-215,34,218000,Bank Transfer,38.0,Cancelled,
TX_0000004137,CUST0502,2024-11-02,QR-336,34,237000,Cash,36.0,Cancelled,
TX_0000004965,CUST0601,2024-10-11,VB-256,19,483000,E-wallet,35.0,Completed,
TX_0000002780,CUST0337,2025-03-27,ZM-922,34,263000,Credit Card,7.0,Completed,
TX_0000000540,CUST0071,2025-06-29,XG-564,35,487000,Cash,43.0,Completed,
TX_0000002746,CUST0333,2025-03-12,BT-998,38,261000,Credit Card,36.0,Completed,
TX_0000007370,CUST0894,2025-01-04,QE-567,18,116000,Debit Card,13.0,Cancelled,"Good item, express shipping"
TX_0000007491,CUST0907,2025-02-11,JC-508,32,414000,Bank Transfer,4.0,Completed,
TX_0000006820,CUST0827,2024-07-29,FQ-744,31,306000,Cash,35.0,Completed,"Amazing product, exceeds expectations"
TX_0000005468,CUST0663,2024-11-05,EJ-994,35,226000,Bank Transfer,21.0,Completed,
TX_0000001146,CUST0140,2025-04-22,NF-543,24,345000,Debit Card,10.0,Completed,
TX_0000005128,CUST0619,2024-10-26,MP-880,15,150000,Debit Card,13.0,Completed,"Quality is okay, affordable price"
TX_0000004469,CUST0540,2024-10-19,ZW-266,28,242000,Credit Card,37.0,Completed,"Honest seller, item as described"
TX_0000000668,CUST0084,2024-10-04,XW-518,36,145000,E-wallet,45.0,Completed,
TX_0000003020,CUST0369,2024-10-26,IB-583,33,180000,Debit Card,28.0,Refunded,
TX_0000000358,CUST0049,2025-09-02,HF-206,16,38000,Credit Card,7.0,Completed,"Item damaged upon arrival, disappointed"
TX_0000005064,CUST0611,2025-09-19,DZ-771,19,307000,Debit Card,48.0,Completed,
TX_0000002832,CUST0346,2024-04-02,RZ-640,29,388000,Debit Card,9.0,Completed,Response was slow but item is good
TX_0000002784,CUST0338,2024-10-08,ZG-407,21,423000,E-wallet,8.0,Completed,
TX_0000001354,CUST0167,2024-10-07,CI-977,28,174000,E-wallet,18.0,Completed,
TX_0000005132,CUST0620,2025-03-05,OB-306,14,42000,E-wallet,,Completed,Bit disappointing from the photo
TX_0000007115,CUST0864,2024-12-23,AU-408,17,231000,E-wallet,32.0,Completed,
TX_0000000471,CUST0062,2025-03-01,NI-676,24,377000,E-wallet,35.0,Cancelled,
TX_0000002704,CUST0328,2024-11-07,ZE-117,25,179000,Credit Card,0.0,Completed,
TX_0000003331,CUST0404,2024-06-18,UM-967,29,218000,Bank Transfer,41.0,Pending,"Honest seller, item as described"
TX_0000003638,CUST0738,2025-03-23,PL-686,28,1839000,E-wallet,47.0,Completed,Item arrived in perfect condition
TX_0000001397,CUST0175,2025-02-17,YU-027,34,205000,E-wallet,11.0,Completed,
TX_0000003585,CUST0431,2025-01-30,CG-214,35,418000,Cash,5.0,Cancelled,Bit overpriced but quality is okay
TX_0000007357,CUST0892,2025-03-15,DQ-255,30,265000,E-wallet,39.0,Completed,
TX_0000005263,CUST0635,2025-04-14,RA-874,13,50000,Cash,17.0,Completed,
TX_0000005646,CUST0686,2025-02-18,QS-661,21,167000,Debit Card,38.0,Completed,Satisfying service
TX_0000003377,CUST0408,2025-01-03,YO-833,9,403000,Cash,13.0,Completed,
TX_0000001257,CUST0156,2025-01-13,JK-188,26,451000,Cash,43.0,Completed,"Good item, express shipping"
TX_0000006191,CUST0749,2024-12-03,ZC-649,17,232000,E-wallet,15.0,Completed,
TX_0000003513,CUST0424,2025-07-31,ZZ-603,18,482000,E-wallet,9.0,Completed,
TX_0000005652,CUST0687,2025-03-18,SN-198,39,341000,Cash,18.0,Cancelled,
TX_0000005779,CUST0698,2025-09-21,FU-261,19,286000,Debit Card,1.0,Completed,
TX_0000001251,CUST0155,2025-05-27,JJ-954,23,345000,Debit Card,44.0,Completed,"Item matches picture, very satisfied"
TX_0000005796,CUST0700,2024-11-24,XB-851,25,3000,E-wallet,20.0,Completed,
TX_0000005349,CUST0650,2024-10-24,VR-704,31,356000,E-wallet,8.0,Completed,
TX_0000007873,CUST0958,2025-08-31,MO-942,19,261000,Cash,46.0,Completed,Quality below expectations
TX_0000004299,CUST0519,2024-11-19,QE-705,6,334000,Bank Transfer,23.0,Completed,"Honest seller, item as described"
TX_0000003285,CUST0397,2025-07-06,NS-525,25,267000,Credit Card,25.0,Completed,
TX_0000002934,CUST0360,2025-07-01,ZA-430,29,350000,Bank Transfer,30.0,Cancelled,
TX_0000004176,CUST0506,2024-10-15,SN-760,34,382000,Debit Card,45.0,Completed,
TX_0000005269,CUST0636,2025-01-29,JW-845,36,498000,Credit Card,32.0,Completed,
TX_0000004911,CUST0593,2025-06-19,EU-863,21,254000,Cash,32.0,Pending,
TX_0000001853,CUST0227,2024-11-10,QA-283,26,135000,Debit Card,35.0,Completed,Response was slow but item is good
TX_0000006317,CUST0765,2025-09-24,ZN-787,35,457000,Debit Card,40.0,Completed,
TX_0000006816,CUST0826,2024-06-05,LB-582,28,293000,Cash,3.0,Completed,
TX_0000007673,CUST0933,2024-12-30,IZ-418,25,13000,E-wallet,43.0,Completed,
TX_0000007973,CUST0968,2024-12-28,OT-677,39,374000,Bank Transfer,,Completed,Won't buy here again
TX_0000002106,CUST0258,2025-08-29,SZ-471,36,465000,E-wallet,7.0,Refunded,
TX_0000000134,CUST0016,2025-07-12,QZ-570,23,165000,Cash,20.0,Pending,"Safe shipping, nothing damaged"
TX_0000005237,CUST0632,2024-11-18,IM-667,14,219000,Credit Card,34.0,Completed,"Amazing product, highly recommended"
TX_0000005030,CUST0608,2025-07-01,FA-473,30,465000,Credit Card,23.0,Completed,Disappointed with item quality
TX_0000000929,CUST0137,2025-02-08,BC-480,23,333000,Bank Transfer,5.0,Completed,
TX_0000000824,CUST0104,2025-09-21,UE-557,25,440000,Credit Card,6.0,Completed,Bit disappointing from the photo
TX_0000007453,CUST0904,2025-03-06,QW-238,33,455000,E-wallet,3.0,Completed,
TX_0000001532,CUST0193,2025-05-26,OI-320,25,494000,E-wallet,29.0,Completed,"Quality matches the price, decent enough"
TX_0000001215,CUST0152,2025-09-18,AQ-265,37,139000,E-wallet,8.0,Refunded,
TX_0000000505,CUST0065,2025-06-04,WU-441,11,399000,E-wallet,30.0,Completed,Friendly and professional service
TX_0000004286,CUST0517,2025-01-11,HL-392,20,135000,Debit Card,17.0,Completed,Slightly defective but still usable
TX_0000006492,CUST0784,2025-02-12,SR-345,2,318000,E-wallet,35.0,Completed,
TX_0000001997,CUST0243,2025-09-02,MA-523,7,45000,Cash,,Completed,
TX_0000006531,CUST0789,2024-12-29,HQ-637,21,368000,Bank Transfer,49.0,Completed,
TX_0000003073,CUST0376,2024-06-27,DZ-079,22,223000,Debit Card,9.0,Completed,
TX_0000001959,CUST0238,2024-12-08,AJ-305,16,311000,E-wallet,1.0,Completed,
TX_0000001385,CUST0172,2025-02-17,PH-983,6,304000,Cash,34.0,Completed,Shipping delayed but item is good
TX_0000000895,CUST0112,2024-10-14,JX-944,3,243000,Debit Card,41.0,Completed,
TX_0000004925,CUST0595,2025-03-13,DI-794,24,332000,Cash,43.0,Completed,
TX_0000000456,CUST0060,2025-07-04,SB-101,22,364000,Credit Card,27.0,Refunded,
TX_0000006620,CUST0801,2024-12-14,OY-848,39,1947000,Bank Transfer,34.0,Completed,
TX_0000005780,CUST0698,2025-09-07,BU-645,13,363000,Cash,50.0,Refunded,
TX_0000007595,CUST0923,2025-03-04,KY-527,33,135000,Bank Transfer,33.0,Cancelled,
TX_0000003710,CUST0444,2024-10-16,ZY-877,14,454000,Credit Card,14.0,Completed,"Quality item, packaging OK"
TX_0000007566,CUST0918,2025-09-06,EM-457,9,464000,Credit Card,30.0,Completed,Very satisfied with this purchase
TX_0000004850,CUST0584,2024-11-30,XO-669,19,304000,Debit Card,45.0,Pending,
TX_0000004749,CUST0571,2025-01-11,OF-995,22,1235000,Cash,38.0,Completed,
TX_0000004269,CUST0516,2025-09-06,HM-910,6,471000,E-wallet,9.0,Completed,
TX_0000003523,CUST0425,2024-10-27,PP-461,24,458000,Bank Transfer,,Completed,Size doesn't match expectations
TX_0000007294,CUST0885,2024-11-11,YP-615,24,253000,E-wallet,0.0,Cancelled,
TX_0000004135,CUST0502,2024-06-06,RC-965,22,397000,Bank Transfer,30.0,Completed,"Slow shipping, ordinary item"
TX_0000003603,CUST0432,2025-09-04,MM-775,36,317000,Credit Card,50.0,Completed,"Amazing product, exceeds expectations"
TX_0000008010,CUST0973,2025-02-16,MK-591,15,465000,Bank Transfer,21.0,Completed,Bit overpriced but quality is okay
TX_0000000714,CUST0089,2025-08-08,HB-564,7,261000,Debit Card,3.0,Completed,"Packaging not neat, but item is okay"
TX_0000004187,CUST0507,2025-03-26,FW-737,4,204000,Debit Card,47.0,Completed,
TX_0000002215,CUST0661,2025-09-11,FO-416,19,368000,Credit Card,2.0,Completed,Good product for this price range
TX_0000005302,CUST0643,2025-09-13,OM-314,25,280000,Credit Card,16.0,Completed,
TX_0000002924,CUST0359,2025-09-11,IQ-810,33,105000,Debit Card,49.0,Completed,
TX_0000007432,CUST0900,2024-10-27,ZO-132,1,126000,Bank Transfer,10.0,Completed,
TX_0000001811,CUST0221,2025-09-12,GY-482,31,431000,Bank Transfer,26.0,Completed,"100% original item, recommended"
TX_0000003487,CUST0421,2024-12-11,AD-732,34,170000,E-wallet,4.0,Completed,Slightly disappointed with the finishing
TX_0000003142,CUST0382,2024-11-16,ZE-003,5,474000,Cash,39.0,Completed,
TX_0000001828,CUST0224,2024-10-05,NU-864,25,1026000,Bank Transfer,17.0,Completed,Response was slow but item is good
TX_0000001156,CUST0142,2025-05-14,YK-291,20,3000,Credit Card,50.0,Cancelled,Expensive price but worth it
TX_0000001325,CUST0165,2025-09-24,BU-719,28,217000,Bank Transfer,6.0,Completed,
TX_0000004313,CUST0520,2025-07-01,JC-530,30,285000,Bank Transfer,45.0,Completed,Standard quality for the price
TX_0000000511,CUST0067,2025-04-15,EX-164,2,121000,Debit Card,17.0,Completed,
TX_0000001681,CUST0208,2024-12-18,PO-120,39,406000,Bank Transfer,12.0,Completed,
TX_0000000500,CUST0065,2024-11-04,JJ-790,20,257000,Credit Card,38.0,Completed,
TX_0000007439,CUST0901,2025-02-15,GA-929,25,230000,Debit Card,16.0,Completed,
TX_0000001857,CUST0228,2025-02-13,QN-711,18,151000,Cash,27.0,Completed,"Quality product, satisfying service"
TX_0000001389,CUST0173,2025-03-27,TK-409,24,449000,Cash,,Completed,"Good quality, competitive price"
TX_0000005616,CUST0682,2024-10-04,DX-279,33,332000,Credit Card,46.0,Completed,Very slow shipping
TX_0000003720,CUST0446,2024-10-18,LC-743,23,243000,E-wallet,18.0,Pending,Very slow shipping
TX_0000002387,CUST0292,2025-07-30,LT-228,30,192000,Debit Card,31.0,Completed,
TX_0000005542,CUST0673,2025-03-07,HN-475,11,381000,Debit Card,40.0,Completed,Fast response from seller
TX_0000003237,CUST0392,2025-09-12,TX-399,27,450000,Bank Transfer,24.0,Completed,5 stars for this product
TX_0000006173,CUST0747,2025-06-08,HR-623,22,339000,Bank Transfer,,Completed,
TX_0000001541,CUST0194,2024-12-30,QX-014,16,101000,Credit Card,11.0,Completed,"Item as ordered, safe packaging"
TX_0000001218,CUST0152,2025-02-01,BK-450,4,149000,Cash,26.0,Completed,
TX_0000002682,CUST0326,2025-02-28,UX-077,17,214000,Cash,29.0,Completed,Premium quality at affordable price
TX_0000008014,CUST0974,2025-02-25,BH-077,23,278000,Cash,37.0,Completed,"Competitive price, decent quality"
TX_0000002994,CUST0366,2024-11-08,AJ-484,34,409000,Credit Card,36.0,Pending,
TX_0000005513,CUST0668,2024-12-23,FM-371,32,157000,Debit Card,11.0,Completed,
TX_0000006314,CUST0765,2025-09-13,CZ-123,24,351000,Cash,47.0,Completed,
TX_0000001192,CUST0148,2025-09-24,LU-326,23,235000,Debit Card,21.0,Completed,
TX_0000005773,CUST0698,2025-09-07,YX-708,18,427000,E-wallet,1.0,Refunded,
TX_0000005294,CUST0641,2024-12-18,ST-262,36,214000,Credit Card,50.0,Completed,Size doesn't match expectations
TX_0000001543,CUST0194,2024-10-27,OH-206,32,288000,Debit Card,27.0,Completed,
TX_0000003302,CUST0399,2025-05-31,ZL-113,40,145000,E-wallet,40.0,Completed,
TX_0000003325,CUST0403,2025-07-01,LK-221,14,136000,Bank Transfer,42.0,Completed,A bit disappointing for this price
TX_0000007057,CUST0857,2024-10-09,WG-929,17,291000,Cash,27.0,Completed,"Quality product, satisfying service"
TX_0000002540,CUST0312,2025-01-22,VD-444,10,297000,E-wallet,6.0,Completed,
TX_0000000954,CUST0120,2025-07-26,EG-441,32,428000,Debit Card,27.0,Completed,"Quality product, attractive packaging"
TX_0000007242,CUST0878,2024-11-13,WO-655,24,368000,Credit Card,47.0,Completed,
TX_0000007177,CUST0871,2025-08-27,KN-773,23,201000,Credit Card,6.0,Completed,
TX_0000006732,CUST0816,2024-11-19,FT-480,40,477000,E-wallet,39.0,Completed,
TX_0000004847,CUST0583,2024-12-26,GU-086,19,328000,E-wallet,27.0,Completed,"Product not original, very disappointed"
TX_0000006802,CUST0825,2024-07-26,XT-747,36,196000,Cash,28.0,Cancelled,"Premium quality, very satisfied"
TX_0000004331,CUST0522,2024-12-19,AT-739,31,345000,Cash,22.0,Completed,"Product meets expectations, will buy again"
TX_0000000733,CUST0092,2024-12-09,TN-418,36,447000,Bank Transfer,39.0,Completed,"Product not original, very disappointed"
TX_0000008192,CUST0998,2025-05-27,SE-840,26,367000,Cash,30.0,Completed,
TX_0000007331,CUST0889,2025-02-19,CX-624,4,261000,E-wallet,32.0,Completed,
TX_0000001157,CUST0142,2024-05-08,BB-452,39,494000,E-wallet,44.0,Completed,
TX_0000007594,CUST0923,2024-12-07,WM-968,20,308000,Credit Card,21.0,Cancelled,
TX_0000003295,CUST0399,2025-09-13,EY-939,15,190000,Credit Card,8.0,Cancelled,Original and quality item
TX_0000006542,CUST0791,2024-07-27,FP-231,31,365000,E-wallet,48.0,Completed,"Honest seller, item as described"
TX_0000002983,CUST0365,2025-09-16,CM-939,18,397000,Bank Transfer,20.0,Completed,
TX_0000005306,CUST0644,2024-10-27,BR-243,24,226000,E-wallet,25.0,Completed,
TX_0000005162,CUST0624,2024-12-11,LI-651,37,215000,Bank Transfer,10.0,Cancelled,
TX_0000002157,CUST0265,2024-11-04,RZ-669,13,453000,Cash,0.0,Completed,Slightly defective but still usable
TX_0000001063,CUST0130,2025-02-03,BL-646,25,257000,Bank Transfer,3.0,Refunded,
TX_0000002617,CUST0319,2025-03-17,ZN-838,31,231000,Cash,26.0,Completed,
TX_0000001168,CUST0144,2025-01-02,JS-971,31,270000,Bank Transfer,30.0,Completed,
TX_0000003223,CUST0391,2025-09-21,ZY-528,23,245000,Credit Card,29.0,Completed,
TX_0000003637,CUST0738,2025-01-16,LA-347,29,123000,Bank Transfer,29.0,Completed,"Seller communicative, item is good"
TX_0000005589,CUST0679,2025-09-24,JP-495,19,84000,Bank Transfer,16.0,Completed,
TX_0000002939,CUST0360,2025-08-02,XV-170,26,101000,E-wallet,5.0,Refunded,Item arrived safely
TX_0000007092,CUST0860,2025-09-01,FR-177,35,495000,E-wallet,39.0,Completed,"Quality item, packaging OK"
TX_0000007193,CUST0873,2024-12-15,FE-182,31,477000,E-wallet,46.0,Completed,
TX_0000004492,CUST0543,2024-11-22,YZ-728,16,329000,Credit Card,15.0,Completed,
TX_0000007267,CUST0882,2024-11-02,QS-651,19,109000,Cash,11.0,Refunded,
TX_0000003141,CUST0382,2025-02-04,CX-546,22,85000,Bank Transfer,32.0,Completed,
TX_0000004981,CUST0603,2025-09-04,FG-142,15,483000,Cash,17.0,Completed,Slightly disappointed with the finishing
TX_0000000144,CUST0017,2025-09-09,ZK-698,30,366000,Cash,22.0,Completed,
TX_0000008125,CUST0988,2025-02-21,HJ-650,32,337000,E-wallet,25.0,Completed,"Good item, express shipping"
TX_0000003578,CUST0430,2024-08-04,XN-016,16,361000,Cash,,Completed,
TX_0000004947,CUST0598,2025-06-24,UY-384,30,285000,Cash,3.0,Completed,"Good product, meets expectations"
TX_0000002783,CUST0338,2024-12-10,EF-213,35,491000,Credit Card,11.0,Completed,
TX_0000000718,CUST0091,2025-03-24,YO-745,2,416000,Bank Transfer,41.0,Completed,
TX_0000001820,CUST0223,2024-12-15,HE-318,29,12000,Cash,21.0,Completed,
TX_0000002503,CUST0307,2025-09-11,LM-378,15,137000,E-wallet,38.0,Completed,
TX_0000004361,CUST0525,2025-04-20,NC-683,35,209000,Cash,43.0,Completed,Standard quality for the price
TX_0000004172,CUST0505,2024-11-25,EO-405,20,226000,Bank Transfer,39.0,Completed,
TX_0000007826,CUST0951,2024-10-26,SZ-128,38,211000,Credit Card,34.0,Completed,
TX_0000006589,CUST0796,2024-12-09,EQ-522,14,31000,Bank Transfer,12.0,Completed,
TX_0000000396,CUST0052,2025-05-20,NS-780,7,31000,Cash,15.0,Completed,
TX_0000005732,CUST0695,2025-09-10,PB-653,17,138000,Bank Transfer,17.0,Completed,A bit disappointing for this price
TX_0000006321,CUST0766,2025-08-29,XU-654,21,287000,E-wallet,17.0,Completed,A bit expensive but satisfied with result
TX_0000007187,CUST0872,2024-08-20,TU-269,9,320000,E-wallet,48.0,Completed,
TX_0000007919,CUST0962,2025-09-11,WS-737,4,199000,Debit Card,29.0,Completed,"Quality is okay, affordable price"
TX_0000004493,CUST0543,2024-12-09,MP-548,9,200,Debit Card,0.0,Completed,
TX_0000001366,CUST0169,2025-08-03,UE-906,18,453000,Cash,,Completed,"Thick bubble wrap packaging, safe"
TX_0000007475,CUST0905,2025-06-20,UK-637,16,435000,Debit Card,37.0,Pending,
TX_0000006000,CUST0726,2025-03-14,BJ-215,18,220000,Credit Card,9.0,Pending,
TX_0000000596,CUST0074,2025-08-19,LH-343,29,325000,Bank Transfer,47.0,Completed,
TX_0000006206,CUST0750,2024-11-20,SF-817,19,490000,Cash,19.0,Completed,"Competitive price, decent quality"
TX_0000003953,CUST0473,2025-06-19,XR-225,31,173000,Credit Card,2.0,Cancelled,Item arrived safely
TX_0000005393,CUST0656,2025-07-15,AD-694,20,405000,E-wallet,12.0,Pending,"Product matches photo, good quality"
TX_0000005918,CUST0715,2025-06-07,NV-166,38,303000,E-wallet,6.0,Completed,"Safe packaging, not damaged"
TX_0000004969,CUST0602,2025-08-25,WL-940,18,448000,Debit Card,50.0,Completed,
TX_0000002915,CUST0358,2024-10-20,WX-186,38,698000,Bank Transfer,5.0,Cancelled,Standard quality for the price
TX_0000008076,CUST0983,2024-11-17,XI-974,23,250000,E-wallet,14.0,Completed,"Item arrived quickly, good condition"
TX_0000002327,CUST0286,2025-01-06,YW-403,29,468000,Bank Transfer,14.0,Completed,"Responsive seller, good problem solving"
TX_0000005645,CUST0686,2025-06-19,TM-362,23,131000,Cash,29.0,Completed,
TX_0000003767,CUST0451,2025-09-02,HD-136,20,349000,Bank Transfer,35.0,Completed,
TX_0000003441,CUST0416,2025-09-24,ZB-400,15,321000,Cash,33.0,Completed,
TX_0000003852,CUST0460,2025-07-21,SU-977,12,26000,Credit Card,24.0,Completed,
TX_0000004133,CUST0501,2025-01-16,IZ-623,30,463000,E-wallet,6.0,Completed,
TX_0000007358,CUST0892,2025-02-10,WN-566,39,166000,Bank Transfer,46.0,Cancelled,
TX_0000006807,CUST0826,2024-12-25,LE-910,27,305000,Debit Card,27.0,Completed,
TX_0000007519,CUST0910,2024-10-15,SP-877,15,288000,Debit Card,50.0,Completed,Price worth it for the quality
TX_0000002144,CUST0263,2024-11-17,MK-962,33,305000,Bank Transfer,12.0,Completed,
TX_0000007563,CUST0917,2024-12-30,NG-207,3,966000,Debit Card,47.0,Completed,
TX_0000005074,CUST0612,2025-01-27,ME-376,15,223000,Bank Transfer,31.0,Completed,
TX_0000001572,CUST0196,2025-09-16,ZU-130,14,494000,Debit Card,22.0,Completed,"Friendly seller, item as ordered"
TX_0000004080,CUST0493,2025-08-19,NP-870,26,108000,Debit Card,31.0,Completed,
TX_0000001123,CUST0137,2025-01-04,VK-771,20,353000,Credit Card,21.0,Completed,
TX_0000002787,CUST0338,2024-09-30,BC-052,38,295000,Debit Card,37.0,Completed,
TX_0000006336,CUST0767,2025-01-15,NQ-650,37,318000,Debit Card,39.0,Completed,
TX_0000002968,CUST0364,2025-05-10,YE-287,35,210000,Debit Card,8.0,Completed,
TX_0000002505,CUST0307,2025-09-16,FS-118,38,170000,E-wallet,40.0,Completed,"Quality product, attractive packaging"
TX_0000005989,CUST0724,2025-07-15,IF-900,7,118000,Debit Card,25.0,Completed,"Friendly seller, item as ordered"
TX_0000003466,CUST0418,2025-01-16,GS-292,29,354000,E-wallet,7.0,Completed,
TX_0000000676,CUST0085,2025-04-14,WD-933,18,455000,Credit Card,40.0,Completed,Price matches quality
TX_0000002809,CUST0342,2025-07-26,HY-867,35,470000,Bank Transfer,4.0,Completed,Slightly defective but still usable
TX_0000007165,CUST0868,2025-02-24,UO-948,21,236000,Credit Card,47.0,Completed,
TX_0000003349,CUST0406,2025-02-07,AR-242,11,426000,E-wallet,50.0,Completed,
TX_0000000729,CUST0092,2025-09-16,UG-179,25,136000,Debit Card,47.0,Completed,
TX_0000000413,CUST0055,2024-12-01,HZ-901,16,285000,E-wallet,18.0,Pending,
TX_0000003147,CUST0383,2025-02-28,ZT-659,36,254000,Credit Card,,Cancelled,
TX_0000001517,CUST0190,2025-08-21,RT-876,40,249000,Credit Card,,Refunded,Doesn't meet expectations
TX_0000005746,CUST0627,2025-03-14,MM-189,3,152000,Credit Card,,Completed,
TX_0000000826,CUST0104,2025-09-21,AL-241,19,363000,Cash,44.0,Cancelled,
TX_0000003268,CUST0395,2025-02-13,OP-718,16,352000,Cash,29.0,Completed,"Amazing product, exceeds expectations"
TX_0000003975,CUST0475,2025-03-08,GZ-000,26,391000,Debit Card,21.0,Completed,Shipping delayed but item is good
TX_0000000617,CUST0076,2024-10-14,WZ-412,24,127000,Credit Card,2.0,Completed,"Product not original, very disappointed"
TX_0000000115,CUST0014,2025-01-01,EZ-450,24,218000,Debit Card,40.0,Completed,
TX_0000000418,CUST0055,2025-03-14,WF-533,7,144000,Cash,28.0,Completed,
TX_0000003070,CUST0375,2025-05-23,OS-897,33,393000,Credit Card,47.0,Refunded,A bit expensive but worth the quality
TX_0000001626,CUST0203,2025-09-17,UX-483,24,105000,Debit Card,46.0,Completed,
TX_0000007114,CUST0863,2024-11-16,UZ-449,40,294000,E-wallet,9.0,Completed,Bit disappointing from the photo
TX_0000006749,CUST0818,2025-02-11,CI-475,9,354000,Debit Card,1.0,Pending,
TX_0000008120,CUST0988,2024-05-15,PE-273,16,309000,Cash,,Completed,"Packaging not neat, but item is okay"
TX_0000004186,CUST0507,2024-11-10,LI-657,31,212000,Bank Transfer,22.0,Completed,"Great product, will order again"
TX_0000002897,CUST0356,2025-02-05,CH-838,26,108000,Bank Transfer,47.0,Pending,"Item arrived quickly, good condition"
TX_0000007658,CUST0931,2025-03-25,FS-666,27,3000,Cash,7.0,Completed,
TX_0000002083,CUST0255,2025-01-12,JW-609,12,54000,Debit Card,39.0,Completed,
TX_0000000754,CUST0094,2024-10-13,KH-121,5,108000,E-wallet,34.0,Completed,
TX_0000002547,CUST0313,2024-10-31,RY-799,16,48000,Bank Transfer,14.0,Completed,Standard quality for the price
TX_0000007421,CUST0899,2024-12-06,DU-423,22,171000,Debit Card,16.0,Completed,"100% original item, recommended"
TX_0000003970,CUST0475,2025-05-23,NL-251,24,430000,Debit Card,15.0,Completed,
TX_0000003374,CUST0408,2024-12-12,PU-514,7,61000,Debit Card,49.0,Cancelled,
TX_0000005727,CUST0695,2025-08-20,CK-300,26,428000,Bank Transfer,,Completed,
TX_0000004108,CUST0498,2025-09-08,LL-494,31,115000,Credit Card,39.0,Completed,
TX_0000002445,CUST0299,2024-10-20,GZ-341,38,153000,Bank Transfer,7.0,Completed,"Thank you, very recommended"
TX_0000004381,CUST0528,2024-10-10,YN-188,21,177000,Debit Card,23.0,Refunded,
TX_0000001067,CUST0130,2025-03-13,KQ-433,33,1148000,Credit Card,,Completed,"Product meets expectations, great"
TX_0000003914,CUST0467,2025-01-04,TT-277,33,382000,Debit Card,14.0,Completed,Shipping delayed but item is good
TX_0000005288,CUST0640,2024-12-09,QX-320,17,344000,Cash,7.0,Completed,"Premium quality, very satisfied"
TX_0000005537,CUST0670,2025-09-24,IG-064,13,107000,Debit Card,1.0,Completed,
TX_0000005388,CUST0655,2024-12-30,JW-357,7,56000,E-wallet,50.0,Completed,
TX_0000005733,CUST0695,2025-08-18,EX-080,20,418000,E-wallet,2.0,Completed,
TX_0000003499,CUST0423,2025-06-15,IY-543,19,388000,Credit Card,16.0,Completed,Friendly and professional service
TX_0000002739,CUST0332,2025-08-08,II-502,24,103000,Credit Card,40.0,Completed,
TX_0000005053,CUST0610,2025-02-11,VO-630,17,272000,Bank Transfer,27.0,Cancelled,A bit overpriced in my opinion
TX_0000004001,CUST0479,2025-03-28,EC-973,22,337000,Credit Card,48.0,Completed,
TX_0000001569,CUST0196,2025-09-22,QR-814,8,497000,Cash,38.0,Completed,"Super fast shipping, thanks"
TX_0000002428,CUST0297,2024-08-30,WA-596,39,269000,Credit Card,38.0,Completed,
TX_0000003747,CUST0450,2025-06-04,DU-037,27,415000,Cash,47.0,Completed,
TX_0000006834,CUST0829,2025-02-10,XY-808,20,442000,Debit Card,37.0,Completed,
TX_0000007598,CUST0923,2025-06-19,EQ-721,20,342000,Debit Card,36.0,Completed,
TX_0000001688,CUST0209,2025-09-24,DH-851,19,30000,Cash,24.0,Completed,
TX_0000000852,CUST0412,2025-09-17,DN-637,10,30000,Cash,22.0,Completed,"Standard quality, reasonable price"
TX_0000003547,CUST0428,2024-12-31,GP-911,31,472000,Debit Card,50.0,Completed,
TX_0000006304,CUST0765,2025-05-12,AI-557,15,164000,E-wallet,30.0,Completed,"Quality product, attractive packaging"
TX_0000000896,CUST0112,2025-08-23,DG-635,21,449000,Bank Transfer,12.0,Refunded,Item arrived faster than expected
TX_0000004593,CUST0553,2025-05-21,EW-510,31,390000,E-wallet,43.0,Completed,
TX_0000006402,CUST0775,2025-03-06,LE-061,21,114000,E-wallet,15.0,Completed,
TX_0000005879,CUST0710,2025-08-11,YF-935,18,180000,Debit Card,37.0,Completed,
TX_0000000336,CUST0044,2025-06-05,ER-906,19,37000,E-wallet,11.0,Cancelled,"Cheap price, decent quality"
TX_0000002840,CUST0347,2024-11-01,IE-646,23,330000,Credit Card,9.0,Completed,
TX_0000003088,CUST0378,2025-02-18,OH-727,5,186000,Bank Transfer,8.0,Completed,
TX_0000004612,CUST0554,2025-02-25,KK-708,34,189000,Cash,32.0,Completed,
TX_0000001349,CUST0167,2025-02-06,BI-988,15,427000,Cash,8.0,Refunded,
TX_0000001016,CUST0126,2024-12-31,QZ-236,24,176000,Cash,32.0,Completed,
TX_0000002817,CUST0343,2025-09-14,RZ-006,24,138000,Credit Card,24.0,Completed,
TX_0000001632,CUST0205,2025-01-06,UW-696,37,129000,Cash,16.0,Completed,
TX_0000002490,CUST0305,2025-09-09,BQ-933,7,298000,E-wallet,35.0,Completed,"Quality is okay, affordable price"
TX_0000003731,CUST0448,2024-11-07,GB-491,31,324000,E-wallet,,Completed,"Safe packaging, not damaged"
TX_0000006906,CUST0838,2024-10-14,OU-427,23,441000,Bank Transfer,28.0,Completed,
TX_0000007391,CUST0896,2025-06-27,CY-712,28,175000,Cash,6.0,Completed,
TX_0000003252,CUST0394,2025-03-19,LD-464,16,500000,Cash,5.0,Completed,
TX_0000007592,CUST0923,2025-01-16,KX-604,31,233000,Bank Transfer,25.0,Completed,"Premium quality product, excellent"
TX_0000007268,CUST0882,2024-12-11,YI-601,25,381000,Cash,33.0,Completed,
TX_0000005878,CUST0710,2025-08-23,HU-336,30,240000,Cash,14.0,Completed,
TX_0000006666,CUST0806,2025-02-16,SN-118,15,444000,Debit Card,20.0,Completed,
TX_0000005882,CUST0710,2025-08-17,XX-484,31,272000,Bank Transfer,44.0,Completed,"Honest seller, item as described"
TX_0000002071,CUST0254,2024-12-17,XW-417,37,428000,Cash,19.0,Completed,
TX_0000004453,CUST0539,2025-02-15,YP-232,33,279000,Debit Card,8.0,Refunded,"Premium quality product, excellent"
TX_0000007997,CUST0971,2025-02-08,MQ-312,9,379000,Cash,25.0,Completed,
TX_0000007422,CUST0899,2024-12-12,DM-845,23,308000,Cash,9.0,Completed,"Fast shipping, neat packaging"
TX_0000005409,CUST0657,2025-09-17,OE-277,37,271000,Cash,11.0,Completed,
TX_0000001636,CUST0205,2024-11-03,BZ-656,37,263000,Debit Card,24.0,Completed,
TX_0000004647,CUST0558,2025-09-21,BS-273,21,130000,E-wallet,29.0,Completed,
TX_0000006485,CUST0784,2025-02-02,UQ-869,11,115000,E-wallet,17.0,Completed,
TX_0000002480,CUST0305,2025-08-24,NX-045,30,201000,Credit Card,33.0,Completed,"Good quality, competitive price"
TX_0000006618,CUST0801,2025-06-20,FQ-087,31,436000,E-wallet,15.0,Completed,Recommended seller
TX_0000002266,CUST0278,2025-03-03,ZB-411,24,330000,Cash,31.0,Completed,
TX_0000002960,CUST0362,2025-06-08,LD-650,9,467000,Debit Card,8.0,Completed,
TX_0000005324,CUST0647,2025-03-27,UF-641,36,143000,Debit Card,21.0,Completed,
TX_0000007750,CUST0943,2024-12-09,IX-422,18,285000,E-wallet,41.0,Cancelled,
TX_0000003060,CUST0373,2024-11-09,GS-092,18,260000,Bank Transfer,48.0,Completed,
TX_0000005054,CUST0610,2024-11-30,IE-959,17,359000,Cash,25.0,Completed,
TX_0000005870,CUST0708,2024-06-12,CO-362,18,166000,E-wallet,37.0,Completed,
TX_0000002142,CUST0263,2025-07-17,TB-090,26,398000,E-wallet,31.0,Refunded,"Packaging not neat, but item is okay"
TX_0000005105,CUST0618,2025-05-14,BO-053,33,209000,E-wallet,41.0,Completed,
TX_0000003119,CUST0381,2025-05-11,QB-163,38,324000,Debit Card,37.0,Completed,
TX_0000005189,CUST0626,2025-03-22,PR-513,34,380000,Credit Card,0.0,Completed,
TX_0000007739,CUST0942,2025-09-17,GW-014,33,192000,Bank Transfer,45.0,Completed,Item arrived in perfect condition
TX_0000004046,CUST0488,2024-02-05,NB-621,21,215000,E-wallet,44.0,Completed,Original and quality item
TX_0000003357,CUST0407,2025-02-06,UI-331,18,495000,Credit Card,40.0,Completed,"Slow shipping, ordinary item"
TX_0000002745,CUST0332,2025-09-02,NW-514,24,114000,E-wallet,19.0,Completed,
TX_0000007254,CUST0880,2025-03-02,VZ-846,40,228000,E-wallet,,Completed,
TX_0000005093,CUST0616,2025-03-21,CW-549,26,152000,Debit Card,17.0,Completed,
TX_0000003507,CUST0424,2025-08-30,LY-161,39,339000,Bank Transfer,22.0,Completed,Very slow shipping
TX_0000001680,CUST0208,2025-03-12,XM-549,20,220000,Bank Transfer,25.0,Completed,
TX_0000004250,CUST0515,2025-06-29,TE-682,7,251000,Cash,45.0,Completed,
TX_0000003148,CUST0383,2025-01-25,WI-177,15,489000,Credit Card,44.0,Completed,
TX_0000002295,CUST0280,2024-12-27,XB-814,3,415000,Cash,15.0,Completed,
TX_0000007005,CUST0853,2024-12-06,OU-935,33,486000,E-wallet,50.0,Completed,
TX_0000006934,CUST0843,2024-03-08,DW-635,32,395000,Credit Card,3.0,Completed,
TX_0000000581,CUST0073,2025-03-22,RJ-571,16,191000,E-wallet,49.0,Completed,
TX_0000001471,CUST0186,2024-10-25,OF-033,32,444000,Credit Card,42.0,Completed,
TX_0000004800,CUST0578,2025-07-09,XB-516,15,110000,E-wallet,36.0,Completed,
TX_0000004071,CUST0491,2025-02-02,WZ-133,24,113000,E-wallet,28.0,Completed,
TX_0000005309,CUST0644,2025-02-12,YM-784,15,313000,Debit Card,9.0,Completed,
TX_0000003344,CUST0405,2024-12-16,VF-408,38,341000,Cash,33.0,Completed,"Competitive price, decent quality"
TX_0000004993,CUST0604,2025-09-13,ZG-891,37,288000,E-wallet,34.0,Completed,Very slow shipping
TX_0000007405,CUST0897,2024-12-15,BP-442,9,161000,E-wallet,2.0,Completed,
TX_0000004584,CUST0552,2024-12-18,AB-781,14,488000,Bank Transfer,50.0,Completed,"Item matches picture, very satisfied"
TX_0000003673,CUST0440,2025-03-18,HM-716,35,136000,Credit Card,10.0,Completed,
TX_0000000560,CUST0679,2025-09-24,RU-840,23,124000,Debit Card,10.0,Completed,"Quality is okay, affordable price"
TX_0000005238,CUST0633,2025-02-02,YL-174,25,397000,Cash,9.0,Completed,
TX_0000005216,CUST0629,2024-12-24,AH-402,19,144000,Debit Card,43.0,Completed,
TX_0000002850,CUST0348,2025-09-12,YF-929,22,305000,Debit Card,3.0,Completed,Standard quality for the price
TX_0000000513,CUST0067,2025-03-01,SG-381,17,406000,Credit Card,47.0,Cancelled,Premium quality at affordable price
TX_0000004730,CUST0568,2025-01-19,XN-086,5,171000,Credit Card,14.0,Completed,"Premium quality product, excellent"
TX_0000001082,CUST0134,2024-10-15,YJ-254,36,100000,Bank Transfer,35.0,Completed,
TX_0000001665,CUST0207,2025-09-17,SN-501,16,54000,E-wallet,10.0,Completed,
TX_0000001013,CUST0125,2023-12-17,DU-736,34,389000,Debit Card,38.0,Completed,
TX_0000001932,CUST0235,2025-09-03,AB-356,4,270000,Debit Card,31.0,Completed,"Quality is okay, affordable price"
TX_0000007690,CUST0934,2025-01-08,MH-502,14,349000,Cash,7.0,Completed,
TX_0000001151,CUST0141,2025-04-03,RA-833,37,182000,Cash,47.0,Completed,
TX_0000002839,CUST0347,2025-02-05,LQ-266,40,106000,E-wallet,37.0,Completed,"Poor product, requesting refund"
TX_0000005950,CUST0720,2025-07-27,RX-068,28,228000,Bank Transfer,12.0,Completed,
TX_0000000117,CUST0015,2025-08-22,MH-080,35,372000,Debit Card,28.0,Completed,Slightly defective but still usable
TX_0000000741,CUST0093,2024-12-14,YO-928,10,124000,Cash,,Completed,
TX_0000007869,CUST0958,2025-09-18,BX-502,31,357000,Cash,13.0,Completed,
TX_0000006071,CUST0733,2025-01-08,MK-473,19,443000,Debit Card,39.0,Completed,"Product not original, very disappointed"
TX_0000005178,CUST0626,2025-01-17,AJ-726,25,162000,E-wallet,23.0,Completed,
TX_0000003676,CUST0440,2025-02-10,QN-690,25,177000,Cash,39.0,Completed,
TX_0000005907,CUST0714,2025-07-25,SO-228,38,359000,Debit Card,20.0,Completed,
TX_0000000831,CUST0104,2025-09-19,WD-252,22,173000,Credit Card,20.0,Completed,A bit expensive but satisfied with result
TX_0000000120,CUST0015,2025-01-11,CC-689,24,169000,Cash,42.0,Cancelled,
TX_0000004753,CUST0571,2024-09-27,TN-480,25,478000,Bank Transfer,21.0,Refunded,
TX_0000007824,CUST0951,2025-01-01,MK-210,16,290000,Bank Transfer,37.0,Completed,
TX_0000007766,CUST0945,2025-09-05,IL-201,6,360000,E-wallet,32.0,Completed,"Premium quality product, excellent"
TX_0000008107,CUST0987,2025-02-27,MA-547,5,204000,Cash,42.0,Completed,
TX_0000000636,CUST0079,2025-03-12,JZ-444,34,212000,Credit Card,31.0,Completed,Very satisfied with this purchase
TX_0000004466,CUST0540,2025-03-14,OS-568,17,480000,Cash,12.0,Completed,"Responsive seller, good problem solving"
TX_0000004365,CUST0527,2024-10-17,OA-525,16,347000,E-wallet,24.0,Completed,Response was slow but item is good
TX_0000006800,CUST0824,2024-11-03,ZK-740,40,490000,Credit Card,8.0,Completed,
TX_0000007080,CUST0741,2025-03-16,JI-836,10,280000,Cash,25.0,Refunded,"Item arrived quickly, good condition"
TX_0000006967,CUST0846,2024-11-16,JT-154,39,203000,Credit Card,47.0,Completed,
TX_0000007011,CUST0853,2025-03-22,XN-652,29,1383000,Debit Card,8.0,Cancelled,Won't buy here again
TX_0000004143,CUST0502,2024-10-12,GF-837,11,279000,E-wallet,17.0,Pending,"Honest seller, item as described"
TX_0000007518,CUST0910,2025-01-02,DD-204,15,682000,Credit Card,20.0,Completed,
TX_0000007028,CUST0855,2024-03-23,IV-993,12,219000,Credit Card,4.0,Completed,
TX_0000000992,CUST0122,2025-01-19,PP-307,11,248000,E-wallet,50.0,Cancelled,"Item matches picture, very satisfied"
TX_0000000877,CUST0110,2025-05-28,LF-587,16,205000,Credit Card,27.0,Completed,"Product matches photo, good quality"
TX_0000004870,CUST0586,2025-01-28,UC-625,14,424000,E-wallet,13.0,Cancelled,
TX_0000005316,CUST0644,2025-02-28,XL-319,39,158000,Debit Card,1.0,Completed,
TX_0000005223,CUST0630,2024-10-24,OH-317,32,165000,E-wallet,4.0,Completed,"Item matches picture, very satisfied"
TX_0000000005,CUST0002,2025-08-01,UK-228,14,382000,Debit Card,45.0,Completed,
TX_0000003052,CUST0372,2025-03-09,KG-452,17,418000,Debit Card,1.0,Completed,
TX_0000005692,CUST0690,2024-11-23,LQ-917,22,215000,Bank Transfer,3.0,Completed,
TX_0000003125,CUST0381,2024-12-06,XS-038,21,408000,Cash,25.0,Completed,
TX_0000006408,CUST0776,2024-11-03,MI-135,21,6000,Cash,22.0,Completed,"Quality is okay, affordable price"
TX_0000007137,CUST0867,2025-09-12,ZB-773,33,102000,Credit Card,40.0,Cancelled,
TX_0000002661,CUST0323,2025-07-19,BF-285,16,319000,Credit Card,46.0,Completed,A bit expensive but satisfied with result
TX_0000002492,CUST0306,2025-02-17,US-558,29,393000,Cash,5.0,Completed,Item arrived safely
TX_0000007147,CUST0867,2025-08-06,MN-798,20,241000,Bank Transfer,37.0,Completed,
TX_0000005174,CUST0625,2025-02-15,CV-793,16,76000,Cash,35.0,Completed,A bit expensive but satisfied with result
TX_0000003855,CUST0461,2024-11-19,YV-205,38,133000,Credit Card,39.0,Completed,
TX_0000004934,CUST0596,2024-11-23,LL-856,30,396000,Debit Card,27.0,Completed,
TX_0000004778,CUST0575,2025-01-20,ZA-642,21,130000,Debit Card,25.0,Completed,
TX_0000001716,CUST0212,2024-11-26,WL-785,21,199000,E-wallet,28.0,Completed,
TX_0000006449,CUST0780,2024-02-02,SO-057,5,321000,Bank Transfer,4.0,Completed,A bit disappointing for this price
TX_0000007510,CUST0909,2025-04-19,YR-510,8,164000,E-wallet,4.0,Completed,
TX_0000006714,CUST0812,2025-07-23,WU-497,32,172000,Credit Card,20.0,Completed,
TX_0000006458,CUST0782,2025-02-28,EP-350,15,481000,Credit Card,24.0,Completed,
TX_0000006294,CUST0763,2025-01-08,FV-943,15,405000,Cash,8.0,Completed,
TX_0000001149,CUST0141,2025-03-08,UT-918,29,478000,Bank Transfer,38.0,Cancelled,"Standard quality, reasonable price"
TX_0000003262,CUST0395,2024-11-12,VO-513,22,46000,Debit Card,16.0,Completed,
TX_0000000575,CUST0072,2025-01-28,KN-605,1,407000,Bank Transfer,42.0,Completed,"Competitive price, decent quality"
TX_0000003770,CUST0452,2024-10-30,JE-511,4,431000,Debit Card,4.0,Completed,
TX_0000003737,CUST0449,2025-02-11,ST-631,32,115000,Bank Transfer,27.0,Completed,Good product for this price range
TX_0000004147,CUST0502,2024-10-07,UU-126,38,108000,Bank Transfer,30.0,Completed,
TX_0000000854,CUST0412,2025-02-08,WZ-601,13,33000,E-wallet,14.0,Completed,
TX_0000001983,CUST0241,2024-11-18,TI-498,8,65000,Debit Card,23.0,Refunded,
TX_0000002775,CUST0336,2024-10-28,KG-176,32,276000,Cash,15.0,Completed,
TX_0000005920,CUST0715,2025-02-26,LE-294,33,251000,E-wallet,39.0,Completed,
TX_0000004930,CUST0596,2024-11-13,BP-443,19,175000,Bank Transfer,8.0,Completed,
TX_0000007522,CUST0910,2025-03-07,UK-223,15,406000,Credit Card,49.0,Refunded,
TX_0000005212,CUST0629,2025-06-19,ZZ-335,31,498000,E-wallet,42.0,Completed,"Thick bubble wrap packaging, safe"
TX_0000001167,CUST0144,2024-12-23,QA-951,19,280000,E-wallet,35.0,Completed,
TX_0000006615,CUST0800,2025-03-08,QX-789,1,82000,Cash,40.0,Completed,"Product matches photo, good quality"
TX_0000006003,CUST0726,2024-06-07,DV-052,24,184000,E-wallet,8.0,Completed,
TX_0000000972,CUST0121,2024-12-20,CL-870,25,463000,E-wallet,13.0,Completed,Slightly disappointed with the finishing
TX_0000002702,CUST0328,2025-02-14,ZD-880,20,259000,Debit Card,15.0,Completed,
TX_0000004496,CUST0543,2025-06-23,EU-104,7,498000,Bank Transfer,29.0,Cancelled,
TX_0000006656,CUST0804,2025-06-26,JO-885,23,309000,Credit Card,25.0,Completed,"Premium quality product, excellent"
TX_0000003848,CUST0458,2024-12-24,TZ-188,32,359000,Cash,27.0,Completed,
TX_0000002369,CUST0291,2025-06-28,MR-395,38,207000,E-wallet,25.0,Completed,Response was slow but item is good
TX_0000004116,CUST0498,2025-09-20,UW-515,19,466000,E-wallet,45.0,Completed,
TX_0000004781,CUST0575,2025-05-13,QL-100,27,142000,Credit Card,46.0,Completed,Expensive price but worth it
TX_0000004132,CUST0501,2025-01-29,VP-722,18,224000,Cash,16.0,Completed,Doesn't match my expectations
TX_0000002951,CUST0362,2025-08-09,MB-145,2,340000,E-wallet,20.0,Completed,
TX_0000005626,CUST0683,2025-03-26,NJ-528,30,467000,Cash,32.0,Completed,
TX_0000006972,CUST0847,2025-01-04,JR-686,4,312000,Credit Card,49.0,Completed,
TX_0000000525,CUST0068,2025-01-23,AU-309,29,156000,E-wallet,34.0,Completed,
TX_0000002456,CUST0300,2025-02-14,XO-363,40,493000,Cash,28.0,Completed,Doesn't match my expectations
TX_0000005017,CUST0607,2025-02-11,CR-350,14,181000,E-wallet,22.0,Completed,
TX_0000001842,CUST0225,2025-03-14,XH-675,20,318000,Debit Card,37.0,Completed,Responsive and helpful seller
TX_0000005987,CUST0724,2024-12-28,MQ-787,30,267000,Bank Transfer,37.0,Completed,"Quality product, satisfying service"
TX_0000000538,CUST0071,2025-02-03,AR-533,34,472000,Credit Card,33.0,Completed,Bit overpriced but quality is okay
TX_0000002807,CUST0342,2025-08-30,AA-387,37,1978000,Debit Card,45.0,Completed,"Honest seller, item as described"
TX_0000005802,CUST0701,2025-08-16,OG-430,28,1798000,Credit Card,,Pending,
TX_0000005597,CUST0680,2025-08-31,OH-934,7,303000,Debit Card,5.0,Completed,Standard quality for the price
TX_0000007207,CUST0874,2025-05-11,ER-596,20,402000,Debit Card,46.0,Completed,
TX_0000007344,CUST0890,2024-12-11,UZ-798,17,335000,Debit Card,8.0,Completed,
TX_0000004342,CUST0523,2025-09-23,IM-427,21,154000,Bank Transfer,31.0,Completed,
TX_0000007561,CUST0917,2025-01-07,GC-019,18,366000,Credit Card,14.0,Completed,"Friendly seller, item as ordered"
TX_0000003176,CUST0386,2025-03-22,DF-929,21,500000,Credit Card,19.0,Completed,Very satisfied with this purchase
TX_0000000785,CUST0097,2025-03-14,EC-682,2,404000,E-wallet,33.0,Completed,
TX_0000004058,CUST0488,2025-02-06,AP-770,18,287000,Cash,13.0,Completed,
TX_0000001410,CUST0178,2025-03-10,BA-048,15,159000,Bank Transfer,3.0,Completed,
TX_0000002538,CUST0312,2025-03-12,JN-288,14,467000,Credit Card,20.0,Completed,
TX_0000000155,CUST0019,2025-01-17,VY-634,35,382000,Cash,36.0,Completed,"High quality product, recommended"
TX_0000003010,CUST0368,2024-11-11,MN-542,21,317000,Bank Transfer,31.0,Completed,
TX_0000001687,CUST0209,2025-09-23,ZE-664,14,487000,E-wallet,30.0,Refunded,
TX_0000002902,CUST0357,2025-04-22,QL-842,19,476000,Credit Card,15.0,Completed,
TX_0000008119,CUST0988,2024-11-06,MG-154,25,374000,E-wallet,3.0,Completed,"Competitive price, decent quality"
TX_0000007456,CUST0904,2024-12-03,DX-002,40,435000,Credit Card,48.0,Refunded,
TX_0000004722,CUST0568,2024-09-21,AH-281,22,347000,E-wallet,21.0,Completed,
TX_0000003864,CUST0462,2025-08-22,MI-165,15,241000,Cash,40.0,Cancelled,
TX_0000002734,CUST0331,2025-01-09,UU-011,31,366000,Bank Transfer,45.0,Completed,"Good quality, competitive price"
TX_0000001896,CUST0231,2025-01-11,GJ-711,22,309000,E-wallet,45.0,Completed,"Standard quality, reasonable price"
TX_0000005443,CUST0660,2024-09-13,WA-177,22,306000,Credit Card,25.0,Completed,
TX_0000000570,CUST0072,2025-02-27,AS-297,8,284000,Cash,24.0,Completed,
TX_0000006710,CUST0812,2025-08-17,HS-129,17,414000,Bank Transfer,14.0,Pending,
TX_0000005855,CUST0706,2024-12-31,LH-611,24,111000,E-wallet,,Refunded,
TX_0000001817,CUST0222,2025-09-14,NR-454,24,482000,Debit Card,1.0,Completed,Price matches quality
TX_0000002066,CUST0253,2024-10-18,XJ-466,33,449000,Credit Card,4.0,Completed,
TX_0000000128,CUST0016,2025-06-13,GN-287,30,443000,Bank Transfer,4.0,Completed,"Item arrived quickly, good condition"
TX_0000003395,CUST0410,2025-01-16,SG-165,16,263000,Bank Transfer,41.0,Completed,
TX_0000003328,CUST0404,2024-12-05,GA-777,33,282000,Credit Card,2.0,Cancelled,Disappointed with item quality
TX_0000008172,CUST0996,2024-07-11,HZ-895,24,390000,E-wallet,23.0,Completed,
TX_0000006103,CUST0737,2024-11-19,VE-919,22,336000,E-wallet,41.0,Completed,Item arrived faster than expected
TX_0000002976,CUST0364,2025-05-20,HV-481,25,271000,Credit Card,32.0,Completed,
TX_0000000981,CUST0122,2024-12-25,LY-241,19,259000,Debit Card,31.0,Cancelled,
TX_0000002301,CUST0281,2025-03-10,FG-878,1,143000,E-wallet,15.0,Completed,
TX_0000000191,CUST0023,2024-11-15,NV-883,40,191000,Debit Card,49.0,Completed,Doesn't match my expectations
TX_0000001140,CUST0140,2025-05-14,UC-844,4,343000,Credit Card,32.0,Completed,
TX_0000005089,CUST0615,2024-10-28,MQ-850,37,188000,Cash,11.0,Completed,
TX_0000000700,CUST0087,2025-09-22,BJ-067,9,101000,E-wallet,41.0,Completed,
TX_0000007825,CUST0951,2024-11-09,JH-063,18,419000,Debit Card,38.0,Pending,Shipping a bit slow but good item
TX_0000000607,CUST0075,2025-07-11,RA-132,15,455000,E-wallet,16.0,Completed,"Honest seller, item as described"
TX_0000004277,CUST0516,2025-02-12,HK-540,14,206000,Cash,22.0,Completed,
TX_0000000302,CUST0039,2025-07-29,JT-521,40,361000,Credit Card,7.0,Completed,
TX_0000006641,CUST0802,2025-02-24,GC-811,35,243000,Debit Card,28.0,Completed,Slightly disappointed with the finishing
TX_0000003421,CUST0414,2025-06-16,ZD-264,33,344000,Cash,47.0,Refunded,
TX_0000007891,CUST0960,2025-05-25,DY-358,40,170000,Bank Transfer,38.0,Cancelled,
TX_0000001061,CUST0129,2025-03-03,IA-506,28,131000,Debit Card,27.0,Completed,"Product not original, very disappointed"
TX_0000007953,CUST0966,2025-02-16,EO-101,20,169000,E-wallet,31.0,Completed,
TX_0000008094,CUST0984,2025-02-01,EM-825,2,120000,E-wallet,38.0,Completed,
TX_0000002566,CUST0314,2025-05-06,KP-615,33,487000,Bank Transfer,49.0,Completed,
TX_0000008188,CUST0998,2025-02-24,PT-444,20,234000,Bank Transfer,32.0,Completed,
TX_0000001070,CUST0130,2025-05-13,IO-072,21,135000,Cash,19.0,Completed,
TX_0000002525,CUST0310,2024-12-25,IC-582,5,88000,Debit Card,18.0,Pending,"Poor product, requesting refund"
TX_0000002206,CUST0269,2024-10-29,QT-622,16,187000,E-wallet,43.0,Completed,
TX_0000001244,CUST0155,2024-12-28,CM-727,14,499000,Credit Card,,Completed,
TX_0000007340,CUST0890,2025-01-14,VZ-022,16,470000,E-wallet,12.0,Completed,
TX_0000000017,CUST0003,2025-06-01,MP-351,20,490000,Cash,37.0,Completed,"High quality product, recommended"
TX_0000007680,CUST0934,2024-10-03,RQ-525,25,497000,E-wallet,34.0,Completed,"Premium quality product, excellent"
TX_0000003121,CUST0381,2025-02-04,TW-816,19,404000,Credit Card,35.0,Completed,"Item matches picture, very satisfied"
TX_0000008175,CUST0997,2025-07-08,JE-403,36,378000,E-wallet,3.0,Completed,"Fast shipping, neat packaging"
TX_0000004643,CUST0558,2025-09-22,WA-253,4,83000,Bank Transfer,47.0,Completed,
TX_0000007684,CUST0934,2024-10-15,SD-002,19,124000,Cash,20.0,Completed,
TX_0000004755,CUST0571,2025-02-17,AH-284,27,260000,Debit Card,10.0,Completed,High quality product
TX_0000000816,CUST0103,2024-10-05,AM-160,5,25000,Cash,21.0,Completed,Item arrived safely
TX_0000003068,CUST0375,2025-06-12,RD-415,32,239000,Cash,42.0,Cancelled,
TX_0000008185,CUST0997,2025-02-17,GE-632,24,463000,Debit Card,10.0,Completed,A bit expensive but satisfied with result
TX_0000005601,CUST0680,2025-01-12,IQ-142,21,186000,E-wallet,32.0,Completed,
TX_0000000960,CUST0120,2025-05-25,JU-490,23,352000,Bank Transfer,22.0,Completed,
TX_0000007023,CUST0854,2024-11-12,BH-851,15,435000,Cash,14.0,Completed,
TX_0000006428,CUST0778,2024-11-01,II-422,25,274000,E-wallet,50.0,Refunded,
TX_0000004894,CUST0590,2024-09-29,YM-009,35,181000,Bank Transfer,7.0,Completed,
TX_0000007445,CUST0902,2024-12-12,TC-286,39,494000,Credit Card,0.0,Completed,"Super fast shipping, thanks"
TX_0000000226,CUST0029,2025-02-23,JY-112,9,199000,Credit Card,6.0,Completed,
TX_0000006171,CUST0747,2025-08-07,PK-819,32,317000,Debit Card,22.0,Completed,
TX_0000003355,CUST0406,2024-12-26,GC-305,15,364000,Cash,17.0,Completed,
TX_0000005896,CUST0713,2025-03-04,CH-646,27,187000,Cash,39.0,Completed,
TX_0000002486,CUST0305,2025-09-23,FS-633,15,328000,Cash,24.0,Completed,
TX_0000000563,CUST0679,2025-09-24,HX-718,3,475000,Debit Card,41.0,Completed,
TX_0000003437,CUST0415,2025-04-11,FZ-081,16,355000,Bank Transfer,15.0,Completed,Fast response from seller
TX_0000006374,CUST0771,2025-02-28,WY-792,36,284000,Cash,36.0,Completed,
TX_0000006182,CUST0748,2024-12-11,LM-250,28,327000,Credit Card,48.0,Completed,
TX_0000001694,CUST0210,2025-03-05,HD-152,37,429000,Debit Card,13.0,Pending,
TX_0000006894,CUST0837,2025-01-31,WA-541,4,378000,Credit Card,41.0,Cancelled,"Great product, will order again"
TX_0000001046,CUST0128,2024-10-27,CS-623,21,339000,Debit Card,34.0,Completed,
TX_0000003447,CUST0416,2025-09-17,QD-769,19,358000,Cash,17.0,Completed,Very slow shipping
TX_0000004566,CUST0551,2024-12-09,AO-905,31,138000,Cash,15.0,Cancelled,
TX_0000000955,CUST0120,2025-06-15,ZY-718,16,488000,E-wallet,38.0,Completed,
TX_0000008171,CUST0996,2025-02-23,YA-399,36,225000,E-wallet,,Completed,
TX_0000002736,CUST0331,2025-02-26,ZW-939,26,475000,E-wallet,3.0,Completed,
TX_0000008038,CUST0978,2025-08-06,LZ-110,15,227000,Credit Card,21.0,Completed,"Product not original, very disappointed"
TX_0000004736,CUST0569,2025-07-13,AD-649,35,401000,Credit Card,14.0,Completed,Disappointed with item quality
TX_0000007894,CUST0960,2025-06-16,JO-560,37,338000,Bank Transfer,49.0,Refunded,
TX_0000001219,CUST0152,2024-11-17,LI-919,28,236000,Cash,9.0,Completed,"100% original item, recommended"
TX_0000005255,CUST0634,2025-02-19,UH-881,23,410000,Cash,25.0,Completed,
TX_0000005512,CUST0668,2025-01-01,LF-089,8,120000,E-wallet,33.0,Completed,Original and quality item
TX_0000007798,CUST0949,2025-02-23,FT-666,40,408000,E-wallet,48.0,Refunded,Recommended seller
TX_0000001528,CUST0192,2024-11-18,LE-042,15,257000,E-wallet,32.0,Completed,Price matches quality
TX_0000003988,CUST0477,2025-09-19,EA-962,12,470000,E-wallet,31.0,Completed,"Safe shipping, nothing damaged"
TX_0000008093,CUST0984,2025-02-27,GJ-238,9,481000,E-wallet,19.0,Completed,High quality product
TX_0000001301,CUST0163,2025-02-19,DG-715,16,493000,Cash,44.0,Completed,"Amazing product, exceeds expectations"
TX_0000008016,CUST0975,2024-11-22,MV-985,21,356000,Cash,21.0,Completed,Very slow shipping
TX_0000006945,CUST0844,2025-02-11,XH-964,31,500000,Bank Transfer,18.0,Completed,Bit overpriced but quality is okay
TX_0000005700,CUST0692,2025-02-26,YP-520,35,203000,Debit Card,30.0,Completed,Doesn't meet expectations
TX_0000000161,CUST0020,2025-03-17,DS-379,35,406000,Bank Transfer,26.0,Completed,Product doesn't match picture
TX_0000004068,CUST0490,2025-01-05,JG-621,20,472000,Credit Card,35.0,Completed,
TX_0000005801,CUST0700,2025-03-07,TB-607,22,144000,Credit Card,1.0,Completed,"Standard quality, reasonable price"
TX_0000000957,CUST0120,2025-07-24,IV-682,22,128000,Bank Transfer,,Completed,
TX_0000003792,CUST0454,2025-03-21,UB-440,35,323000,Bank Transfer,20.0,Completed,Friendly and professional service
TX_0000003235,CUST0391,2025-01-09,JH-701,33,124000,Debit Card,21.0,Pending,"Seller communicative, item is good"
TX_0000002870,CUST0352,2025-03-07,QY-158,10,458000,Bank Transfer,3.0,Completed,Expensive price but worth it
TX_0000003778,CUST0452,2025-01-25,UU-662,15,105000,Cash,,Completed,Quality below expectations
TX_0000004434,CUST0536,2025-01-16,OI-884,39,184000,Cash,6.0,Completed,Price worth it for the quality
TX_0000004974,CUST0602,2025-08-15,UH-437,19,253000,Credit Card,9.0,Completed,
TX_0000006016,CUST0728,2025-08-29,MI-830,29,486000,E-wallet,25.0,Completed,
TX_0000002962,CUST0362,2025-05-15,JU-635,20,196000,Bank Transfer,42.0,Completed,
TX_0000005981,CUST0723,2025-09-16,QB-799,1,97000,Cash,38.0,Refunded,
TX_0000002201,CUST0269,2025-01-19,KU-933,15,147000,Cash,23.0,Completed,"Item arrived quickly, good condition"
TX_0000000099,CUST0013,2025-06-24,VE-827,16,154000,Credit Card,28.0,Completed,
TX_0000007964,CUST0968,2024-10-23,LX-344,6,127000,E-wallet,2.0,Cancelled,
TX_0000002558,CUST0314,2025-07-17,XX-976,31,489000,E-wallet,34.0,Completed,A bit expensive but satisfied with result
TX_0000003184,CUST0387,2025-02-16,CV-673,3,32000,Cash,7.0,Completed,"Honest seller, item as described"
TX_0000007395,CUST0897,2025-09-08,VQ-407,7,227000,Cash,7.0,Completed,
TX_0000000254,CUST0032,2024-11-21,WW-254,36,322000,Credit Card,13.0,Completed,"Standard quality, reasonable price"
TX_0000003924,CUST0467,2024-06-18,MF-260,22,419000,Debit Card,35.0,Completed,Very slow shipping
TX_0000004200,CUST0509,2024-10-20,ID-739,15,377000,Bank Transfer,21.0,Completed,
TX_0000001446,CUST0183,2024-10-23,QS-912,1,212000,Cash,26.0,Completed,"Product meets expectations, will buy again"
TX_0000005540,CUST0673,2024-04-07,PF-827,4,231000,Bank Transfer,49.0,Completed,
TX_0000001649,CUST0206,2025-02-16,RC-996,17,379000,Cash,2.0,Completed,
TX_0000004683,CUST0562,2025-04-19,AJ-083,16,346000,Bank Transfer,43.0,Completed,"Safe packaging, not damaged"
TX_0000004724,CUST0568,2025-02-27,KO-557,36,121000,Bank Transfer,4.0,Completed,
TX_0000003992,CUST0477,2025-09-11,CF-708,28,482000,Bank Transfer,4.0,Completed,"Quality item, packaging OK"
TX_0000001697,CUST0210,2024-06-23,GW-730,40,443000,E-wallet,10.0,Cancelled,
TX_0000003192,CUST0387,2024-12-18,XX-096,3,207000,Debit Card,12.0,Completed,"Professional seller, highly recommended"
TX_0000006198,CUST0750,2025-07-26,FA-862,26,385000,Debit Card,40.0,Completed,
TX_0000006296,CUST0763,2024-12-23,HB-183,5,112000,E-wallet,13.0,Completed,
TX_0000004500,CUST0543,2024-12-07,VM-945,15,1400,Cash,15.0,Completed,
TX_0000001155,CUST0142,2024-10-25,VQ-455,15,360000,Bank Transfer,40.0,Completed,
TX_0000002256,CUST0277,2025-04-07,LY-828,9,24000,E-wallet,10.0,Completed,"Friendly seller, item as ordered"
TX_0000006960,CUST0845,2024-10-05,SI-066,16,184000,Credit Card,24.0,Completed,"Item damaged upon arrival, disappointed"
TX_0000001683,CUST0209,2025-09-23,WH-625,5,442000,Credit Card,12.0,Completed,"Item arrived quickly, good condition"
TX_0000003171,CUST0385,2025-09-21,VB-226,22,385000,E-wallet,38.0,Refunded,
TX_0000007401,CUST0897,2025-01-10,BY-407,18,225000,Debit Card,44.0,Completed,
TX_0000002057,CUST0253,2025-01-31,VJ-925,15,351000,Cash,,Cancelled,
TX_0000007159,CUST0868,2024-10-04,QX-519,24,179000,Credit Card,32.0,Cancelled,
TX_0000004091,CUST0495,2025-01-12,VQ-838,10,418000,Cash,42.0,Completed,
TX_0000007987,CUST0969,2025-09-20,RH-984,33,255000,Credit Card,,Completed,
TX_0000003109,CUST0380,2025-05-15,QQ-497,31,462000,Credit Card,12.0,Cancelled,
TX_0000004549,CUST0548,2024-11-15,AA-977,5,157000,E-wallet,44.0,Completed,
TX_0000003724,CUST0447,2025-09-24,YZ-628,18,141000,Cash,,Completed,5 stars for this product
TX_0000006398,CUST0774,2024-10-24,KR-798,29,443000,Debit Card,48.0,Cancelled,"Product not original, very disappointed"
TX_0000005424,CUST0658,2025-08-08,YQ-869,25,109000,Debit Card,5.0,Completed,"Fast shipping, neat packaging"
TX_0000007041,CUST0856,2025-08-12,ML-426,22,308000,Credit Card,41.0,Completed,
TX_0000002050,CUST0252,2025-05-21,DD-847,23,281000,Credit Card,37.0,Completed,
TX_0000004977,CUST0602,2025-09-24,ED-272,23,149000,E-wallet,10.0,Completed,"Seller communicative, item is good"
TX_0000003644,CUST0738,2024-11-30,EH-553,21,438000,Bank Transfer,27.0,Completed,Shipping delayed but item is good
TX_0000008087,CUST0984,2025-01-19,ZC-376,13,74000,E-wallet,16.0,Completed,Price matches quality
TX_0000000624,CUST0076,2024-10-10,RS-612,18,196000,Debit Card,12.0,Completed,"Product meets expectations, will buy again"
TX_0000006490,CUST0784,2025-03-21,DT-313,8,394000,E-wallet,25.0,Completed,
TX_0000007883,CUST0959,2025-03-21,CS-413,6,357000,Debit Card,46.0,Completed,
TX_0000005884,CUST0710,2025-09-23,SI-288,16,428000,Credit Card,23.0,Cancelled,
TX_0000000263,CUST0033,2025-01-19,KF-628,21,465000,Bank Transfer,16.0,Completed,"Amazing product, highly recommended"
TX_0000005731,CUST0695,2025-09-04,NX-047,22,358000,Credit Card,28.0,Cancelled,
TX_0000003370,CUST0407,2025-09-12,YW-167,21,440000,Bank Transfer,29.0,Cancelled,
TX_0000004062,CUST0489,2025-05-07,LG-518,22,193000,Credit Card,16.0,Completed,
TX_0000005535,CUST0670,2025-09-18,FI-295,27,370000,Bank Transfer,14.0,Refunded,
TX_0000006295,CUST0763,2025-03-10,AR-974,8,151000,Debit Card,6.0,Completed,
TX_0000006066,CUST0733,2024-11-20,AK-415,21,198000,E-wallet,6.0,Completed,
TX_0000006617,CUST0800,2025-01-09,NV-150,1,16000,Debit Card,4.0,Completed,
TX_0000001803,CUST0221,2025-07-07,FH-150,17,283000,Debit Card,27.0,Completed,"Fast shipping, neat packaging"
TX_0000004737,CUST0569,2025-09-06,KS-515,24,194000,E-wallet,49.0,Completed,
TX_0000008186,CUST0997,2025-01-12,BP-544,24,156000,Cash,45.0,Pending,
TX_0000002386,CUST0292,2025-07-23,SK-308,31,403000,Credit Card,48.0,Cancelled,
TX_0000006695,CUST0811,2025-08-11,UR-270,30,342000,Credit Card,35.0,Completed,"Quality product, attractive packaging"
TX_0000005760,CUST0696,2025-02-24,GV-735,31,212000,Credit Card,3.0,Completed,
TX_0000001960,CUST0238,2024-12-18,KU-507,23,452000,E-wallet,1.0,Completed,
TX_0000002977,CUST0365,2025-09-18,DJ-659,18,346000,Debit Card,49.0,Completed,Price matches quality
TX_0000000489,CUST0064,2025-08-09,ZT-457,27,226000,Credit Card,9.0,Completed,Premium quality at affordable price
TX_0000001844,CUST0226,2025-04-20,LR-275,17,315000,E-wallet,7.0,Completed,"100% original item, recommended"
TX_0000001735,CUST0214,2024-12-03,AM-679,25,409000,Cash,1.0,Completed,
TX_0000002912,CUST0357,2024-11-28,EU-985,25,266000,Bank Transfer,43.0,Completed,
TX_0000003220,CUST0390,2025-04-10,IP-862,10,498000,Debit Card,28.0,Completed,"Item as ordered, safe packaging"
TX_0000000147,CUST0017,2025-02-07,FL-159,23,420000,Bank Transfer,49.0,Completed,
TX_0000005631,CUST0685,2024-10-29,SB-535,19,187000,E-wallet,14.0,Completed,
TX_0000001987,CUST0242,2025-01-02,CM-810,10,100000,Debit Card,42.0,Completed,
TX_0000001370,CUST0170,2025-05-26,AT-394,23,406000,Debit Card,50.0,Cancelled,"Thick bubble wrap packaging, safe"
TX_0000006547,CUST0793,2024-11-28,AK-552,40,478000,E-wallet,38.0,Cancelled,
TX_0000006052,CUST0730,2025-02-24,DR-187,33,158000,Credit Card,37.0,Cancelled,
TX_0000007099,CUST0860,2025-08-11,DF-791,30,485000,Credit Card,0.0,Pending,Response was slow but item is good
TX_0000002812,CUST0342,2025-08-10,DD-890,28,368000,Credit Card,23.0,Completed,
TX_0000000660,CUST0083,2024-10-13,XQ-858,32,354000,Debit Card,17.0,Completed,
TX_0000001795,CUST0220,2024-12-06,CZ-795,20,336000,E-wallet,25.0,Completed,Price worth it for the quality
TX_0000007517,CUST0910,2025-06-24,IE-585,32,223000,Debit Card,19.0,Cancelled,"100% original item, recommended"
TX_0000002512,CUST0309,2025-09-07,WV-409,10,268000,Credit Card,29.0,Completed,"Quality product, satisfying service"
TX_0000003398,CUST0410,2024-11-09,VE-806,1,303000,Debit Card,14.0,Completed,"Cheap price, decent quality"
TX_0000004283,CUST0517,2024-12-03,JA-984,15,338000,Cash,16.0,Completed,
TX_0000001148,CUST0141,2024-08-01,JB-063,16,201000,Cash,47.0,Completed,
TX_0000003273,CUST0396,2025-01-02,DQ-500,24,235000,E-wallet,30.0,Completed,
TX_0000000609,CUST0075,2025-04-15,GZ-974,23,363000,Credit Card,44.0,Completed,"Thick bubble wrap packaging, safe"
TX_0000006288,CUST0762,2024-12-20,LH-962,20,87000,Credit Card,37.0,Completed,
TX_0000006896,CUST0838,2025-03-01,SS-223,18,296000,Debit Card,27.0,Completed,
TX_0000003583,CUST0430,2025-01-12,QS-604,15,104000,Cash,8.0,Completed,
TX_0000001931,CUST0235,2024-12-25,BX-815,38,247000,Bank Transfer,4.0,Cancelled,Shipping a bit slow but good item
TX_0000007126,CUST0864,2025-01-15,JJ-775,15,344000,Bank Transfer,18.0,Completed,
TX_0000000198,CUST0023,2024-09-10,FP-385,21,461000,Debit Card,3.0,Completed,
TX_0000007778,CUST0948,2024-10-24,XC-124,35,271000,Debit Card,39.0,Completed,
TX_0000002932,CUST0360,2025-08-13,KF-350,10,437000,Cash,28.0,Completed,"Poor product, requesting refund"
TX_0000002328,CUST0286,2024-12-23,TJ-699,34,450000,Bank Transfer,20.0,Completed,Fast response from seller
TX_0000004390,CUST0529,2025-08-28,EP-830,4,279000,Cash,19.0,Completed,
TX_0000000767,CUST0096,2025-03-19,IR-416,12,91000,E-wallet,21.0,Completed,"Thank you, very recommended"
TX_0000004497,CUST0543,2024-12-19,EW-673,9,135000,E-wallet,29.0,Completed,
TX_0000004219,CUST0511,2025-01-14,KH-095,1,155000,Bank Transfer,41.0,Completed,
TX_0000003256,CUST0394,2024-10-25,OW-261,2,256000,Debit Card,24.0,Refunded,Friendly and professional service
TX_0000000203,CUST0024,2024-06-22,PJ-258,37,278000,Debit Card,34.0,Completed,
TX_0000003511,CUST0424,2025-09-05,GZ-027,39,316000,Bank Transfer,12.0,Completed,Item arrived faster than expected
TX_0000004932,CUST0596,2024-12-20,IC-285,34,263000,Credit Card,18.0,Cancelled,Very slow shipping
TX_0000006391,CUST0773,2025-08-23,NK-848,22,364000,E-wallet,,Completed,
TX_0000005536,CUST0670,2025-09-19,PV-390,17,222000,Credit Card,30.0,Completed,
TX_0000001734,CUST0213,2025-03-13,DJ-682,15,283000,Cash,16.0,Completed,Shipping a bit slow but good item
TX_0000005792,CUST0699,2025-02-05,WI-159,39,339000,Credit Card,36.0,Completed,
TX_0000002778,CUST0336,2024-10-11,OZ-647,5,128000,Debit Card,10.0,Completed,"Original item, fast shipping"
TX_0000001708,CUST0211,2025-02-07,PC-226,8,400000,Debit Card,44.0,Completed,
TX_0000005173,CUST0625,2025-03-09,IC-430,10,178000,E-wallet,20.0,Completed,
TX_0000005250,CUST0634,2024-12-18,PV-124,16,383000,Credit Card,2.0,Completed,Doesn't match my expectations
TX_0000005758,CUST0696,2024-11-26,UF-577,18,129000,Debit Card,19.0,Cancelled,"Packaging not neat, but item is okay"
TX_0000003475,CUST0419,2025-04-01,JA-875,29,364000,Cash,3.0,Completed,
TX_0000006529,CUST0789,2024-12-21,PB-763,9,364000,Cash,16.0,Completed,"Safe shipping, nothing damaged"
TX_0000007944,CUST0965,2025-01-21,QP-430,17,465000,Bank Transfer,26.0,Completed,
TX_0000005856,CUST0706,2025-01-09,RG-856,36,193000,Bank Transfer,44.0,Completed,
TX_0000000855,CUST0106,2025-09-02,IL-353,7,376000,E-wallet,45.0,Completed,"Professional seller, highly recommended"
TX_0000005686,CUST0690,2024-12-25,OS-547,20,264000,Bank Transfer,1.0,Refunded,Product doesn't match picture
TX_0000006364,CUST0770,2024-07-19,XI-486,34,107000,E-wallet,8.0,Cancelled,
TX_0000004738,CUST0569,2025-07-29,TK-241,36,244000,Debit Card,27.0,Refunded,"Product meets expectations, great"
TX_0000004098,CUST0496,2025-07-19,CF-002,33,149000,Cash,19.0,Completed,Satisfying service
TX_0000002161,CUST0265,2025-05-10,MC-653,11,377000,Bank Transfer,14.0,Completed,"Amazing product, highly recommended"
TX_0000000699,CUST0087,2025-09-05,AO-543,22,9000,Credit Card,20.0,Completed,
TX_0000008116,CUST0988,2024-12-06,ZL-584,32,470000,Bank Transfer,15.0,Completed,
TX_0000003000,CUST0368,2025-05-25,BV-674,33,195000,Credit Card,40.0,Completed,
TX_0000003697,CUST0442,2025-01-30,ZK-584,21,150000,E-wallet,28.0,Completed,
TX_0000001637,CUST0205,2024-07-25,GH-114,31,149000,Cash,44.0,Completed,Response was slow but item is good
TX_0000007281,CUST0883,2024-12-13,HT-697,10,244000,Debit Card,41.0,Pending,Very slow shipping
TX_0000007555,CUST0915,2024-10-20,GM-147,18,124000,Bank Transfer,36.0,Completed,"Amazing product, highly recommended"
TX_0000003458,CUST0417,2024-10-17,KZ-530,25,493000,Bank Transfer,44.0,Completed,
TX_0000003582,CUST0430,2025-03-01,NZ-547,19,84000,Debit Card,37.0,Completed,Slightly defective but still usable
TX_0000001292,CUST0160,2024-11-09,DF-246,6,202000,Credit Card,48.0,Completed,
TX_0000004660,CUST0559,2025-06-21,IW-432,24,423000,E-wallet,12.0,Completed,
TX_0000006586,CUST0796,2024-10-23,NM-925,19,3000,Bank Transfer,28.0,Completed,
TX_0000005617,CUST0682,2025-09-11,VK-351,21,431000,Cash,13.0,Completed,
TX_0000001854,CUST0227,2024-04-06,QF-335,19,202000,E-wallet,7.0,Pending,"Packaging not neat, but item is okay"
TX_0000005233,CUST0631,2025-03-04,RI-376,22,175000,E-wallet,,Completed,"Slow shipping, ordinary item"
TX_0000003764,CUST0451,2025-08-21,OG-741,14,4000,Cash,49.0,Completed,"Good item, express shipping"
TX_0000003305,CUST0400,2024-09-14,EZ-374,21,333000,Debit Card,,Completed,Good product for this price range
TX_0000008059,CUST0981,2025-09-14,KD-216,39,445000,E-wallet,,Completed,
TX_0000005728,CUST0695,2025-09-03,LN-367,33,361000,Debit Card,47.0,Refunded,
TX_0000003744,CUST0450,2025-06-20,SR-418,36,426000,E-wallet,41.0,Cancelled,
TX_0000003446,CUST0416,2025-09-18,UA-321,38,260000,Credit Card,25.0,Completed,
TX_0000001999,CUST0244,2025-01-16,IH-062,23,272000,Credit Card,15.0,Pending,"Cheap price, decent quality"
TX_0000000664,CUST0084,2025-03-11,OX-474,23,482000,Debit Card,0.0,Completed,
TX_0000004780,CUST0575,2024-12-01,CV-579,37,134000,Credit Card,16.0,Completed,
TX_0000005354,CUST0651,2025-04-14,BD-061,17,195000,E-wallet,14.0,Completed,
TX_0000007961,CUST0968,2024-10-31,YE-881,20,212000,Credit Card,0.0,Completed,
TX_0000003749,CUST0450,2025-09-04,QC-234,32,178000,Credit Card,25.0,Cancelled,
TX_0000004414,CUST0534,2025-01-11,XS-100,20,498000,Cash,18.0,Completed,Responsive and helpful seller
TX_0000004745,CUST0571,2025-02-28,HV-877,33,500000,E-wallet,35.0,Completed,
TX_0000005531,CUST0670,2025-09-22,AM-803,30,278000,Credit Card,36.0,Completed,
TX_0000005576,CUST0678,2025-08-19,FW-350,25,1314000,E-wallet,2.0,Completed,
TX_0000000710,CUST0088,2025-03-08,SW-722,16,290000,Cash,45.0,Refunded,"Honest seller, item as described"
TX_0000007527,CUST0910,2024-11-03,QU-670,20,463000,E-wallet,45.0,Completed,
TX_0000001283,CUST0158,2025-08-19,WF-199,11,320000,E-wallet,41.0,Completed,Fast response from seller
TX_0000005865,CUST0708,2024-12-30,FW-354,34,1355000,Cash,37.0,Completed,"100% original item, recommended"
TX_0000005069,CUST0612,2024-10-28,RN-488,40,390000,Bank Transfer,28.0,Completed,
TX_0000002676,CUST0325,2025-07-13,AQ-610,22,276000,Debit Card,24.0,Completed,Response was slow but item is good
TX_0000006777,CUST0822,2025-03-10,HJ-365,24,152000,Credit Card,11.0,Completed,
TX_0000004030,CUST0485,2025-06-30,OQ-182,5,290000,E-wallet,34.0,Completed,
TX_0000001307,CUST0163,2025-03-07,ES-525,15,429000,Cash,4.0,Completed,"Product not original, very disappointed"
TX_0000005497,CUST0666,2025-08-17,CM-297,19,111000,E-wallet,49.0,Completed,Slightly defective but still usable
TX_0000005505,CUST0667,2024-10-04,UN-243,39,278000,Debit Card,19.0,Completed,
TX_0000007393,CUST0897,2024-12-24,BL-718,6,303000,Cash,12.0,Completed,"Original item, fast shipping"
TX_0000002238,CUST0273,2025-08-29,XO-386,8,201000,E-wallet,24.0,Completed,
TX_0000003303,CUST0399,2025-06-25,YT-568,31,184000,Credit Card,25.0,Completed,
TX_0000005593,CUST0680,2025-01-24,GJ-165,23,54000,Credit Card,,Completed,"Thank you, very recommended"
TX_0000007516,CUST0910,2025-03-13,ON-086,32,229000,E-wallet,47.0,Pending,High quality product
TX_0000002039,CUST0250,2025-09-15,MZ-567,3,171000,Debit Card,22.0,Completed,
TX_0000001530,CUST0193,2025-09-19,ZA-175,23,155000,Credit Card,32.0,Completed,
TX_0000001664,CUST0207,2025-09-18,BB-366,22,495000,Bank Transfer,20.0,Completed,
TX_0000005451,CUST0661,2025-09-08,XF-066,37,240000,Cash,5.0,Completed,
TX_0000008097,CUST0984,2025-01-31,HA-841,2,82000,Credit Card,36.0,Completed,
TX_0000007966,CUST0968,2024-11-23,BX-902,19,211000,Credit Card,42.0,Completed,
TX_0000008127,CUST0989,2024-11-20,TY-545,38,182000,Cash,44.0,Completed,
TX_0000003628,CUST0434,2024-11-13,ZI-966,21,134000,Debit Card,23.0,Completed,
TX_0000005740,CUST0627,2025-02-15,MA-914,25,246000,Credit Card,7.0,Completed,"Quality matches the price, decent enough"
TX_0000005148,CUST0622,2025-05-04,SS-552,5,60000,Credit Card,28.0,Completed,
TX_0000004892,CUST0589,2025-08-21,DK-435,23,474000,Bank Transfer,40.0,Completed,
TX_0000002694,CUST0327,2024-03-10,ZD-747,28,128000,Cash,35.0,Completed,Quality below expectations
TX_0000003061,CUST0373,2024-11-18,DJ-364,35,384000,Credit Card,19.0,Completed,
TX_0000001598,CUST0199,2024-12-20,WN-642,3,88000,Debit Card,25.0,Completed,"Quality product, satisfying service"
TX_0000006701,CUST0811,2025-08-11,JC-225,36,366000,Cash,39.0,Cancelled,Price worth it for the quality
TX_0000002730,CUST0331,2024-11-18,EN-769,22,339000,Credit Card,14.0,Completed,"Defective item, please replace"
TX_0000002626,CUST0320,2024-12-28,SI-406,23,316000,Bank Transfer,16.0,Completed,
TX_0000005916,CUST0715,2024-08-29,ZR-503,31,124000,E-wallet,40.0,Completed,
TX_0000003158,CUST0384,2025-01-31,LZ-322,29,340000,E-wallet,41.0,Completed,
TX_0000003315,CUST0401,2024-12-03,UW-277,12,300000,Credit Card,17.0,Completed,"Amazing product, exceeds expectations"
TX_0000001723,CUST0213,2024-10-14,UU-951,29,200000,Credit Card,36.0,Completed,
TX_0000005280,CUST0639,2024-09-20,SL-174,22,480000,Credit Card,42.0,Completed,
TX_0000006669,CUST0807,2024-11-02,EU-021,8,373000,Cash,17.0,Completed,Poor quality for this price
TX_0000001060,CUST0129,2024-10-01,QC-557,27,122000,Credit Card,27.0,Completed,
TX_0000004637,CUST0557,2024-09-29,OD-087,23,251000,E-wallet,48.0,Completed,
TX_0000003243,CUST0393,2024-10-31,CI-976,38,132000,Cash,42.0,Completed,Good product for this price range
TX_0000001679,CUST0208,2024-11-14,ER-626,36,302000,E-wallet,19.0,Completed,"Quality is okay, affordable price"
TX_0000006893,CUST0837,2025-09-02,OD-067,5,145000,Bank Transfer,50.0,Cancelled,
TX_0000006375,CUST0771,2025-07-20,JC-709,14,447000,Credit Card,27.0,Completed,"Responsive seller, good problem solving"
TX_0000007575,CUST0921,2024-08-08,VL-065,31,121000,Cash,28.0,Completed,"Original item, fast shipping"
TX_0000006629,CUST0801,2025-01-27,ZL-810,35,124000,E-wallet,49.0,Completed,
TX_0000001758,CUST0216,2025-01-04,XE-578,12,435000,Debit Card,19.0,Completed,
TX_0000006020,CUST0728,2025-03-22,EV-668,32,278000,E-wallet,13.0,Completed,"Slow shipping, ordinary item"
TX_0000004192,CUST0508,2025-05-11,AO-423,17,189000,Credit Card,44.0,Completed,Responsive and helpful seller
TX_0000005117,CUST0619,2025-01-30,CK-064,8,124000,E-wallet,46.0,Completed,
TX_0000000564,CUST0679,2025-09-23,PT-965,3,270000,Credit Card,12.0,Completed,
TX_0000007409,CUST0898,2025-01-19,NN-213,23,446000,Cash,13.0,Completed,
TX_0000002791,CUST0340,2025-05-10,VF-779,32,406000,Debit Card,40.0,Completed,
TX_0000000864,CUST0108,2025-03-02,IT-340,39,89000,Debit Card,20.0,Completed,
TX_0000007743,CUST0942,2025-09-15,BI-326,26,457000,Debit Card,38.0,Completed,
TX_0000007859,CUST0957,2025-08-19,AI-260,21,227000,Bank Transfer,39.0,Completed,
TX_0000001485,CUST0188,2025-09-24,KX-788,14,281000,Debit Card,6.0,Completed,"Quality is okay, affordable price"
TX_0000007036,CUST0856,2024-12-23,PL-339,21,189000,Cash,22.0,Completed,A bit disappointing for this price
TX_0000007722,CUST0939,2025-09-16,NO-795,32,414000,Cash,42.0,Completed,Shipping delayed but item is good
TX_0000005978,CUST0723,2025-09-22,FG-401,4,357000,Credit Card,30.0,Completed,
TX_0000005135,CUST0621,2025-03-18,QK-481,36,496000,Cash,29.0,Cancelled,
TX_0000000207,CUST0024,2024-10-15,EW-959,40,113000,E-wallet,,Completed,
TX_0000004489,CUST0542,2025-06-14,RT-444,37,464000,Bank Transfer,21.0,Completed,Standard quality for the price
TX_0000006939,CUST0843,2025-07-09,RK-684,25,397000,Cash,34.0,Completed,"Fast shipping, neat packaging"
TX_0000000871,CUST0109,2025-09-13,MO-612,14,376000,Cash,24.0,Completed,"Slow shipping, ordinary item"
TX_0000004494,CUST0543,2025-02-06,TL-579,7,392000,Bank Transfer,38.0,Completed,
TX_0000006911,CUST0839,2025-09-13,EV-798,9,238000,Credit Card,11.0,Completed,
TX_0000000503,CUST0065,2025-02-09,BI-410,7,93000,Credit Card,23.0,Completed,
TX_0000007386,CUST0896,2025-04-26,BU-963,18,472000,Credit Card,37.0,Completed,
TX_0000001029,CUST0127,2025-08-03,QM-951,22,354000,Credit Card,30.0,Completed,
TX_0000003841,CUST0458,2024-11-10,RN-253,39,108000,E-wallet,16.0,Refunded,A bit overpriced in my opinion
TX_0000002691,CUST0327,2024-11-27,UJ-187,29,152000,Credit Card,11.0,Pending,
TX_0000005582,CUST0678,2025-05-12,QL-811,37,491000,Debit Card,28.0,Cancelled,
TX_0000006757,CUST0820,2025-03-23,KA-552,26,381000,E-wallet,20.0,Cancelled,A bit disappointing for this price
TX_0000007907,CUST0961,2025-06-23,VW-664,28,843000,Cash,11.0,Completed,
TX_0000005057,CUST0610,2025-03-29,IU-708,25,121000,Credit Card,0.0,Completed,
TX_0000001571,CUST0196,2025-09-19,KO-188,1,446000,Bank Transfer,9.0,Completed,
TX_0000002774,CUST0336,2024-12-25,MG-643,19,437000,Credit Card,40.0,Refunded,
TX_0000005992,CUST0724,2025-02-01,KP-219,35,258000,Cash,20.0,Completed,"Amazing product, exceeds expectations"
TX_0000002732,CUST0331,2024-10-28,ZU-598,31,146000,E-wallet,11.0,Refunded,
TX_0000006243,CUST0756,2025-03-11,SV-360,22,293000,Debit Card,2.0,Completed,"Defective item, please replace"
TX_0000000805,CUST0102,2024-12-26,OY-499,31,112000,Bank Transfer,,Completed,
TX_0000005848,CUST0706,2024-10-07,XU-944,20,360000,Cash,,Completed,
TX_0000003646,CUST0435,2025-09-07,PT-941,39,276000,Debit Card,39.0,Completed,
TX_0000002455,CUST0300,2024-12-26,ZB-814,24,118000,Bank Transfer,5.0,Completed,
TX_0000004599,CUST0553,2025-01-08,DQ-212,35,346000,Bank Transfer,1.0,Completed,"Thank you, very recommended"
TX_0000007216,CUST0875,2025-03-07,EP-833,31,108000,Bank Transfer,26.0,Completed,"Quality matches the price, decent enough"
TX_0000003105,CUST0380,2024-07-24,ZA-238,34,176000,Bank Transfer,46.0,Completed,
TX_0000007074,CUST0858,2025-02-04,JP-192,22,464000,Cash,17.0,Completed,
TX_0000004876,CUST0587,2025-09-09,XZ-348,26,159000,Credit Card,6.0,Completed,Standard quality for the price
TX_0000005960,CUST0721,2025-03-01,GJ-808,23,437000,Credit Card,47.0,Completed,5 stars for this product
TX_0000000201,CUST0024,2024-12-15,QU-839,39,332000,Credit Card,3.0,Completed,Price matches quality
TX_0000006279,CUST0762,2025-01-02,ZO-495,3,334000,Cash,32.0,Completed,Item arrived safely
TX_0000003100,CUST0379,2024-11-22,VV-609,34,265000,Cash,24.0,Completed,"Honest seller, item as described"
TX_0000006185,CUST0748,2024-12-04,QJ-624,35,114000,Bank Transfer,19.0,Completed,Slightly disappointed with the finishing
TX_0000007162,CUST0868,2024-07-28,FN-254,28,239000,E-wallet,35.0,Completed,A bit overpriced in my opinion
TX_0000002279,CUST0279,2025-02-25,AU-681,23,81000,E-wallet,16.0,Completed,
TX_0000003562,CUST0429,2025-05-31,ZT-966,5,429000,E-wallet,39.0,Completed,
TX_0000005893,CUST0713,2024-10-03,OJ-762,16,368000,E-wallet,7.0,Completed,
TX_0000004475,CUST0541,2025-08-09,IL-227,20,474000,Debit Card,36.0,Completed,
TX_0000006433,CUST0778,2025-01-28,PP-564,25,181000,Bank Transfer,14.0,Completed,Response was slow but item is good
TX_0000004515,CUST0545,2024-06-19,FQ-202,38,329000,Bank Transfer,2.0,Completed,
TX_0000005795,CUST0699,2024-05-29,XR-252,35,1256000,Bank Transfer,43.0,Completed,
TX_0000000392,CUST0052,2025-09-19,DL-978,22,461000,Credit Card,19.0,Completed,
TX_0000006737,CUST0817,2024-12-29,GX-638,31,283000,Cash,11.0,Completed,
TX_0000005619,CUST0682,2024-12-01,ST-408,11,443000,Credit Card,7.0,Completed,
TX_0000005259,CUST0635,2025-02-28,JY-335,25,348000,Credit Card,42.0,Completed,
TX_0000007231,CUST0876,2024-10-21,YF-969,38,393000,Cash,9.0,Completed,
TX_0000001496,CUST0189,2024-12-18,VV-748,14,290000,Debit Card,26.0,Completed,Friendly and professional service
TX_0000002696,CUST0327,2024-12-13,YY-850,33,104000,Bank Transfer,39.0,Cancelled,"Amazing product, exceeds expectations"
TX_0000002028,CUST0248,2025-01-30,TW-237,1,367000,Cash,42.0,Completed,
TX_0000005249,CUST0634,2025-03-25,PI-865,29,109000,Cash,47.0,Refunded,"Thank you, very recommended"
TX_0000005464,CUST0662,2025-02-01,GF-669,37,238000,Debit Card,14.0,Completed,"Good product, meets expectations"
TX_0000002569,CUST0315,2025-03-02,FE-563,28,123000,Bank Transfer,18.0,Completed,Shipping delayed but item is good
TX_0000008007,CUST0973,2025-01-04,BC-672,16,212000,Debit Card,37.0,Completed,Item arrived in perfect condition
TX_0000008025,CUST0977,2025-04-15,TT-690,19,447000,Debit Card,,Completed,Original and quality item
TX_0000000065,CUST0009,2024-05-24,HG-797,6,330000,Cash,9.0,Completed,
TX_0000003885,CUST0464,2025-02-28,IP-162,21,296000,Cash,46.0,Completed,"Product meets expectations, great"
TX_0000002063,CUST0253,2024-10-31,MW-786,20,468000,E-wallet,41.0,Completed,Price matches quality
TX_0000005277,CUST0638,2025-06-07,NE-051,28,188000,Cash,37.0,Completed,
TX_0000007209,CUST0874,2025-04-10,ZQ-174,24,142000,E-wallet,44.0,Completed,Price worth it for the quality
TX_0000000493,CUST0064,2024-11-09,EU-342,18,448000,Bank Transfer,23.0,Completed,
TX_0000000380,CUST0051,2024-12-29,PX-372,21,700,Bank Transfer,14.0,Completed,"Product matches photo, good quality"
TX_0000006332,CUST0767,2025-03-22,XC-282,36,369000,E-wallet,35.0,Completed,
TX_0000004860,CUST0585,2024-11-30,YH-854,4,226000,Credit Card,25.0,Completed,
TX_0000006361,CUST0770,2025-03-09,HT-001,40,396000,Cash,18.0,Completed,
TX_0000003994,CUST0477,2025-09-19,HG-118,37,288000,Debit Card,17.0,Cancelled,
TX_0000004888,CUST0589,2025-06-23,WB-921,32,379000,Debit Card,47.0,Completed,
TX_0000001077,CUST0133,2024-11-17,AT-722,15,417000,Credit Card,42.0,Completed,Slightly disappointed with the finishing
TX_0000000879,CUST0111,2025-04-20,KC-132,30,379000,Debit Card,17.0,Completed,
TX_0000000338,CUST0044,2025-03-06,DS-275,12,140000,E-wallet,17.0,Completed,"Original item, fast shipping"
TX_0000007917,CUST0962,2025-09-11,XU-933,8,302000,Cash,40.0,Completed,
TX_0000006864,CUST0832,2024-11-08,PU-218,40,209000,Debit Card,7.0,Completed,A bit overpriced in my opinion
TX_0000007893,CUST0960,2025-08-16,PA-247,29,250000,Debit Card,,Completed,
TX_0000006440,CUST0778,2025-03-26,MJ-955,38,191000,Credit Card,4.0,Completed,"Product matches photo, good quality"
TX_0000007870,CUST0958,2025-08-13,OP-860,5,413000,Cash,44.0,Completed,
TX_0000001017,CUST0126,2025-01-01,AQ-744,21,291000,Debit Card,17.0,Completed,Responsive and helpful seller
TX_0000001276,CUST0158,2025-08-27,KY-180,40,269000,Debit Card,4.0,Completed,
TX_0000003799,CUST0454,2025-06-23,MN-922,20,260000,Bank Transfer,40.0,Refunded,
TX_0000007630,CUST0928,2025-06-22,BS-262,29,125000,Credit Card,9.0,Completed,
TX_0000004552,CUST0549,2024-09-29,OR-012,17,433000,E-wallet,36.0,Completed,"Slow shipping, ordinary item"
TX_0000003343,CUST0405,2024-10-23,LY-753,34,103000,E-wallet,36.0,Completed,
TX_0000004912,CUST0593,2024-10-02,KS-142,22,257000,E-wallet,22.0,Completed,Very slow shipping
TX_0000008031,CUST0977,2025-02-10,PS-519,38,230000,Debit Card,,Completed,
TX_0000006414,CUST0776,2025-02-24,JV-065,36,426000,Bank Transfer,8.0,Completed,"Amazing product, highly recommended"
TX_0000000996,CUST0123,2024-12-25,HG-061,10,310000,Bank Transfer,30.0,Cancelled,"Great product, will order again"
TX_0000001982,CUST0241,2024-10-02,NW-464,18,364000,E-wallet,45.0,Completed,
TX_0000004298,CUST0519,2025-03-17,DO-426,22,252000,Debit Card,2.0,Completed,
TX_0000000162,CUST0020,2025-07-20,HU-390,22,314000,Bank Transfer,40.0,Completed,Doesn't match my expectations
TX_0000005676,CUST0689,2024-12-03,KA-732,38,499000,Bank Transfer,48.0,Completed,
TX_0000006874,CUST0835,2024-11-25,UK-005,1,307000,E-wallet,17.0,Completed,
TX_0000006546,CUST0793,2025-03-13,MB-430,16,296000,Cash,19.0,Completed,
TX_0000004799,CUST0578,2025-06-29,WI-972,12,216000,Cash,10.0,Cancelled,Doesn't meet expectations
TX_0000001501,CUST0189,2025-01-26,KQ-876,21,405000,Cash,36.0,Completed,
TX_0000007990,CUST0970,2025-03-08,SP-388,24,321000,E-wallet,30.0,Completed,
TX_0000003844,CUST0458,2024-08-23,II-471,25,171000,Debit Card,32.0,Completed,"100% original item, recommended"
TX_0000005226,CUST0630,2024-12-10,CJ-217,21,102000,E-wallet,27.0,Completed,"Seller communicative, item is good"
TX_0000002614,CUST0318,2024-09-28,OV-313,1,95000,Debit Card,19.0,Completed,"Premium quality product, excellent"
TX_0000003462,CUST0417,2025-01-18,PS-799,15,334000,Bank Transfer,7.0,Completed,
TX_0000001022,CUST0126,2025-05-27,OR-827,29,242000,Bank Transfer,9.0,Completed,Size doesn't match expectations
TX_0000003074,CUST0376,2024-10-31,AM-223,17,359000,Cash,27.0,Completed,
TX_0000007556,CUST0915,2024-11-09,WZ-110,14,350000,Credit Card,21.0,Completed,Shipping delayed but item is good
TX_0000003944,CUST0473,2025-01-30,SN-075,39,339000,Cash,33.0,Completed,
TX_0000001586,CUST0198,2025-08-20,DQ-802,29,352000,Debit Card,37.0,Refunded,
TX_0000001956,CUST0238,2025-01-25,PY-331,26,188000,Cash,19.0,Cancelled,
TX_0000003153,CUST0383,2025-01-03,DW-657,40,410000,Cash,41.0,Cancelled,
TX_0000006350,CUST0768,2025-09-05,MG-850,38,147000,Credit Card,1.0,Pending,High quality product
TX_0000000035,CUST0005,2025-09-07,DF-900,37,425000,Credit Card,38.0,Completed,
TX_0000004015,CUST0482,2025-02-04,DB-999,5,363000,E-wallet,31.0,Completed,
TX_0000000776,CUST0097,2024-07-22,BW-168,1,157000,E-wallet,21.0,Completed,
TX_0000002557,CUST0314,2025-07-02,JO-359,17,124000,Bank Transfer,42.0,Completed,"Safe shipping, nothing damaged"
TX_0000007596,CUST0923,2025-03-08,VH-759,19,152000,Bank Transfer,40.0,Completed,
TX_0000001479,CUST0187,2024-10-05,PH-102,2,67000,E-wallet,43.0,Completed,
TX_0000007100,CUST0860,2025-08-10,LU-175,30,152000,Cash,21.0,Cancelled,Quality below expectations
TX_0000005487,CUST0665,2025-09-23,NW-199,1,398000,Credit Card,45.0,Completed,Shipping delayed but item is good
TX_0000006236,CUST0756,2024-11-28,IX-051,30,376000,Debit Card,7.0,Completed,
TX_0000001364,CUST0169,2025-04-02,YU-426,29,198000,Bank Transfer,8.0,Completed,
TX_0000007042,CUST0856,2025-03-14,GY-828,25,496000,Credit Card,28.0,Completed,
TX_0000002613,CUST0318,2025-02-19,BE-788,24,326000,Cash,48.0,Completed,
TX_0000007514,CUST0910,2024-11-06,EJ-840,15,370000,Bank Transfer,9.0,Completed,
TX_0000002825,CUST0345,2024-11-21,EN-460,28,300000,Credit Card,30.0,Completed,"Competitive price, decent quality"
TX_0000002042,CUST0250,2025-09-18,SI-896,15,272000,Cash,8.0,Completed,
TX_0000000242,CUST0031,2025-04-21,IR-370,2,226000,Bank Transfer,36.0,Completed,
TX_0000002062,CUST0253,2025-02-21,UE-512,31,349000,E-wallet,49.0,Refunded,"Honest seller, item as described"
TX_0000002364,CUST0290,2024-11-02,XB-180,14,126000,E-wallet,30.0,Completed,"Amazing product, highly recommended"
TX_0000000601,CUST0074,2025-08-24,IT-431,23,458000,E-wallet,48.0,Completed,
TX_0000002436,CUST0299,2025-07-05,UB-813,17,407000,Cash,49.0,Cancelled,
TX_0000005394,CUST0656,2025-07-23,AK-345,23,368000,Debit Card,13.0,Completed,
TX_0000006311,CUST0765,2025-06-02,UQ-332,8,319000,Bank Transfer,28.0,Completed,
TX_0000002889,CUST0355,2025-05-16,IZ-997,15,208000,Cash,,Cancelled,
TX_0000006165,CUST0745,2025-08-23,EE-088,21,211000,E-wallet,,Completed,Shipping a bit slow but good item
TX_0000000647,CUST0080,2025-06-10,PN-688,25,487000,Debit Card,16.0,Completed,
TX_0000003891,CUST0465,2024-10-30,OA-834,12,195000,Credit Card,18.0,Completed,"Quality matches the price, decent enough"
TX_0000003557,CUST0429,2025-02-28,RG-433,23,253000,Bank Transfer,36.0,Completed,"Good item, express shipping"
TX_0000003203,CUST0388,2024-12-14,ZJ-393,23,484000,E-wallet,15.0,Completed,A bit overpriced in my opinion
TX_0000001529,CUST0192,2024-10-30,UQ-590,34,160000,Debit Card,14.0,Completed,
TX_0000006976,CUST0848,2024-10-28,HJ-476,34,258000,E-wallet,32.0,Completed,
TX_0000001268,CUST0157,2024-12-18,PH-282,20,385000,Bank Transfer,13.0,Completed,"Safe packaging, not damaged"
TX_0000007735,CUST0941,2025-03-20,VH-594,24,240000,Cash,26.0,Completed,
TX_0000001900,CUST0231,2024-11-05,FR-788,22,280000,Credit Card,30.0,Completed,
TX_0000004659,CUST0559,2025-07-24,TY-529,22,494000,Debit Card,29.0,Completed,
TX_0000003006,CUST0368,2025-03-11,KJ-504,18,429000,E-wallet,45.0,Completed,
TX_0000002735,CUST0331,2025-01-30,KR-019,21,102000,Cash,35.0,Cancelled,"Quality product, attractive packaging"
TX_0000007102,CUST0861,2024-06-07,ZK-956,33,271000,Cash,29.0,Completed,
TX_0000000190,CUST0023,2025-02-03,WP-635,17,227000,Bank Transfer,40.0,Completed,
TX_0000001807,CUST0221,2025-05-26,LC-227,35,404000,Bank Transfer,24.0,Completed,
TX_0000000976,CUST0121,2024-09-30,CT-355,20,393000,Bank Transfer,16.0,Completed,
TX_0000002748,CUST0333,2025-02-23,YO-226,21,455000,E-wallet,31.0,Completed,Bit overpriced but quality is okay
TX_0000007644,CUST0930,2025-07-30,TX-175,4,471000,Bank Transfer,,Completed,
TX_0000002048,CUST0251,2025-02-26,LU-855,2,384000,Bank Transfer,20.0,Completed,
TX_0000007850,CUST0955,2025-02-17,DY-650,37,420000,E-wallet,20.0,Refunded,
TX_0000002559,CUST0314,2025-08-24,AL-353,34,275000,Credit Card,37.0,Completed,"Competitive price, decent quality"
TX_0000001083,CUST0134,2024-07-08,OM-208,34,390000,Credit Card,20.0,Completed,Price worth it for the quality
TX_0000000475,CUST0062,2024-11-05,DQ-567,39,172000,Credit Card,40.0,Completed,A bit disappointing for this price
TX_0000007729,CUST0940,2025-02-15,CM-754,33,236000,Debit Card,30.0,Refunded,
TX_0000002905,CUST0357,2025-05-13,CO-781,39,347000,Bank Transfer,22.0,Completed,"Product meets expectations, will buy again"
TX_0000004844,CUST0583,2025-02-23,GC-458,19,120000,E-wallet,,Completed,
TX_0000006397,CUST0774,2024-12-19,BG-008,30,461000,Credit Card,23.0,Completed,
TX_0000004118,CUST0498,2025-09-09,EO-158,28,335000,Cash,,Cancelled,"Amazing product, highly recommended"
TX_0000003386,CUST0409,2025-08-08,BV-830,31,215000,E-wallet,44.0,Completed,"Packaging not neat, but item is okay"
TX_0000004556,CUST0550,2024-05-08,XP-277,13,144000,Credit Card,35.0,Completed,"Item matches picture, very satisfied"
TX_0000001185,CUST0147,2024-10-25,FO-788,19,487000,Cash,46.0,Completed,
TX_0000006421,CUST0777,2024-12-13,ZH-357,22,203000,Debit Card,31.0,Completed,
TX_0000005052,CUST0610,2024-12-12,YA-340,33,346000,Debit Card,35.0,Completed,
TX_0000005312,CUST0644,2025-07-30,UH-694,36,33000,Credit Card,46.0,Completed,"Super fast shipping, thanks"
TX_0000002434,CUST0298,2025-03-27,RV-546,22,8000,Cash,30.0,Completed,"Responsive seller, good problem solving"
TX_0000006950,CUST0844,2025-02-06,WB-941,16,497000,E-wallet,33.0,Completed,
TX_0000007582,CUST0922,2025-06-13,CX-808,23,31000,Bank Transfer,32.0,Completed,
TX_0000005612,CUST0682,2025-05-20,OX-653,26,197000,E-wallet,7.0,Completed,
TX_0000002392,CUST0292,2025-08-14,WN-333,25,211000,Credit Card,36.0,Cancelled,
TX_0000000770,CUST0096,2025-03-22,ZX-238,15,500,Bank Transfer,,Completed,
TX_0000007477,CUST0906,2024-10-19,WX-453,17,326000,E-wallet,1.0,Completed,
TX_0000001686,CUST0209,2025-09-24,PU-893,25,208000,E-wallet,33.0,Completed,"Good product, meets expectations"
TX_0000000131,CUST0016,2025-06-13,FR-417,23,173000,Bank Transfer,7.0,Completed,
TX_0000007832,CUST0952,2025-07-19,AF-482,24,143000,Credit Card,20.0,Completed,
TX_0000002920,CUST0358,2025-02-14,EW-777,17,274000,Credit Card,43.0,Completed,
TX_0000003172,CUST0385,2025-09-02,WE-841,19,428000,Cash,29.0,Completed,Size doesn't match expectations
TX_0000003445,CUST0416,2025-09-16,EN-772,21,113000,E-wallet,48.0,Completed,
TX_0000006232,CUST0755,2024-07-17,IW-145,35,465000,Cash,33.0,Completed,
TX_0000005579,CUST0678,2025-05-28,PC-473,25,268000,Debit Card,0.0,Completed,
TX_0000004427,CUST0535,2025-03-24,RW-311,30,306000,Credit Card,35.0,Completed,"Good item, express shipping"
TX_0000005335,CUST0649,2025-03-26,FN-726,35,325000,Bank Transfer,12.0,Completed,
TX_0000000467,CUST0062,2025-07-26,IJ-250,2,425000,Cash,24.0,Completed,"Safe shipping, nothing damaged"
TX_0000006266,CUST0760,2025-08-01,XC-805,16,110000,Debit Card,48.0,Completed,Price worth it for the quality
TX_0000005735,CUST0695,2025-09-24,GA-889,31,132000,Debit Card,24.0,Completed,Very satisfied with this purchase
TX_0000005192,CUST0627,2023-12-23,SM-851,40,377000,Cash,3.0,Completed,
TX_0000005391,CUST0655,2024-10-10,SV-067,2,83000,Debit Card,42.0,Completed,"Item damaged upon arrival, disappointed"
TX_0000000861,CUST0107,2024-11-16,IR-720,23,112000,Debit Card,48.0,Completed,"Honest seller, item as described"
TX_0000007271,CUST0882,2025-02-08,ES-840,26,261000,Bank Transfer,31.0,Completed,Bit overpriced but quality is okay
